[21-Jul-2026 11:41:57 Asia/Tehran] Catalogue database unavailable; JSON fallback selected.
[21-Jul-2026 11:42:23 Asia/Tehran] Catalogue database unavailable; JSON fallback selected.
[21-Jul-2026 11:42:38 Asia/Tehran] Catalogue database unavailable; JSON fallback selected.
[21-Jul-2026 11:43:58 Asia/Tehran] Catalogue database unavailable; JSON fallback selected.
[21-Jul-2026 11:44:40 Asia/Tehran] Catalogue database unavailable; JSON fallback selected.
[21-Jul-2026 11:45:26 Asia/Tehran] Catalogue database unavailable; JSON fallback selected.
[21-Jul-2026 11:46:03 Asia/Tehran] Catalogue database unavailable; JSON fallback selected.
[21-Jul-2026 11:46:44 Asia/Tehran] Catalogue database unavailable; JSON fallback selected.
[21-Jul-2026 11:47:25 Asia/Tehran] Catalogue database unavailable; JSON fallback selected.
[21-Jul-2026 11:48:01 Asia/Tehran] Catalogue database unavailable; JSON fallback selected.
[21-Jul-2026 11:48:20 Asia/Tehran] Catalogue database unavailable; JSON fallback selected.
[21-Jul-2026 11:48:41 Asia/Tehran] Catalogue database unavailable; JSON fallback selected.
[21-Jul-2026 11:49:18 Asia/Tehran] Catalogue database unavailable; JSON fallback selected.
[21-Jul-2026 11:50:02 Asia/Tehran] Catalogue database unavailable; JSON fallback selected.
[21-Jul-2026 11:50:07 Asia/Tehran] Catalogue database unavailable; JSON fallback selected.
[21-Jul-2026 11:50:37 Asia/Tehran] Catalogue database unavailable; JSON fallback selected.
[21-Jul-2026 11:50:41 Asia/Tehran] Catalogue database unavailable; JSON fallback selected.
[21-Jul-2026 11:50:45 Asia/Tehran] Catalogue database unavailable; JSON fallback selected.
[21-Jul-2026 11:50:58 Asia/Tehran] Catalogue database unavailable; JSON fallback selected.
[21-Jul-2026 11:51:10 Asia/Tehran] Catalogue database unavailable; JSON fallback selected.
[21-Jul-2026 11:51:13 Asia/Tehran] Catalogue database unavailable; JSON fallback selected.
[21-Jul-2026 11:51:14 Asia/Tehran] Catalogue database unavailable; JSON fallback selected.
[21-Jul-2026 11:51:15 Asia/Tehran] Catalogue database unavailable; JSON fallback selected.
[21-Jul-2026 11:51:15 Asia/Tehran] Catalogue database unavailable; JSON fallback selected.
[21-Jul-2026 11:51:20 Asia/Tehran] Catalogue database unavailable; JSON fallback selected.
[21-Jul-2026 11:51:25 Asia/Tehran] Catalogue database unavailable; JSON fallback selected.
[21-Jul-2026 11:51:33 Asia/Tehran] Catalogue database unavailable; JSON fallback selected.
[21-Jul-2026 11:51:35 Asia/Tehran] Catalogue database unavailable; JSON fallback selected.
[21-Jul-2026 11:51:57 Asia/Tehran] Catalogue database unavailable; JSON fallback selected.
[21-Jul-2026 11:52:38 Asia/Tehran] Catalogue database unavailable; JSON fallback selected.
[21-Jul-2026 11:53:25 Asia/Tehran] Catalogue database unavailable; JSON fallback selected.
[21-Jul-2026 11:54:03 Asia/Tehran] Catalogue database unavailable; JSON fallback selected.
[21-Jul-2026 11:54:42 Asia/Tehran] Catalogue database unavailable; JSON fallback selected.
[21-Jul-2026 11:55:22 Asia/Tehran] Catalogue database unavailable; JSON fallback selected.
[21-Jul-2026 11:55:58 Asia/Tehran] Catalogue database unavailable; JSON fallback selected.
[21-Jul-2026 11:57:35 Asia/Tehran] Catalogue database unavailable; JSON fallback selected.
[21-Jul-2026 11:58:03 Asia/Tehran] Catalogue database unavailable; JSON fallback selected.
[21-Jul-2026 11:58:08 Asia/Tehran] Catalogue database unavailable; JSON fallback selected.
[21-Jul-2026 11:58:46 Asia/Tehran] Catalogue database unavailable; JSON fallback selected.
[21-Jul-2026 11:58:49 Asia/Tehran] Catalogue database unavailable; JSON fallback selected.
[21-Jul-2026 11:59:20 Asia/Tehran] Catalogue database unavailable; JSON fallback selected.
[21-Jul-2026 11:59:57 Asia/Tehran] Catalogue database unavailable; JSON fallback selected.
[21-Jul-2026 12:00:49 Asia/Tehran] Catalogue database unavailable; JSON fallback selected.
[21-Jul-2026 12:01:18 Asia/Tehran] Catalogue database unavailable; JSON fallback selected.
[21-Jul-2026 12:02:06 Asia/Tehran] Catalogue database unavailable; JSON fallback selected.
[21-Jul-2026 12:02:39 Asia/Tehran] Catalogue database unavailable; JSON fallback selected.
[21-Jul-2026 12:03:13 Asia/Tehran] Catalogue database unavailable; JSON fallback selected.
[21-Jul-2026 12:03:18 Asia/Tehran] Catalogue database unavailable; JSON fallback selected.
[21-Jul-2026 12:03:59 Asia/Tehran] Catalogue database unavailable; JSON fallback selected.
[21-Jul-2026 12:04:38 Asia/Tehran] Catalogue database unavailable; JSON fallback selected.
[21-Jul-2026 12:05:19 Asia/Tehran] Catalogue database unavailable; JSON fallback selected.
[21-Jul-2026 12:06:08 Asia/Tehran] Catalogue database unavailable; JSON fallback selected.
[21-Jul-2026 12:06:18 Asia/Tehran] Catalogue database unavailable; JSON fallback selected.
[21-Jul-2026 12:06:40 Asia/Tehran] Catalogue database unavailable; JSON fallback selected.
[21-Jul-2026 12:07:19 Asia/Tehran] Catalogue database unavailable; JSON fallback selected.
[21-Jul-2026 12:08:35 Asia/Tehran] Catalogue database unavailable; JSON fallback selected.
[21-Jul-2026 12:08:36 Asia/Tehran] Catalogue database unavailable; JSON fallback selected.
[21-Jul-2026 12:08:38 Asia/Tehran] Catalogue database unavailable; JSON fallback selected.
[21-Jul-2026 12:08:57 Asia/Tehran] Catalogue database unavailable; JSON fallback selected.
[21-Jul-2026 12:08:58 Asia/Tehran] Catalogue database unavailable; JSON fallback selected.
[21-Jul-2026 12:08:59 Asia/Tehran] Catalogue database unavailable; JSON fallback selected.
[21-Jul-2026 12:08:59 Asia/Tehran] Catalogue database unavailable; JSON fallback selected.
[21-Jul-2026 12:09:24 Asia/Tehran] Catalogue database unavailable; JSON fallback selected.
[21-Jul-2026 12:09:24 Asia/Tehran] Catalogue database unavailable; JSON fallback selected.
[21-Jul-2026 12:09:44 Asia/Tehran] Catalogue database unavailable; JSON fallback selected.
[21-Jul-2026 12:09:59 Asia/Tehran] Catalogue database unavailable; JSON fallback selected.
[21-Jul-2026 12:10:05 Asia/Tehran] Catalogue database unavailable; JSON fallback selected.
[21-Jul-2026 12:10:40 Asia/Tehran] Catalogue database unavailable; JSON fallback selected.
[21-Jul-2026 12:11:18 Asia/Tehran] Catalogue database unavailable; JSON fallback selected.
[21-Jul-2026 12:12:03 Asia/Tehran] Catalogue database unavailable; JSON fallback selected.
[21-Jul-2026 12:12:17 Asia/Tehran] Catalogue database unavailable; JSON fallback selected.
[21-Jul-2026 12:12:44 Asia/Tehran] Catalogue database unavailable; JSON fallback selected.
[21-Jul-2026 12:13:17 Asia/Tehran] Catalogue database unavailable; JSON fallback selected.
[21-Jul-2026 12:14:15 Asia/Tehran] Catalogue database unavailable; JSON fallback selected.
[21-Jul-2026 12:14:39 Asia/Tehran] Catalogue database unavailable; JSON fallback selected.
[21-Jul-2026 12:16:09 Asia/Tehran] Catalogue database unavailable; JSON fallback selected.
[21-Jul-2026 12:16:43 Asia/Tehran] Catalogue database unavailable; JSON fallback selected.
[21-Jul-2026 12:17:03 Asia/Tehran] Catalogue database unavailable; JSON fallback selected.
[21-Jul-2026 12:17:58 Asia/Tehran] Catalogue database unavailable; JSON fallback selected.
[21-Jul-2026 12:18:38 Asia/Tehran] Catalogue database unavailable; JSON fallback selected.
[21-Jul-2026 12:19:21 Asia/Tehran] Catalogue database unavailable; JSON fallback selected.
[21-Jul-2026 12:19:29 Asia/Tehran] Catalogue database unavailable; JSON fallback selected.
[21-Jul-2026 12:20:04 Asia/Tehran] Catalogue database unavailable; JSON fallback selected.
[21-Jul-2026 12:20:34 Asia/Tehran] Catalogue database unavailable; JSON fallback selected.
[21-Jul-2026 12:20:39 Asia/Tehran] Catalogue database unavailable; JSON fallback selected.
[21-Jul-2026 12:21:00 Asia/Tehran] Catalogue database unavailable; JSON fallback selected.
[21-Jul-2026 12:21:18 Asia/Tehran] Catalogue database unavailable; JSON fallback selected.
[21-Jul-2026 12:22:04 Asia/Tehran] Catalogue database unavailable; JSON fallback selected.
[21-Jul-2026 12:22:40 Asia/Tehran] Catalogue database unavailable; JSON fallback selected.
[21-Jul-2026 12:23:23 Asia/Tehran] Catalogue database unavailable; JSON fallback selected.
[21-Jul-2026 12:23:57 Asia/Tehran] Catalogue database unavailable; JSON fallback selected.
[21-Jul-2026 12:24:52 Asia/Tehran] Catalogue database unavailable; JSON fallback selected.
[21-Jul-2026 12:25:18 Asia/Tehran] Catalogue database unavailable; JSON fallback selected.
[21-Jul-2026 12:25:58 Asia/Tehran] Catalogue database unavailable; JSON fallback selected.
[21-Jul-2026 12:26:40 Asia/Tehran] Catalogue database unavailable; JSON fallback selected.
[21-Jul-2026 12:27:17 Asia/Tehran] Catalogue database unavailable; JSON fallback selected.
[21-Jul-2026 12:28:10 Asia/Tehran] Catalogue database unavailable; JSON fallback selected.
[21-Jul-2026 12:28:19 Asia/Tehran] Catalogue database unavailable; JSON fallback selected.
[21-Jul-2026 12:28:40 Asia/Tehran] Catalogue database unavailable; JSON fallback selected.
[21-Jul-2026 12:29:18 Asia/Tehran] Catalogue database unavailable; JSON fallback selected.
[21-Jul-2026 12:29:22 Asia/Tehran] Catalogue database unavailable; JSON fallback selected.
[21-Jul-2026 12:29:23 Asia/Tehran] Catalogue database unavailable; JSON fallback selected.
[21-Jul-2026 12:29:58 Asia/Tehran] Catalogue database unavailable; JSON fallback selected.
[21-Jul-2026 12:30:30 Asia/Tehran] Catalogue database unavailable; JSON fallback selected.
[21-Jul-2026 12:30:47 Asia/Tehran] Catalogue database unavailable; JSON fallback selected.
[21-Jul-2026 12:31:21 Asia/Tehran] Catalogue database unavailable; JSON fallback selected.
[21-Jul-2026 12:32:09 Asia/Tehran] Catalogue database unavailable; JSON fallback selected.
[21-Jul-2026 12:32:37 Asia/Tehran] Catalogue database unavailable; JSON fallback selected.
[21-Jul-2026 12:33:19 Asia/Tehran] Catalogue database unavailable; JSON fallback selected.
[21-Jul-2026 12:34:00 Asia/Tehran] Catalogue database unavailable; JSON fallback selected.
[21-Jul-2026 12:34:32 Asia/Tehran] Catalogue database unavailable; JSON fallback selected.
[21-Jul-2026 12:34:41 Asia/Tehran] Catalogue database unavailable; JSON fallback selected.
[21-Jul-2026 12:34:48 Asia/Tehran] Catalogue database unavailable; JSON fallback selected.
[21-Jul-2026 12:34:59 Asia/Tehran] Catalogue database unavailable; JSON fallback selected.
[21-Jul-2026 12:35:19 Asia/Tehran] Catalogue database unavailable; JSON fallback selected.
[21-Jul-2026 12:35:23 Asia/Tehran] Catalogue database unavailable; JSON fallback selected.
[21-Jul-2026 12:36:39 Asia/Tehran] Catalogue database unavailable; JSON fallback selected.
[21-Jul-2026 12:37:22 Asia/Tehran] Catalogue database unavailable; JSON fallback selected.
[21-Jul-2026 12:37:30 Asia/Tehran] Catalogue database unavailable; JSON fallback selected.
[21-Jul-2026 12:38:42 Asia/Tehran] Catalogue database unavailable; JSON fallback selected.
[21-Jul-2026 12:39:17 Asia/Tehran] Catalogue database unavailable; JSON fallback selected.
[21-Jul-2026 12:39:52 Asia/Tehran] Catalogue database unavailable; JSON fallback selected.
[21-Jul-2026 12:39:58 Asia/Tehran] Catalogue database unavailable; JSON fallback selected.
[21-Jul-2026 12:40:38 Asia/Tehran] Catalogue database unavailable; JSON fallback selected.
[21-Jul-2026 12:41:17 Asia/Tehran] Catalogue database unavailable; JSON fallback selected.
[21-Jul-2026 12:41:57 Asia/Tehran] Catalogue database unavailable; JSON fallback selected.
[21-Jul-2026 12:42:37 Asia/Tehran] Catalogue database unavailable; JSON fallback selected.
[21-Jul-2026 12:43:16 Asia/Tehran] Catalogue database unavailable; JSON fallback selected.
[21-Jul-2026 12:43:59 Asia/Tehran] Catalogue database unavailable; JSON fallback selected.
[21-Jul-2026 12:44:37 Asia/Tehran] Catalogue database unavailable; JSON fallback selected.
[21-Jul-2026 12:45:18 Asia/Tehran] Catalogue database unavailable; JSON fallback selected.
[21-Jul-2026 12:46:07 Asia/Tehran] Catalogue database unavailable; JSON fallback selected.
[21-Jul-2026 12:46:41 Asia/Tehran] Catalogue database unavailable; JSON fallback selected.
[21-Jul-2026 12:47:05 Asia/Tehran] Catalogue database unavailable; JSON fallback selected.
[21-Jul-2026 12:47:19 Asia/Tehran] Catalogue database unavailable; JSON fallback selected.
[21-Jul-2026 12:47:57 Asia/Tehran] Catalogue database unavailable; JSON fallback selected.
[21-Jul-2026 12:48:41 Asia/Tehran] Catalogue database unavailable; JSON fallback selected.
[21-Jul-2026 12:49:27 Asia/Tehran] Catalogue database unavailable; JSON fallback selected.
[21-Jul-2026 12:49:59 Asia/Tehran] Catalogue database unavailable; JSON fallback selected.
[21-Jul-2026 12:50:10 Asia/Tehran] Catalogue database unavailable; JSON fallback selected.
[21-Jul-2026 12:50:38 Asia/Tehran] Catalogue database unavailable; JSON fallback selected.
[21-Jul-2026 12:51:29 Asia/Tehran] Catalogue database unavailable; JSON fallback selected.
[21-Jul-2026 12:51:59 Asia/Tehran] Catalogue database unavailable; JSON fallback selected.
[21-Jul-2026 12:52:20 Asia/Tehran] Catalogue database unavailable; JSON fallback selected.
[21-Jul-2026 12:52:48 Asia/Tehran] Catalogue database unavailable; JSON fallback selected.
[21-Jul-2026 12:53:23 Asia/Tehran] Catalogue database unavailable; JSON fallback selected.
[21-Jul-2026 12:53:29 Asia/Tehran] Catalogue database unavailable; JSON fallback selected.
[21-Jul-2026 12:54:10 Asia/Tehran] Catalogue database unavailable; JSON fallback selected.
[21-Jul-2026 12:54:40 Asia/Tehran] Catalogue database unavailable; JSON fallback selected.
[21-Jul-2026 12:55:17 Asia/Tehran] Catalogue database unavailable; JSON fallback selected.
[21-Jul-2026 12:55:57 Asia/Tehran] Catalogue database unavailable; JSON fallback selected.
[21-Jul-2026 12:56:46 Asia/Tehran] Catalogue database unavailable; JSON fallback selected.
[21-Jul-2026 12:57:31 Asia/Tehran] Catalogue database unavailable; JSON fallback selected.
[21-Jul-2026 12:58:01 Asia/Tehran] Catalogue database unavailable; JSON fallback selected.
[21-Jul-2026 12:58:42 Asia/Tehran] Catalogue database unavailable; JSON fallback selected.
[21-Jul-2026 12:58:43 Asia/Tehran] Catalogue database unavailable; JSON fallback selected.
[21-Jul-2026 12:59:26 Asia/Tehran] Catalogue database unavailable; JSON fallback selected.
[21-Jul-2026 13:00:10 Asia/Tehran] Catalogue database unavailable; JSON fallback selected.
[21-Jul-2026 13:00:39 Asia/Tehran] Catalogue database unavailable; JSON fallback selected.
[21-Jul-2026 13:01:17 Asia/Tehran] Catalogue database unavailable; JSON fallback selected.
[21-Jul-2026 13:01:46 Asia/Tehran] Catalogue database unavailable; JSON fallback selected.
[21-Jul-2026 13:02:05 Asia/Tehran] Catalogue database unavailable; JSON fallback selected.
[21-Jul-2026 13:02:52 Asia/Tehran] Catalogue database unavailable; JSON fallback selected.
[21-Jul-2026 13:03:18 Asia/Tehran] Catalogue database unavailable; JSON fallback selected.
[21-Jul-2026 13:03:57 Asia/Tehran] Catalogue database unavailable; JSON fallback selected.
[21-Jul-2026 13:04:37 Asia/Tehran] Catalogue database unavailable; JSON fallback selected.
[21-Jul-2026 13:05:24 Asia/Tehran] Catalogue database unavailable; JSON fallback selected.
[21-Jul-2026 13:05:58 Asia/Tehran] Catalogue database unavailable; JSON fallback selected.
[21-Jul-2026 13:07:22 Asia/Tehran] Catalogue database unavailable; JSON fallback selected.
[21-Jul-2026 13:08:04 Asia/Tehran] Catalogue database unavailable; JSON fallback selected.
[21-Jul-2026 13:08:37 Asia/Tehran] Catalogue database unavailable; JSON fallback selected.
[21-Jul-2026 13:08:58 Asia/Tehran] Catalogue database unavailable; JSON fallback selected.
[21-Jul-2026 13:09:13 Asia/Tehran] Catalogue database unavailable; JSON fallback selected.
[21-Jul-2026 13:09:19 Asia/Tehran] Catalogue database unavailable; JSON fallback selected.
[21-Jul-2026 13:09:57 Asia/Tehran] Catalogue database unavailable; JSON fallback selected.
[21-Jul-2026 13:10:40 Asia/Tehran] Catalogue database unavailable; JSON fallback selected.
[21-Jul-2026 13:11:23 Asia/Tehran] Catalogue database unavailable; JSON fallback selected.
[21-Jul-2026 13:11:58 Asia/Tehran] Catalogue database unavailable; JSON fallback selected.
[21-Jul-2026 13:11:59 Asia/Tehran] Catalogue database unavailable; JSON fallback selected.
[21-Jul-2026 13:12:41 Asia/Tehran] Catalogue database unavailable; JSON fallback selected.
[21-Jul-2026 13:13:19 Asia/Tehran] Catalogue database unavailable; JSON fallback selected.
[21-Jul-2026 13:13:57 Asia/Tehran] Catalogue database unavailable; JSON fallback selected.
[21-Jul-2026 13:13:58 Asia/Tehran] Catalogue database unavailable; JSON fallback selected.
[21-Jul-2026 13:14:25 Asia/Tehran] Catalogue database unavailable; JSON fallback selected.
[21-Jul-2026 13:14:25 Asia/Tehran] Catalogue database unavailable; JSON fallback selected.
[21-Jul-2026 13:14:37 Asia/Tehran] Catalogue database unavailable; JSON fallback selected.
[21-Jul-2026 13:15:16 Asia/Tehran] Catalogue database unavailable; JSON fallback selected.
[21-Jul-2026 13:15:25 Asia/Tehran] Catalogue database unavailable; JSON fallback selected.
[21-Jul-2026 13:16:04 Asia/Tehran] Catalogue database unavailable; JSON fallback selected.
[21-Jul-2026 13:16:37 Asia/Tehran] Catalogue database unavailable; JSON fallback selected.
[21-Jul-2026 13:17:17 Asia/Tehran] Catalogue database unavailable; JSON fallback selected.
[21-Jul-2026 13:18:03 Asia/Tehran] Catalogue database unavailable; JSON fallback selected.
[21-Jul-2026 13:18:38 Asia/Tehran] Catalogue database unavailable; JSON fallback selected.
[21-Jul-2026 13:19:18 Asia/Tehran] Catalogue database unavailable; JSON fallback selected.
[21-Jul-2026 13:20:01 Asia/Tehran] Catalogue database unavailable; JSON fallback selected.
[21-Jul-2026 13:20:38 Asia/Tehran] Catalogue database unavailable; JSON fallback selected.
[21-Jul-2026 13:20:52 Asia/Tehran] Catalogue database unavailable; JSON fallback selected.
[21-Jul-2026 13:21:19 Asia/Tehran] Catalogue database unavailable; JSON fallback selected.
[21-Jul-2026 13:22:09 Asia/Tehran] Catalogue database unavailable; JSON fallback selected.
[21-Jul-2026 13:22:43 Asia/Tehran] Catalogue database unavailable; JSON fallback selected.
[21-Jul-2026 13:22:59 Asia/Tehran] Catalogue database unavailable; JSON fallback selected.
[21-Jul-2026 13:23:25 Asia/Tehran] Catalogue database unavailable; JSON fallback selected.
[21-Jul-2026 13:24:41 Asia/Tehran] Catalogue database unavailable; JSON fallback selected.
[21-Jul-2026 13:25:27 Asia/Tehran] Catalogue database unavailable; JSON fallback selected.
[21-Jul-2026 13:25:59 Asia/Tehran] Catalogue database unavailable; JSON fallback selected.
[21-Jul-2026 13:26:40 Asia/Tehran] Catalogue database unavailable; JSON fallback selected.
[21-Jul-2026 13:27:18 Asia/Tehran] Catalogue database unavailable; JSON fallback selected.
[21-Jul-2026 13:27:58 Asia/Tehran] Catalogue database unavailable; JSON fallback selected.
[21-Jul-2026 13:28:37 Asia/Tehran] Catalogue database unavailable; JSON fallback selected.
[21-Jul-2026 13:29:24 Asia/Tehran] Catalogue database unavailable; JSON fallback selected.
[21-Jul-2026 13:29:29 Asia/Tehran] Catalogue database unavailable; JSON fallback selected.
[21-Jul-2026 13:29:56 Asia/Tehran] Catalogue database unavailable; JSON fallback selected.
[21-Jul-2026 13:30:45 Asia/Tehran] Catalogue database unavailable; JSON fallback selected.
[21-Jul-2026 13:31:09 Asia/Tehran] Catalogue database unavailable; JSON fallback selected.
[21-Jul-2026 13:31:35 Asia/Tehran] Catalogue database unavailable; JSON fallback selected.
[21-Jul-2026 13:32:05 Asia/Tehran] Catalogue database unavailable; JSON fallback selected.
[21-Jul-2026 13:32:42 Asia/Tehran] Catalogue database unavailable; JSON fallback selected.
[21-Jul-2026 13:33:18 Asia/Tehran] Catalogue database unavailable; JSON fallback selected.
[21-Jul-2026 13:33:59 Asia/Tehran] Catalogue database unavailable; JSON fallback selected.
[21-Jul-2026 13:34:46 Asia/Tehran] Catalogue database unavailable; JSON fallback selected.
[21-Jul-2026 13:35:19 Asia/Tehran] Catalogue database unavailable; JSON fallback selected.
[21-Jul-2026 13:35:58 Asia/Tehran] Catalogue database unavailable; JSON fallback selected.
[21-Jul-2026 13:37:19 Asia/Tehran] Catalogue database unavailable; JSON fallback selected.
[21-Jul-2026 13:37:51 Asia/Tehran] Catalogue database unavailable; JSON fallback selected.
[21-Jul-2026 13:38:12 Asia/Tehran] Catalogue database unavailable; JSON fallback selected.
[21-Jul-2026 13:38:16 Asia/Tehran] Catalogue database unavailable; JSON fallback selected.
[21-Jul-2026 13:39:20 Asia/Tehran] Catalogue database unavailable; JSON fallback selected.
[21-Jul-2026 13:39:59 Asia/Tehran] Catalogue database unavailable; JSON fallback selected.
[21-Jul-2026 13:40:43 Asia/Tehran] Catalogue database unavailable; JSON fallback selected.
[21-Jul-2026 13:41:17 Asia/Tehran] Catalogue database unavailable; JSON fallback selected.
[21-Jul-2026 13:42:00 Asia/Tehran] Catalogue database unavailable; JSON fallback selected.
[21-Jul-2026 13:42:37 Asia/Tehran] Catalogue database unavailable; JSON fallback selected.
[21-Jul-2026 13:43:00 Asia/Tehran] Catalogue database unavailable; JSON fallback selected.
[22-Jul-2026 23:33:59 Asia/Tehran] Catalogue database unavailable; JSON fallback selected.
[22-Jul-2026 23:34:04 Asia/Tehran] Catalogue database unavailable; JSON fallback selected.
[23-Jul-2026 19:34:11 Asia/Tehran] Catalogue database unavailable; JSON fallback selected.
[23-Jul-2026 22:17:53 Asia/Tehran] Catalogue database unavailable; JSON fallback selected.
[01-Aug-2026 14:26:41 Asia/Tehran] Catalogue database unavailable; JSON fallback selected.
[03-Aug-2026 22:35:17 Asia/Tehran] Catalogue database unavailable; JSON fallback selected.
[03-Aug-2026 22:35:17 Asia/Tehran] Admin database unavailable.
[03-Aug-2026 22:35:17 Asia/Tehran] Unhandled application error: RuntimeException
[03-Aug-2026 22:35:41 Asia/Tehran] Catalogue database unavailable; JSON fallback selected.
[03-Aug-2026 22:35:41 Asia/Tehran] Unhandled application error: Error
[03-Aug-2026 22:35:48 Asia/Tehran] Catalogue database unavailable; JSON fallback selected.
[03-Aug-2026 22:35:48 Asia/Tehran] Unhandled application error: Error
[03-Aug-2026 22:35:53 Asia/Tehran] Catalogue database unavailable; JSON fallback selected.
[03-Aug-2026 22:35:53 Asia/Tehran] Unhandled application error: Error
[03-Aug-2026 22:37:04 Asia/Tehran] Catalogue database unavailable; JSON fallback selected.
[03-Aug-2026 22:41:05 Asia/Tehran] Catalogue database unavailable; JSON fallback selected.
[03-Aug-2026 22:41:57 Asia/Tehran] Catalogue database unavailable; JSON fallback selected.
[03-Aug-2026 22:43:19 Asia/Tehran] Catalogue database unavailable; JSON fallback selected.
[03-Aug-2026 22:43:45 Asia/Tehran] Catalogue database unavailable; JSON fallback selected.
[03-Aug-2026 22:49:09 Asia/Tehran] Catalogue database unavailable; JSON fallback selected.
[03-Aug-2026 22:49:38 Asia/Tehran] Catalogue database unavailable; JSON fallback selected.
[03-Aug-2026 22:50:07 Asia/Tehran] Catalogue database unavailable; JSON fallback selected.
[03-Aug-2026 22:50:36 Asia/Tehran] Catalogue database unavailable; JSON fallback selected.
[03-Aug-2026 22:51:04 Asia/Tehran] Catalogue database unavailable; JSON fallback selected.
[03-Aug-2026 22:51:33 Asia/Tehran] Catalogue database unavailable; JSON fallback selected.
[03-Aug-2026 22:52:30 Asia/Tehran] Catalogue database unavailable; JSON fallback selected.
[03-Aug-2026 22:54:37 Asia/Tehran] Catalogue database unavailable; JSON fallback selected.
[03-Aug-2026 22:55:39 Asia/Tehran] Catalogue database unavailable; JSON fallback selected.
[03-Aug-2026 22:55:39 Asia/Tehran] Unhandled application error: Error
[03-Aug-2026 23:02:43 Asia/Tehran] Catalogue database unavailable; JSON fallback selected.
[03-Aug-2026 23:02:49 Asia/Tehran] Catalogue database unavailable; JSON fallback selected.
[03-Aug-2026 23:05:17 Asia/Tehran] Catalogue database unavailable; JSON fallback selected.
[03-Aug-2026 23:16:02 Asia/Tehran] Catalogue database unavailable; JSON fallback selected.
[03-Aug-2026 23:30:57 Asia/Tehran] Catalogue database unavailable; JSON fallback selected.
[03-Aug-2026 23:31:26 Asia/Tehran] Catalogue database unavailable; JSON fallback selected.
[03-Aug-2026 23:31:55 Asia/Tehran] Catalogue database unavailable; JSON fallback selected.
[03-Aug-2026 23:31:55 Asia/Tehran] Unhandled application error: Error
[03-Aug-2026 23:32:24 Asia/Tehran] Catalogue database unavailable; JSON fallback selected.
[03-Aug-2026 23:32:53 Asia/Tehran] Catalogue database unavailable; JSON fallback selected.
[03-Aug-2026 23:32:53 Asia/Tehran] Unhandled application error: Error
[03-Aug-2026 23:33:43 Asia/Tehran] Catalogue database unavailable; JSON fallback selected.
[03-Aug-2026 23:34:05 Asia/Tehran] Catalogue database unavailable; JSON fallback selected.
[03-Aug-2026 23:46:43 Asia/Tehran] Catalogue database unavailable; JSON fallback selected.
[03-Aug-2026 23:50:41 Asia/Tehran] Catalogue database unavailable; JSON fallback selected.
[03-Aug-2026 23:50:41 Asia/Tehran] Unhandled application error: Error
[03-Aug-2026 23:51:09 Asia/Tehran] Catalogue database unavailable; JSON fallback selected.
[03-Aug-2026 23:51:09 Asia/Tehran] Unhandled application error: Error
[03-Aug-2026 23:51:38 Asia/Tehran] Catalogue database unavailable; JSON fallback selected.
[03-Aug-2026 23:52:07 Asia/Tehran] Catalogue database unavailable; JSON fallback selected.
[03-Aug-2026 23:52:07 Asia/Tehran] Unhandled application error: Error
[03-Aug-2026 23:53:33 Asia/Tehran] Catalogue database unavailable; JSON fallback selected.
[03-Aug-2026 23:53:33 Asia/Tehran] Unhandled application error: Error
[03-Aug-2026 23:54:56 Asia/Tehran] Catalogue database unavailable; JSON fallback selected.
[03-Aug-2026 23:55:13 Asia/Tehran] Catalogue database unavailable; JSON fallback selected.
[03-Aug-2026 23:55:51 Asia/Tehran] Catalogue database unavailable; JSON fallback selected.
[03-Aug-2026 23:55:54 Asia/Tehran] Catalogue database unavailable; JSON fallback selected.
[03-Aug-2026 23:55:55 Asia/Tehran] Catalogue database unavailable; JSON fallback selected.
[03-Aug-2026 23:57:33 Asia/Tehran] Catalogue database unavailable; JSON fallback selected.
[04-Aug-2026 00:09:46 Asia/Tehran] Catalogue database unavailable; JSON fallback selected.
[04-Aug-2026 00:12:01 Asia/Tehran] Catalogue database unavailable; JSON fallback selected.
[04-Aug-2026 00:16:11 Asia/Tehran] Catalogue database unavailable; JSON fallback selected.
[04-Aug-2026 00:40:17 Asia/Tehran] Catalogue database unavailable; JSON fallback selected.
[04-Aug-2026 00:44:32 Asia/Tehran] Catalogue database unavailable; JSON fallback selected.
[04-Aug-2026 00:48:12 Asia/Tehran] Catalogue database unavailable; JSON fallback selected.
[04-Aug-2026 00:50:26 Asia/Tehran] Catalogue database unavailable; JSON fallback selected.
[04-Aug-2026 00:50:32 Asia/Tehran] Catalogue database unavailable; JSON fallback selected.
[04-Aug-2026 00:50:54 Asia/Tehran] Catalogue database unavailable; JSON fallback selected.
[04-Aug-2026 00:50:54 Asia/Tehran] Unhandled application error: Error
[04-Aug-2026 00:51:23 Asia/Tehran] Catalogue database unavailable; JSON fallback selected.
[04-Aug-2026 00:51:51 Asia/Tehran] Catalogue database unavailable; JSON fallback selected.
[04-Aug-2026 00:51:51 Asia/Tehran] Unhandled application error: Error
[04-Aug-2026 00:52:27 Asia/Tehran] Catalogue database unavailable; JSON fallback selected.
[04-Aug-2026 01:00:30 Asia/Tehran] Catalogue database unavailable; JSON fallback selected.
[04-Aug-2026 01:01:41 Asia/Tehran] Catalogue database unavailable; JSON fallback selected.
[04-Aug-2026 01:03:03 Asia/Tehran] Catalogue database unavailable; JSON fallback selected.
[04-Aug-2026 01:03:43 Asia/Tehran] Catalogue database unavailable; JSON fallback selected.
[04-Aug-2026 01:12:45 Asia/Tehran] Catalogue database unavailable; JSON fallback selected.
[04-Aug-2026 01:13:43 Asia/Tehran] Catalogue database unavailable; JSON fallback selected.
[04-Aug-2026 01:13:43 Asia/Tehran] Unhandled application error: Error
[04-Aug-2026 01:14:17 Asia/Tehran] Catalogue database unavailable; JSON fallback selected.
[04-Aug-2026 01:14:17 Asia/Tehran] Unhandled application error: Error
[04-Aug-2026 01:19:20 Asia/Tehran] Catalogue database unavailable; JSON fallback selected.
[04-Aug-2026 01:21:49 Asia/Tehran] Catalogue database unavailable; JSON fallback selected.
[04-Aug-2026 01:24:48 Asia/Tehran] Catalogue database unavailable; JSON fallback selected.
[04-Aug-2026 01:27:09 Asia/Tehran] Catalogue database unavailable; JSON fallback selected.
[04-Aug-2026 01:28:00 Asia/Tehran] Catalogue database unavailable; JSON fallback selected.
[04-Aug-2026 01:28:28 Asia/Tehran] Catalogue database unavailable; JSON fallback selected.
[04-Aug-2026 01:31:17 Asia/Tehran] Catalogue database unavailable; JSON fallback selected.
[04-Aug-2026 01:31:26 Asia/Tehran] Catalogue database unavailable; JSON fallback selected.
[04-Aug-2026 01:31:28 Asia/Tehran] Catalogue database unavailable; JSON fallback selected.
[04-Aug-2026 01:32:28 Asia/Tehran] Catalogue database unavailable; JSON fallback selected.
[04-Aug-2026 01:39:13 Asia/Tehran] Catalogue database unavailable; JSON fallback selected.
[04-Aug-2026 01:48:28 Asia/Tehran] Catalogue database unavailable; JSON fallback selected.
[04-Aug-2026 01:48:28 Asia/Tehran] Unhandled application error: Error
[04-Aug-2026 01:55:33 Asia/Tehran] Catalogue database unavailable; JSON fallback selected.
[04-Aug-2026 01:55:38 Asia/Tehran] Catalogue database unavailable; JSON fallback selected.
[04-Aug-2026 01:57:03 Asia/Tehran] Catalogue database unavailable; JSON fallback selected.
[04-Aug-2026 02:01:34 Asia/Tehran] Catalogue database unavailable; JSON fallback selected.
[04-Aug-2026 02:04:59 Asia/Tehran] Catalogue database unavailable; JSON fallback selected.
[04-Aug-2026 02:05:04 Asia/Tehran] Catalogue database unavailable; JSON fallback selected.
[04-Aug-2026 02:06:06 Asia/Tehran] Catalogue database unavailable; JSON fallback selected.
[04-Aug-2026 02:06:38 Asia/Tehran] Catalogue database unavailable; JSON fallback selected.
[04-Aug-2026 02:08:39 Asia/Tehran] Catalogue database unavailable; JSON fallback selected.
[04-Aug-2026 02:08:39 Asia/Tehran] Unhandled application error: Error
[04-Aug-2026 02:09:08 Asia/Tehran] Catalogue database unavailable; JSON fallback selected.
[04-Aug-2026 02:09:37 Asia/Tehran] Catalogue database unavailable; JSON fallback selected.
[04-Aug-2026 02:10:02 Asia/Tehran] Catalogue database unavailable; JSON fallback selected.
[04-Aug-2026 02:10:06 Asia/Tehran] Catalogue database unavailable; JSON fallback selected.
[04-Aug-2026 02:10:35 Asia/Tehran] Catalogue database unavailable; JSON fallback selected.
[04-Aug-2026 02:10:35 Asia/Tehran] Unhandled application error: Error
[04-Aug-2026 02:11:04 Asia/Tehran] Catalogue database unavailable; JSON fallback selected.
[04-Aug-2026 02:11:04 Asia/Tehran] Unhandled application error: Error
[04-Aug-2026 02:11:24 Asia/Tehran] Catalogue database unavailable; JSON fallback selected.
[04-Aug-2026 02:11:32 Asia/Tehran] Catalogue database unavailable; JSON fallback selected.
[04-Aug-2026 02:11:54 Asia/Tehran] Catalogue database unavailable; JSON fallback selected.
[04-Aug-2026 02:12:04 Asia/Tehran] Catalogue database unavailable; JSON fallback selected.
[04-Aug-2026 02:12:27 Asia/Tehran] Catalogue database unavailable; JSON fallback selected.
[04-Aug-2026 02:12:28 Asia/Tehran] Catalogue database unavailable; JSON fallback selected.
[04-Aug-2026 02:12:38 Asia/Tehran] Catalogue database unavailable; JSON fallback selected.
[04-Aug-2026 02:13:09 Asia/Tehran] Catalogue database unavailable; JSON fallback selected.
[04-Aug-2026 02:15:54 Asia/Tehran] Catalogue database unavailable; JSON fallback selected.
[04-Aug-2026 02:16:13 Asia/Tehran] Catalogue database unavailable; JSON fallback selected.
[04-Aug-2026 02:16:33 Asia/Tehran] Catalogue database unavailable; JSON fallback selected.
[04-Aug-2026 02:18:11 Asia/Tehran] Catalogue database unavailable; JSON fallback selected.
[04-Aug-2026 02:18:11 Asia/Tehran] Unhandled application error: Error
[04-Aug-2026 02:18:36 Asia/Tehran] Catalogue database unavailable; JSON fallback selected.
[04-Aug-2026 02:28:33 Asia/Tehran] Catalogue database unavailable; JSON fallback selected.
[04-Aug-2026 02:30:14 Asia/Tehran] Catalogue database unavailable; JSON fallback selected.
[04-Aug-2026 02:37:14 Asia/Tehran] Catalogue database unavailable; JSON fallback selected.
[04-Aug-2026 02:38:51 Asia/Tehran] Catalogue database unavailable; JSON fallback selected.
[04-Aug-2026 02:39:28 Asia/Tehran] Catalogue database unavailable; JSON fallback selected.
[04-Aug-2026 02:45:06 Asia/Tehran] Catalogue database unavailable; JSON fallback selected.
[04-Aug-2026 02:51:34 Asia/Tehran] Catalogue database unavailable; JSON fallback selected.
[04-Aug-2026 02:51:34 Asia/Tehran] Unhandled application error: Error
[04-Aug-2026 02:55:35 Asia/Tehran] Catalogue database unavailable; JSON fallback selected.
[04-Aug-2026 02:56:52 Asia/Tehran] Catalogue database unavailable; JSON fallback selected.
[04-Aug-2026 02:59:29 Asia/Tehran] Catalogue database unavailable; JSON fallback selected.
[04-Aug-2026 03:14:24 Asia/Tehran] Catalogue database unavailable; JSON fallback selected.
[04-Aug-2026 03:15:33 Asia/Tehran] Catalogue database unavailable; JSON fallback selected.
[04-Aug-2026 03:19:50 Asia/Tehran] Catalogue database unavailable; JSON fallback selected.
[04-Aug-2026 03:19:51 Asia/Tehran] Catalogue database unavailable; JSON fallback selected.
[04-Aug-2026 03:19:56 Asia/Tehran] Catalogue database unavailable; JSON fallback selected.
[04-Aug-2026 03:20:40 Asia/Tehran] Catalogue database unavailable; JSON fallback selected.
[04-Aug-2026 03:24:33 Asia/Tehran] Catalogue database unavailable; JSON fallback selected.
[04-Aug-2026 03:25:55 Asia/Tehran] Catalogue database unavailable; JSON fallback selected.
[04-Aug-2026 03:28:48 Asia/Tehran] Catalogue database unavailable; JSON fallback selected.
[04-Aug-2026 03:30:42 Asia/Tehran] Catalogue database unavailable; JSON fallback selected.
[04-Aug-2026 03:37:18 Asia/Tehran] Catalogue database unavailable; JSON fallback selected.
[04-Aug-2026 03:42:26 Asia/Tehran] Catalogue database unavailable; JSON fallback selected.
[04-Aug-2026 03:43:39 Asia/Tehran] Catalogue database unavailable; JSON fallback selected.
[04-Aug-2026 03:46:33 Asia/Tehran] Catalogue database unavailable; JSON fallback selected.
[04-Aug-2026 03:46:36 Asia/Tehran] Catalogue database unavailable; JSON fallback selected.
[04-Aug-2026 03:47:40 Asia/Tehran] Catalogue database unavailable; JSON fallback selected.
[04-Aug-2026 03:51:33 Asia/Tehran] Catalogue database unavailable; JSON fallback selected.
[04-Aug-2026 03:51:33 Asia/Tehran] Unhandled application error: Error
[04-Aug-2026 03:54:38 Asia/Tehran] Catalogue database unavailable; JSON fallback selected.
[04-Aug-2026 03:55:16 Asia/Tehran] Catalogue database unavailable; JSON fallback selected.
[04-Aug-2026 04:02:47 Asia/Tehran] Catalogue database unavailable; JSON fallback selected.
[04-Aug-2026 04:03:00 Asia/Tehran] Catalogue database unavailable; JSON fallback selected.
[04-Aug-2026 04:03:12 Asia/Tehran] Catalogue database unavailable; JSON fallback selected.
[04-Aug-2026 04:04:00 Asia/Tehran] Catalogue database unavailable; JSON fallback selected.
[04-Aug-2026 04:06:24 Asia/Tehran] Catalogue database unavailable; JSON fallback selected.
[04-Aug-2026 04:06:49 Asia/Tehran] Catalogue database unavailable; JSON fallback selected.
[04-Aug-2026 04:08:17 Asia/Tehran] Catalogue database unavailable; JSON fallback selected.
[04-Aug-2026 04:14:36 Asia/Tehran] Catalogue database unavailable; JSON fallback selected.
[04-Aug-2026 04:14:53 Asia/Tehran] Catalogue database unavailable; JSON fallback selected.
[04-Aug-2026 04:17:16 Asia/Tehran] Catalogue database unavailable; JSON fallback selected.
[04-Aug-2026 04:19:09 Asia/Tehran] Catalogue database unavailable; JSON fallback selected.
[04-Aug-2026 04:22:15 Asia/Tehran] Catalogue database unavailable; JSON fallback selected.
[04-Aug-2026 04:22:15 Asia/Tehran] Catalogue database unavailable; JSON fallback selected.
[04-Aug-2026 04:22:20 Asia/Tehran] Catalogue database unavailable; JSON fallback selected.
[04-Aug-2026 04:23:37 Asia/Tehran] Catalogue database unavailable; JSON fallback selected.
[04-Aug-2026 04:24:18 Asia/Tehran] Catalogue database unavailable; JSON fallback selected.
[04-Aug-2026 04:28:02 Asia/Tehran] Catalogue database unavailable; JSON fallback selected.
[04-Aug-2026 04:33:32 Asia/Tehran] Catalogue database unavailable; JSON fallback selected.
[04-Aug-2026 04:34:30 Asia/Tehran] Catalogue database unavailable; JSON fallback selected.
[04-Aug-2026 04:40:09 Asia/Tehran] Catalogue database unavailable; JSON fallback selected.
[04-Aug-2026 04:40:31 Asia/Tehran] Catalogue database unavailable; JSON fallback selected.
[04-Aug-2026 04:43:31 Asia/Tehran] Catalogue database unavailable; JSON fallback selected.
[04-Aug-2026 04:44:19 Asia/Tehran] Catalogue database unavailable; JSON fallback selected.
[04-Aug-2026 04:44:56 Asia/Tehran] Catalogue database unavailable; JSON fallback selected.
[04-Aug-2026 04:45:15 Asia/Tehran] Catalogue database unavailable; JSON fallback selected.
[04-Aug-2026 04:46:29 Asia/Tehran] Catalogue database unavailable; JSON fallback selected.
[04-Aug-2026 04:49:36 Asia/Tehran] Catalogue database unavailable; JSON fallback selected.
[04-Aug-2026 04:52:17 Asia/Tehran] Catalogue database unavailable; JSON fallback selected.
[04-Aug-2026 04:52:19 Asia/Tehran] Catalogue database unavailable; JSON fallback selected.
[04-Aug-2026 04:52:26 Asia/Tehran] Catalogue database unavailable; JSON fallback selected.
[04-Aug-2026 04:54:20 Asia/Tehran] Catalogue database unavailable; JSON fallback selected.
[04-Aug-2026 05:04:05 Asia/Tehran] Catalogue database unavailable; JSON fallback selected.
[04-Aug-2026 05:10:22 Asia/Tehran] Catalogue database unavailable; JSON fallback selected.
[04-Aug-2026 05:14:31 Asia/Tehran] Catalogue database unavailable; JSON fallback selected.
[04-Aug-2026 05:14:59 Asia/Tehran] Catalogue database unavailable; JSON fallback selected.
[04-Aug-2026 05:16:26 Asia/Tehran] Catalogue database unavailable; JSON fallback selected.
[04-Aug-2026 05:17:40 Asia/Tehran] Catalogue database unavailable; JSON fallback selected.
[04-Aug-2026 05:19:52 Asia/Tehran] Catalogue database unavailable; JSON fallback selected.
[04-Aug-2026 05:25:55 Asia/Tehran] Catalogue database unavailable; JSON fallback selected.
[04-Aug-2026 05:29:17 Asia/Tehran] Catalogue database unavailable; JSON fallback selected.
[04-Aug-2026 05:29:17 Asia/Tehran] Unhandled application error: Error
[04-Aug-2026 05:29:38 Asia/Tehran] Catalogue database unavailable; JSON fallback selected.
[04-Aug-2026 05:29:53 Asia/Tehran] Catalogue database unavailable; JSON fallback selected.
[04-Aug-2026 05:30:50 Asia/Tehran] Catalogue database unavailable; JSON fallback selected.
[04-Aug-2026 05:33:19 Asia/Tehran] Catalogue database unavailable; JSON fallback selected.
[04-Aug-2026 05:33:38 Asia/Tehran] Catalogue database unavailable; JSON fallback selected.
[04-Aug-2026 05:33:38 Asia/Tehran] Unhandled application error: Error
[04-Aug-2026 05:34:07 Asia/Tehran] Catalogue database unavailable; JSON fallback selected.
[04-Aug-2026 05:39:52 Asia/Tehran] Catalogue database unavailable; JSON fallback selected.
[04-Aug-2026 05:42:26 Asia/Tehran] Catalogue database unavailable; JSON fallback selected.
[04-Aug-2026 05:51:48 Asia/Tehran] Catalogue database unavailable; JSON fallback selected.
[04-Aug-2026 05:53:24 Asia/Tehran] Catalogue database unavailable; JSON fallback selected.
[04-Aug-2026 05:55:02 Asia/Tehran] Catalogue database unavailable; JSON fallback selected.
[04-Aug-2026 05:56:25 Asia/Tehran] Catalogue database unavailable; JSON fallback selected.
[04-Aug-2026 05:57:42 Asia/Tehran] Catalogue database unavailable; JSON fallback selected.
[04-Aug-2026 06:01:55 Asia/Tehran] Catalogue database unavailable; JSON fallback selected.
[04-Aug-2026 06:02:21 Asia/Tehran] Catalogue database unavailable; JSON fallback selected.
[04-Aug-2026 06:07:39 Asia/Tehran] Catalogue database unavailable; JSON fallback selected.
[04-Aug-2026 06:07:39 Asia/Tehran] Unhandled application error: Error
[04-Aug-2026 06:22:33 Asia/Tehran] Catalogue database unavailable; JSON fallback selected.
[04-Aug-2026 06:25:56 Asia/Tehran] Catalogue database unavailable; JSON fallback selected.
[04-Aug-2026 06:27:32 Asia/Tehran] Catalogue database unavailable; JSON fallback selected.
[04-Aug-2026 06:31:21 Asia/Tehran] Catalogue database unavailable; JSON fallback selected.
[04-Aug-2026 06:34:11 Asia/Tehran] Catalogue database unavailable; JSON fallback selected.
[04-Aug-2026 06:48:53 Asia/Tehran] Catalogue database unavailable; JSON fallback selected.
[04-Aug-2026 06:51:03 Asia/Tehran] Catalogue database unavailable; JSON fallback selected.
[04-Aug-2026 06:57:33 Asia/Tehran] Catalogue database unavailable; JSON fallback selected.
[04-Aug-2026 06:57:47 Asia/Tehran] Catalogue database unavailable; JSON fallback selected.
[04-Aug-2026 06:59:27 Asia/Tehran] Catalogue database unavailable; JSON fallback selected.
[04-Aug-2026 07:03:19 Asia/Tehran] Catalogue database unavailable; JSON fallback selected.
[04-Aug-2026 07:08:44 Asia/Tehran] Catalogue database unavailable; JSON fallback selected.
[04-Aug-2026 07:11:51 Asia/Tehran] Catalogue database unavailable; JSON fallback selected.
[04-Aug-2026 07:18:14 Asia/Tehran] Catalogue database unavailable; JSON fallback selected.
[04-Aug-2026 07:18:14 Asia/Tehran] Unhandled application error: Error
[04-Aug-2026 07:19:22 Asia/Tehran] Catalogue database unavailable; JSON fallback selected.
[04-Aug-2026 07:20:24 Asia/Tehran] Catalogue database unavailable; JSON fallback selected.
[04-Aug-2026 07:23:44 Asia/Tehran] Catalogue database unavailable; JSON fallback selected.
[04-Aug-2026 07:27:10 Asia/Tehran] Catalogue database unavailable; JSON fallback selected.
[04-Aug-2026 07:28:34 Asia/Tehran] Catalogue database unavailable; JSON fallback selected.
[04-Aug-2026 07:29:29 Asia/Tehran] Catalogue database unavailable; JSON fallback selected.
[04-Aug-2026 07:33:37 Asia/Tehran] Catalogue database unavailable; JSON fallback selected.
[04-Aug-2026 07:41:34 Asia/Tehran] Catalogue database unavailable; JSON fallback selected.
[04-Aug-2026 07:41:34 Asia/Tehran] Catalogue database unavailable; JSON fallback selected.
[04-Aug-2026 07:56:19 Asia/Tehran] Catalogue database unavailable; JSON fallback selected.
[04-Aug-2026 07:59:13 Asia/Tehran] Catalogue database unavailable; JSON fallback selected.
[04-Aug-2026 07:59:13 Asia/Tehran] Unhandled application error: Error
[04-Aug-2026 08:01:17 Asia/Tehran] Catalogue database unavailable; JSON fallback selected.
[04-Aug-2026 08:02:36 Asia/Tehran] Catalogue database unavailable; JSON fallback selected.
[04-Aug-2026 08:04:50 Asia/Tehran] Catalogue database unavailable; JSON fallback selected.
[04-Aug-2026 08:07:35 Asia/Tehran] Catalogue database unavailable; JSON fallback selected.
[04-Aug-2026 08:07:35 Asia/Tehran] Unhandled application error: Error
[04-Aug-2026 08:07:36 Asia/Tehran] Catalogue database unavailable; JSON fallback selected.
[04-Aug-2026 08:07:36 Asia/Tehran] Unhandled application error: Error
[04-Aug-2026 08:07:37 Asia/Tehran] Catalogue database unavailable; JSON fallback selected.
[04-Aug-2026 08:07:37 Asia/Tehran] Unhandled application error: Error
[04-Aug-2026 08:07:38 Asia/Tehran] Catalogue database unavailable; JSON fallback selected.
[04-Aug-2026 08:07:38 Asia/Tehran] Unhandled application error: Error
[04-Aug-2026 08:08:50 Asia/Tehran] Catalogue database unavailable; JSON fallback selected.
[04-Aug-2026 08:14:52 Asia/Tehran] Catalogue database unavailable; JSON fallback selected.
[04-Aug-2026 08:14:52 Asia/Tehran] Unhandled application error: Error
[04-Aug-2026 08:14:53 Asia/Tehran] Catalogue database unavailable; JSON fallback selected.
[04-Aug-2026 08:14:53 Asia/Tehran] Unhandled application error: Error
[04-Aug-2026 08:14:56 Asia/Tehran] Catalogue database unavailable; JSON fallback selected.
[04-Aug-2026 08:14:56 Asia/Tehran] Unhandled application error: Error
[04-Aug-2026 08:21:47 Asia/Tehran] Catalogue database unavailable; JSON fallback selected.
[04-Aug-2026 08:28:46 Asia/Tehran] Catalogue database unavailable; JSON fallback selected.
[04-Aug-2026 08:30:04 Asia/Tehran] Catalogue database unavailable; JSON fallback selected.
[04-Aug-2026 08:30:15 Asia/Tehran] Catalogue database unavailable; JSON fallback selected.
[04-Aug-2026 08:35:04 Asia/Tehran] Catalogue database unavailable; JSON fallback selected.
[04-Aug-2026 08:38:36 Asia/Tehran] Catalogue database unavailable; JSON fallback selected.
[04-Aug-2026 08:39:39 Asia/Tehran] Catalogue database unavailable; JSON fallback selected.
[04-Aug-2026 08:42:23 Asia/Tehran] Catalogue database unavailable; JSON fallback selected.
[04-Aug-2026 08:49:36 Asia/Tehran] Catalogue database unavailable; JSON fallback selected.
[04-Aug-2026 08:50:55 Asia/Tehran] Catalogue database unavailable; JSON fallback selected.
[04-Aug-2026 08:55:34 Asia/Tehran] Catalogue database unavailable; JSON fallback selected.
[04-Aug-2026 08:59:15 Asia/Tehran] Catalogue database unavailable; JSON fallback selected.
[04-Aug-2026 08:59:50 Asia/Tehran] Catalogue database unavailable; JSON fallback selected.
[04-Aug-2026 09:10:40 Asia/Tehran] Catalogue database unavailable; JSON fallback selected.
[04-Aug-2026 09:10:40 Asia/Tehran] Unhandled application error: Error
[04-Aug-2026 09:17:27 Asia/Tehran] Catalogue database unavailable; JSON fallback selected.
[04-Aug-2026 09:28:29 Asia/Tehran] Catalogue database unavailable; JSON fallback selected.
[04-Aug-2026 09:31:57 Asia/Tehran] Catalogue database unavailable; JSON fallback selected.
[04-Aug-2026 09:36:10 Asia/Tehran] Catalogue database unavailable; JSON fallback selected.
[04-Aug-2026 09:37:00 Asia/Tehran] Catalogue database unavailable; JSON fallback selected.
[04-Aug-2026 09:39:20 Asia/Tehran] Catalogue database unavailable; JSON fallback selected.
[04-Aug-2026 09:43:19 Asia/Tehran] Catalogue database unavailable; JSON fallback selected.
[04-Aug-2026 09:45:19 Asia/Tehran] Catalogue database unavailable; JSON fallback selected.
[04-Aug-2026 09:45:53 Asia/Tehran] Catalogue database unavailable; JSON fallback selected.
[04-Aug-2026 09:47:40 Asia/Tehran] Catalogue database unavailable; JSON fallback selected.
[04-Aug-2026 09:52:12 Asia/Tehran] Catalogue database unavailable; JSON fallback selected.
[04-Aug-2026 09:56:40 Asia/Tehran] Catalogue database unavailable; JSON fallback selected.
[04-Aug-2026 09:59:57 Asia/Tehran] Catalogue database unavailable; JSON fallback selected.
[04-Aug-2026 10:00:06 Asia/Tehran] Catalogue database unavailable; JSON fallback selected.
[04-Aug-2026 10:05:42 Asia/Tehran] Catalogue database unavailable; JSON fallback selected.
[04-Aug-2026 10:07:33 Asia/Tehran] Catalogue database unavailable; JSON fallback selected.
[04-Aug-2026 10:07:52 Asia/Tehran] Catalogue database unavailable; JSON fallback selected.
[04-Aug-2026 10:08:10 Asia/Tehran] Catalogue database unavailable; JSON fallback selected.
[04-Aug-2026 10:10:15 Asia/Tehran] Catalogue database unavailable; JSON fallback selected.
[04-Aug-2026 10:19:09 Asia/Tehran] Catalogue database unavailable; JSON fallback selected.
[04-Aug-2026 10:20:09 Asia/Tehran] Catalogue database unavailable; JSON fallback selected.
[04-Aug-2026 10:22:22 Asia/Tehran] Catalogue database unavailable; JSON fallback selected.
[04-Aug-2026 10:29:45 Asia/Tehran] Catalogue database unavailable; JSON fallback selected.
[04-Aug-2026 10:30:04 Asia/Tehran] Catalogue database unavailable; JSON fallback selected.
[04-Aug-2026 10:35:01 Asia/Tehran] Catalogue database unavailable; JSON fallback selected.
[04-Aug-2026 10:35:38 Asia/Tehran] Catalogue database unavailable; JSON fallback selected.
[04-Aug-2026 10:38:35 Asia/Tehran] Catalogue database unavailable; JSON fallback selected.
[04-Aug-2026 10:43:54 Asia/Tehran] Catalogue database unavailable; JSON fallback selected.
[04-Aug-2026 10:48:01 Asia/Tehran] Catalogue database unavailable; JSON fallback selected.
[04-Aug-2026 10:53:28 Asia/Tehran] Catalogue database unavailable; JSON fallback selected.
[04-Aug-2026 10:53:28 Asia/Tehran] Unhandled application error: Error
[04-Aug-2026 10:53:30 Asia/Tehran] Catalogue database unavailable; JSON fallback selected.
[04-Aug-2026 10:53:30 Asia/Tehran] Unhandled application error: Error
[04-Aug-2026 10:53:34 Asia/Tehran] Catalogue database unavailable; JSON fallback selected.
[04-Aug-2026 10:53:34 Asia/Tehran] Unhandled application error: Error
[04-Aug-2026 10:56:38 Asia/Tehran] Catalogue database unavailable; JSON fallback selected.
[04-Aug-2026 10:57:36 Asia/Tehran] Catalogue database unavailable; JSON fallback selected.
[04-Aug-2026 10:57:36 Asia/Tehran] Unhandled application error: Error
[04-Aug-2026 10:59:09 Asia/Tehran] Catalogue database unavailable; JSON fallback selected.
[04-Aug-2026 11:01:49 Asia/Tehran] Catalogue database unavailable; JSON fallback selected.
[04-Aug-2026 11:01:51 Asia/Tehran] Catalogue database unavailable; JSON fallback selected.
[04-Aug-2026 11:04:07 Asia/Tehran] Catalogue database unavailable; JSON fallback selected.
[04-Aug-2026 11:05:57 Asia/Tehran] Catalogue database unavailable; JSON fallback selected.
[04-Aug-2026 11:06:39 Asia/Tehran] Catalogue database unavailable; JSON fallback selected.
[04-Aug-2026 11:09:23 Asia/Tehran] Catalogue database unavailable; JSON fallback selected.
[04-Aug-2026 11:09:34 Asia/Tehran] Catalogue database unavailable; JSON fallback selected.
[04-Aug-2026 11:12:48 Asia/Tehran] Catalogue database unavailable; JSON fallback selected.
[04-Aug-2026 11:13:37 Asia/Tehran] Catalogue database unavailable; JSON fallback selected.
[04-Aug-2026 11:13:37 Asia/Tehran] Unhandled application error: Error
[04-Aug-2026 11:13:38 Asia/Tehran] Catalogue database unavailable; JSON fallback selected.
[04-Aug-2026 11:13:38 Asia/Tehran] Unhandled application error: Error
[04-Aug-2026 11:14:27 Asia/Tehran] Catalogue database unavailable; JSON fallback selected.
[04-Aug-2026 11:15:58 Asia/Tehran] Catalogue database unavailable; JSON fallback selected.
[04-Aug-2026 11:25:10 Asia/Tehran] Catalogue database unavailable; JSON fallback selected.
[04-Aug-2026 11:27:57 Asia/Tehran] Catalogue database unavailable; JSON fallback selected.
[04-Aug-2026 11:29:14 Asia/Tehran] Catalogue database unavailable; JSON fallback selected.
[04-Aug-2026 11:31:14 Asia/Tehran] Catalogue database unavailable; JSON fallback selected.
[04-Aug-2026 11:32:40 Asia/Tehran] Catalogue database unavailable; JSON fallback selected.
[04-Aug-2026 11:35:22 Asia/Tehran] Catalogue database unavailable; JSON fallback selected.
[04-Aug-2026 11:35:22 Asia/Tehran] Unhandled application error: Error
[04-Aug-2026 11:35:28 Asia/Tehran] Catalogue database unavailable; JSON fallback selected.
[04-Aug-2026 11:35:28 Asia/Tehran] Unhandled application error: Error
[04-Aug-2026 11:35:31 Asia/Tehran] Catalogue database unavailable; JSON fallback selected.
[04-Aug-2026 11:35:31 Asia/Tehran] Unhandled application error: Error
[04-Aug-2026 11:36:10 Asia/Tehran] Catalogue database unavailable; JSON fallback selected.
[04-Aug-2026 11:36:10 Asia/Tehran] Catalogue database unavailable; JSON fallback selected.
[04-Aug-2026 11:39:23 Asia/Tehran] Catalogue database unavailable; JSON fallback selected.
[04-Aug-2026 11:40:29 Asia/Tehran] Catalogue database unavailable; JSON fallback selected.
[04-Aug-2026 11:43:54 Asia/Tehran] Catalogue database unavailable; JSON fallback selected.
[04-Aug-2026 11:43:54 Asia/Tehran] Unhandled application error: Error
[04-Aug-2026 11:44:00 Asia/Tehran] Catalogue database unavailable; JSON fallback selected.
[04-Aug-2026 11:44:00 Asia/Tehran] Unhandled application error: Error
[04-Aug-2026 11:44:05 Asia/Tehran] Catalogue database unavailable; JSON fallback selected.
[04-Aug-2026 11:44:05 Asia/Tehran] Unhandled application error: Error
[04-Aug-2026 11:44:49 Asia/Tehran] Catalogue database unavailable; JSON fallback selected.
[04-Aug-2026 11:46:24 Asia/Tehran] Catalogue database unavailable; JSON fallback selected.
[04-Aug-2026 11:51:33 Asia/Tehran] Catalogue database unavailable; JSON fallback selected.
[04-Aug-2026 11:57:53 Asia/Tehran] Catalogue database unavailable; JSON fallback selected.
[04-Aug-2026 11:58:59 Asia/Tehran] Catalogue database unavailable; JSON fallback selected.
[04-Aug-2026 11:58:59 Asia/Tehran] Unhandled application error: Error
[04-Aug-2026 12:01:37 Asia/Tehran] Catalogue database unavailable; JSON fallback selected.
[04-Aug-2026 12:03:09 Asia/Tehran] Catalogue database unavailable; JSON fallback selected.
[04-Aug-2026 12:14:30 Asia/Tehran] Catalogue database unavailable; JSON fallback selected.
[04-Aug-2026 12:14:30 Asia/Tehran] Unhandled application error: Error
[04-Aug-2026 12:18:14 Asia/Tehran] Catalogue database unavailable; JSON fallback selected.
[04-Aug-2026 12:19:46 Asia/Tehran] Catalogue database unavailable; JSON fallback selected.
[04-Aug-2026 12:28:29 Asia/Tehran] Catalogue database unavailable; JSON fallback selected.
[04-Aug-2026 12:38:09 Asia/Tehran] Catalogue database unavailable; JSON fallback selected.
[04-Aug-2026 12:42:23 Asia/Tehran] Catalogue database unavailable; JSON fallback selected.
[04-Aug-2026 12:44:14 Asia/Tehran] Catalogue database unavailable; JSON fallback selected.
[04-Aug-2026 12:45:42 Asia/Tehran] Site settings unavailable; configured fallbacks selected. SQLSTATE[HY000] [1045] Access denied for user 'hyxfvbjq_wholesale'@'localhost' (using =[redacted]
[04-Aug-2026 12:45:42 Asia/Tehran] Catalogue database unavailable; JSON fallback selected.
[04-Aug-2026 12:48:55 Asia/Tehran] Site settings unavailable; configured fallbacks selected. SQLSTATE[HY000] [1045] Access denied for user 'hyxfvbjq_wholesale'@'localhost' (using =[redacted]
[04-Aug-2026 12:48:55 Asia/Tehran] Catalogue database unavailable; JSON fallback selected. SQLSTATE[HY000] [1045] Access denied for user 'hyxfvbjq_wholesale'@'localhost' (using =[redacted]
[04-Aug-2026 12:48:55 Asia/Tehran] Admin database unavailable. SQLSTATE[HY000] [1045] Access denied for user 'hyxfvbjq_wholesale'@'localhost' (using =[redacted]
[04-Aug-2026 12:48:55 Asia/Tehran] Unhandled application error: RuntimeException | message=Admin template is unavailable. | file=/home/hyxfvjbq/public_html/app/admin.php | line=752
[04-Aug-2026 12:51:10 Asia/Tehran] Site settings unavailable; configured fallbacks selected. SQLSTATE[HY000] [1045] Access denied for user 'hyxfvbjq_wholesale'@'localhost' (using =[redacted]
[04-Aug-2026 12:51:10 Asia/Tehran] Catalogue database unavailable; JSON fallback selected. SQLSTATE[HY000] [1045] Access denied for user 'hyxfvbjq_wholesale'@'localhost' (using =[redacted]
[04-Aug-2026 12:51:10 Asia/Tehran] Admin database unavailable. SQLSTATE[HY000] [1045] Access denied for user 'hyxfvbjq_wholesale'@'localhost' (using =[redacted]
[04-Aug-2026 12:51:10 Asia/Tehran] Unhandled application error: RuntimeException | message=Admin template is unavailable. | file=/home/hyxfvjbq/public_html/app/admin.php | line=752
[04-Aug-2026 12:51:18 Asia/Tehran] Site settings unavailable; configured fallbacks selected. SQLSTATE[HY000] [1045] Access denied for user 'hyxfvbjq_wholesale'@'localhost' (using =[redacted]
[04-Aug-2026 12:51:18 Asia/Tehran] Catalogue database unavailable; JSON fallback selected. SQLSTATE[HY000] [1045] Access denied for user 'hyxfvbjq_wholesale'@'localhost' (using =[redacted]
[04-Aug-2026 12:53:10 Asia/Tehran] Site settings unavailable; configured fallbacks selected. SQLSTATE[HY000] [1045] Access denied for user 'hyxfvbjq_wholesale'@'localhost' (using =[redacted]
[04-Aug-2026 12:53:10 Asia/Tehran] Catalogue database unavailable; JSON fallback selected. SQLSTATE[HY000] [1045] Access denied for user 'hyxfvbjq_wholesale'@'localhost' (using =[redacted]
[04-Aug-2026 12:53:10 Asia/Tehran] Admin database unavailable. SQLSTATE[HY000] [1045] Access denied for user 'hyxfvbjq_wholesale'@'localhost' (using =[redacted]
[04-Aug-2026 12:53:10 Asia/Tehran] Site settings unavailable; configured fallbacks selected. SQLSTATE[HY000] [1045] Access denied for user 'hyxfvbjq_wholesale'@'localhost' (using =[redacted]
[04-Aug-2026 12:53:10 Asia/Tehran] Catalogue database unavailable; JSON fallback selected. SQLSTATE[HY000] [1045] Access denied for user 'hyxfvbjq_wholesale'@'localhost' (using =[redacted]
[04-Aug-2026 12:53:10 Asia/Tehran] Admin database unavailable. SQLSTATE[HY000] [1045] Access denied for user 'hyxfvbjq_wholesale'@'localhost' (using =[redacted]
[04-Aug-2026 12:53:10 Asia/Tehran] Unhandled application error: RuntimeException | message=Admin template is unavailable. | file=/home/hyxfvjbq/public_html/app/admin.php | line=752
[04-Aug-2026 12:53:18 Asia/Tehran] Site settings unavailable; configured fallbacks selected. SQLSTATE[HY000] [1045] Access denied for user 'hyxfvbjq_wholesale'@'localhost' (using =[redacted]
[04-Aug-2026 12:53:18 Asia/Tehran] Catalogue database unavailable; JSON fallback selected. SQLSTATE[HY000] [1045] Access denied for user 'hyxfvbjq_wholesale'@'localhost' (using =[redacted]
[04-Aug-2026 12:54:10 Asia/Tehran] Site settings unavailable; configured fallbacks selected. SQLSTATE[HY000] [1045] Access denied for user 'hyxfvbjq_wholesale'@'localhost' (using =[redacted]
[04-Aug-2026 12:54:10 Asia/Tehran] Catalogue database unavailable; JSON fallback selected. SQLSTATE[HY000] [1045] Access denied for user 'hyxfvbjq_wholesale'@'localhost' (using =[redacted]
[04-Aug-2026 12:55:44 Asia/Tehran] Site settings unavailable; configured fallbacks selected. SQLSTATE[HY000] [1045] Access denied for user 'hyxfvbjq_wholesale'@'localhost' (using =[redacted]
[04-Aug-2026 12:55:44 Asia/Tehran] Catalogue database unavailable; JSON fallback selected. SQLSTATE[HY000] [1045] Access denied for user 'hyxfvbjq_wholesale'@'localhost' (using =[redacted]
[04-Aug-2026 12:59:37 Asia/Tehran] Site settings unavailable; configured fallbacks selected. SQLSTATE[HY000] [1045] Access denied for user 'hyxfvbjq_wholesale'@'localhost' (using =[redacted]
[04-Aug-2026 12:59:37 Asia/Tehran] Catalogue database unavailable; JSON fallback selected. SQLSTATE[HY000] [1045] Access denied for user 'hyxfvbjq_wholesale'@'localhost' (using =[redacted]
[04-Aug-2026 13:04:01 Asia/Tehran] Site settings unavailable; configured fallbacks selected. SQLSTATE[HY000] [1045] Access denied for user 'hyxfvbjq_wholesale'@'localhost' (using =[redacted]
[04-Aug-2026 13:04:01 Asia/Tehran] Catalogue database unavailable; JSON fallback selected. SQLSTATE[HY000] [1045] Access denied for user 'hyxfvbjq_wholesale'@'localhost' (using =[redacted]
[04-Aug-2026 13:05:33 Asia/Tehran] Site settings unavailable; configured fallbacks selected. SQLSTATE[HY000] [1045] Access denied for user 'hyxfvbjq_wholesale'@'localhost' (using =[redacted]
[04-Aug-2026 13:05:33 Asia/Tehran] Catalogue database unavailable; JSON fallback selected. SQLSTATE[HY000] [1045] Access denied for user 'hyxfvbjq_wholesale'@'localhost' (using =[redacted]
[04-Aug-2026 13:05:33 Asia/Tehran] Site settings unavailable; configured fallbacks selected. SQLSTATE[HY000] [1045] Access denied for user 'hyxfvbjq_wholesale'@'localhost' (using =[redacted]
[04-Aug-2026 13:05:33 Asia/Tehran] Catalogue database unavailable; JSON fallback selected. SQLSTATE[HY000] [1045] Access denied for user 'hyxfvbjq_wholesale'@'localhost' (using =[redacted]
[04-Aug-2026 13:05:54 Asia/Tehran] Site settings unavailable; configured fallbacks selected. SQLSTATE[HY000] [1045] Access denied for user 'hyxfvbjq_wholesale'@'localhost' (using =[redacted]
[04-Aug-2026 13:05:54 Asia/Tehran] Catalogue database unavailable; JSON fallback selected. SQLSTATE[HY000] [1045] Access denied for user 'hyxfvbjq_wholesale'@'localhost' (using =[redacted]
[04-Aug-2026 13:12:27 Asia/Tehran] Site settings unavailable; configured fallbacks selected. SQLSTATE[HY000] [1045] Access denied for user 'hyxfvbjq_wholesale'@'localhost' (using =[redacted]
[04-Aug-2026 13:12:27 Asia/Tehran] Catalogue database unavailable; JSON fallback selected. SQLSTATE[HY000] [1045] Access denied for user 'hyxfvbjq_wholesale'@'localhost' (using =[redacted]
[04-Aug-2026 13:12:49 Asia/Tehran] Site settings unavailable; configured fallbacks selected. SQLSTATE[HY000] [1045] Access denied for user 'hyxfvbjq_wholesale'@'localhost' (using =[redacted]
[04-Aug-2026 13:12:49 Asia/Tehran] Catalogue database unavailable; JSON fallback selected. SQLSTATE[HY000] [1045] Access denied for user 'hyxfvbjq_wholesale'@'localhost' (using =[redacted]
[04-Aug-2026 13:12:49 Asia/Tehran] Admin database unavailable. SQLSTATE[HY000] [1045] Access denied for user 'hyxfvbjq_wholesale'@'localhost' (using =[redacted]
[04-Aug-2026 13:13:25 Asia/Tehran] Site settings unavailable; configured fallbacks selected. SQLSTATE[HY000] [1045] Access denied for user 'hyxfvbjq_wholesale'@'localhost' (using =[redacted]
[04-Aug-2026 13:13:25 Asia/Tehran] Catalogue database unavailable; JSON fallback selected. SQLSTATE[HY000] [1045] Access denied for user 'hyxfvbjq_wholesale'@'localhost' (using =[redacted]
[04-Aug-2026 13:15:06 Asia/Tehran] Site settings unavailable; configured fallbacks selected. SQLSTATE[HY000] [1045] Access denied for user 'hyxfvbjq_wholesale'@'localhost' (using =[redacted]
[04-Aug-2026 13:15:06 Asia/Tehran] Catalogue database unavailable; JSON fallback selected. SQLSTATE[HY000] [1045] Access denied for user 'hyxfvbjq_wholesale'@'localhost' (using =[redacted]
[04-Aug-2026 13:22:07 Asia/Tehran] Site settings unavailable; configured fallbacks selected. SQLSTATE[HY000] [1045] Access denied for user 'hyxfvbjq_wholesale'@'localhost' (using =[redacted]
[04-Aug-2026 13:22:07 Asia/Tehran] Catalogue database unavailable; JSON fallback selected. SQLSTATE[HY000] [1045] Access denied for user 'hyxfvbjq_wholesale'@'localhost' (using =[redacted]
[04-Aug-2026 13:26:39 Asia/Tehran] Site settings unavailable; configured fallbacks selected. SQLSTATE[HY000] [1045] Access denied for user 'hyxfvbjq_wholesale'@'localhost' (using =[redacted]
[04-Aug-2026 13:26:39 Asia/Tehran] Catalogue database unavailable; JSON fallback selected. SQLSTATE[HY000] [1045] Access denied for user 'hyxfvbjq_wholesale'@'localhost' (using =[redacted]
[04-Aug-2026 13:27:00 Asia/Tehran] Site settings unavailable; configured fallbacks selected. SQLSTATE[HY000] [1045] Access denied for user 'hyxfvbjq_wholesale'@'localhost' (using =[redacted]
[04-Aug-2026 13:27:00 Asia/Tehran] Catalogue database unavailable; JSON fallback selected. SQLSTATE[HY000] [1045] Access denied for user 'hyxfvbjq_wholesale'@'localhost' (using =[redacted]
[04-Aug-2026 13:27:15 Asia/Tehran] Site settings unavailable; configured fallbacks selected. SQLSTATE[HY000] [1045] Access denied for user 'hyxfvbjq_wholesale'@'localhost' (using =[redacted]
[04-Aug-2026 13:27:15 Asia/Tehran] Catalogue database unavailable; JSON fallback selected. SQLSTATE[HY000] [1045] Access denied for user 'hyxfvbjq_wholesale'@'localhost' (using =[redacted]
[04-Aug-2026 13:27:15 Asia/Tehran] Admin database unavailable. SQLSTATE[HY000] [1045] Access denied for user 'hyxfvbjq_wholesale'@'localhost' (using =[redacted]
[04-Aug-2026 13:27:27 Asia/Tehran] Site settings unavailable; configured fallbacks selected. SQLSTATE[HY000] [1045] Access denied for user 'hyxfvbjq_wholesale'@'localhost' (using =[redacted]
[04-Aug-2026 13:27:27 Asia/Tehran] Catalogue database unavailable; JSON fallback selected. SQLSTATE[HY000] [1045] Access denied for user 'hyxfvbjq_wholesale'@'localhost' (using =[redacted]
[04-Aug-2026 13:27:27 Asia/Tehran] Admin database unavailable. SQLSTATE[HY000] [1045] Access denied for user 'hyxfvbjq_wholesale'@'localhost' (using =[redacted]
[04-Aug-2026 13:27:50 Asia/Tehran] Site settings unavailable; configured fallbacks selected. SQLSTATE[HY000] [1045] Access denied for user 'hyxfvbjq_wholesale'@'localhost' (using =[redacted]
[04-Aug-2026 13:27:50 Asia/Tehran] Catalogue database unavailable; JSON fallback selected. SQLSTATE[HY000] [1045] Access denied for user 'hyxfvbjq_wholesale'@'localhost' (using =[redacted]
[04-Aug-2026 13:27:50 Asia/Tehran] Admin database unavailable. SQLSTATE[HY000] [1045] Access denied for user 'hyxfvbjq_wholesale'@'localhost' (using =[redacted]
[04-Aug-2026 13:29:13 Asia/Tehran] Site settings unavailable; configured fallbacks selected. SQLSTATE[HY000] [1045] Access denied for user 'hyxfvbjq_wholesale'@'localhost' (using =[redacted]
[04-Aug-2026 13:29:13 Asia/Tehran] Catalogue database unavailable; JSON fallback selected. SQLSTATE[HY000] [1045] Access denied for user 'hyxfvbjq_wholesale'@'localhost' (using =[redacted]
[04-Aug-2026 13:29:13 Asia/Tehran] Admin database unavailable. SQLSTATE[HY000] [1045] Access denied for user 'hyxfvbjq_wholesale'@'localhost' (using =[redacted]
[04-Aug-2026 13:30:22 Asia/Tehran] Site settings unavailable; configured fallbacks selected. SQLSTATE[HY000] [1045] Access denied for user 'hyxfvbjq_wholesale'@'localhost' (using =[redacted]
[04-Aug-2026 13:30:22 Asia/Tehran] Catalogue database unavailable; JSON fallback selected. SQLSTATE[HY000] [1045] Access denied for user 'hyxfvbjq_wholesale'@'localhost' (using =[redacted]
[04-Aug-2026 13:33:18 Asia/Tehran] Site settings unavailable; configured fallbacks selected. SQLSTATE[HY000] [1045] Access denied for user 'hyxfvbjq_wholesale'@'localhost' (using =[redacted]
[04-Aug-2026 13:33:18 Asia/Tehran] Catalogue database unavailable; JSON fallback selected. SQLSTATE[HY000] [1045] Access denied for user 'hyxfvbjq_wholesale'@'localhost' (using =[redacted]
[04-Aug-2026 13:38:55 Asia/Tehran] Site settings unavailable; configured fallbacks selected. SQLSTATE[HY000] [1045] Access denied for user 'hyxfvbjq_wholesale'@'localhost' (using =[redacted]
[04-Aug-2026 13:38:55 Asia/Tehran] Catalogue database unavailable; JSON fallback selected. SQLSTATE[HY000] [1045] Access denied for user 'hyxfvbjq_wholesale'@'localhost' (using =[redacted]
[04-Aug-2026 13:40:38 Asia/Tehran] Site settings unavailable; configured fallbacks selected. SQLSTATE[HY000] [1045] Access denied for user 'hyxfvbjq_wholesale'@'localhost' (using =[redacted]
[04-Aug-2026 13:40:38 Asia/Tehran] Catalogue database unavailable; JSON fallback selected. SQLSTATE[HY000] [1045] Access denied for user 'hyxfvbjq_wholesale'@'localhost' (using =[redacted]
[04-Aug-2026 13:45:06 Asia/Tehran] Site settings unavailable; configured fallbacks selected. SQLSTATE[HY000] [1045] Access denied for user 'hyxfvbjq_wholesale'@'localhost' (using =[redacted]
[04-Aug-2026 13:45:06 Asia/Tehran] Catalogue database unavailable; JSON fallback selected. SQLSTATE[HY000] [1045] Access denied for user 'hyxfvbjq_wholesale'@'localhost' (using =[redacted]
[04-Aug-2026 13:49:55 Asia/Tehran] Site settings unavailable; configured fallbacks selected. SQLSTATE[HY000] [1045] Access denied for user 'hyxfvbjq_wholesale'@'localhost' (using =[redacted]
[04-Aug-2026 13:49:55 Asia/Tehran] Catalogue database unavailable; JSON fallback selected. SQLSTATE[HY000] [1045] Access denied for user 'hyxfvbjq_wholesale'@'localhost' (using =[redacted]
[04-Aug-2026 13:51:23 Asia/Tehran] Site settings unavailable; configured fallbacks selected. SQLSTATE[HY000] [1045] Access denied for user 'hyxfvbjq_wholesale'@'localhost' (using =[redacted]
[04-Aug-2026 13:51:23 Asia/Tehran] Catalogue database unavailable; JSON fallback selected. SQLSTATE[HY000] [1045] Access denied for user 'hyxfvbjq_wholesale'@'localhost' (using =[redacted]
[04-Aug-2026 13:55:57 Asia/Tehran] Site settings unavailable; configured fallbacks selected. SQLSTATE[HY000] [1045] Access denied for user 'hyxfvbjq_wholesale'@'localhost' (using =[redacted]
[04-Aug-2026 13:55:57 Asia/Tehran] Catalogue database unavailable; JSON fallback selected. SQLSTATE[HY000] [1045] Access denied for user 'hyxfvbjq_wholesale'@'localhost' (using =[redacted]
[04-Aug-2026 13:59:23 Asia/Tehran] Site settings unavailable; configured fallbacks selected. SQLSTATE[HY000] [1045] Access denied for user 'hyxfvbjq_wholesale'@'localhost' (using =[redacted]
[04-Aug-2026 13:59:23 Asia/Tehran] Catalogue database unavailable; JSON fallback selected. SQLSTATE[HY000] [1045] Access denied for user 'hyxfvbjq_wholesale'@'localhost' (using =[redacted]
[04-Aug-2026 14:01:07 Asia/Tehran] Site settings unavailable; configured fallbacks selected. SQLSTATE[HY000] [1045] Access denied for user 'hyxfvbjq_wholesale'@'localhost' (using =[redacted]
[04-Aug-2026 14:01:07 Asia/Tehran] Catalogue database unavailable; JSON fallback selected. SQLSTATE[HY000] [1045] Access denied for user 'hyxfvbjq_wholesale'@'localhost' (using =[redacted]
[04-Aug-2026 14:03:47 Asia/Tehran] Site settings unavailable; configured fallbacks selected. SQLSTATE[HY000] [1045] Access denied for user 'hyxfvbjq_wholesale'@'localhost' (using =[redacted]
[04-Aug-2026 14:03:47 Asia/Tehran] Catalogue database unavailable; JSON fallback selected. SQLSTATE[HY000] [1045] Access denied for user 'hyxfvbjq_wholesale'@'localhost' (using =[redacted]
[04-Aug-2026 14:05:56 Asia/Tehran] Site settings unavailable; configured fallbacks selected. SQLSTATE[HY000] [1045] Access denied for user 'hyxfvbjq_wholesale'@'localhost' (using =[redacted]
[04-Aug-2026 14:05:56 Asia/Tehran] Catalogue database unavailable; JSON fallback selected. SQLSTATE[HY000] [1045] Access denied for user 'hyxfvbjq_wholesale'@'localhost' (using =[redacted]
[04-Aug-2026 14:06:54 Asia/Tehran] Site settings unavailable; configured fallbacks selected. SQLSTATE[HY000] [1045] Access denied for user 'hyxfvbjq_wholesale'@'localhost' (using =[redacted]
[04-Aug-2026 14:06:54 Asia/Tehran] Catalogue database unavailable; JSON fallback selected. SQLSTATE[HY000] [1045] Access denied for user 'hyxfvbjq_wholesale'@'localhost' (using =[redacted]
[04-Aug-2026 14:07:30 Asia/Tehran] Site settings unavailable; configured fallbacks selected. SQLSTATE[HY000] [1045] Access denied for user 'hyxfvbjq_wholesale'@'localhost' (using =[redacted]
[04-Aug-2026 14:07:30 Asia/Tehran] Catalogue database unavailable; JSON fallback selected. SQLSTATE[HY000] [1045] Access denied for user 'hyxfvbjq_wholesale'@'localhost' (using =[redacted]
[04-Aug-2026 14:09:51 Asia/Tehran] Site settings unavailable; configured fallbacks selected. SQLSTATE[HY000] [1045] Access denied for user 'hyxfvbjq_wholesale'@'localhost' (using =[redacted]
[04-Aug-2026 14:09:51 Asia/Tehran] Catalogue database unavailable; JSON fallback selected. SQLSTATE[HY000] [1045] Access denied for user 'hyxfvbjq_wholesale'@'localhost' (using =[redacted]
[04-Aug-2026 14:10:53 Asia/Tehran] Site settings unavailable; configured fallbacks selected. SQLSTATE[HY000] [1045] Access denied for user 'hyxfvbjq_wholesale'@'localhost' (using =[redacted]
[04-Aug-2026 14:10:53 Asia/Tehran] Catalogue database unavailable; JSON fallback selected. SQLSTATE[HY000] [1045] Access denied for user 'hyxfvbjq_wholesale'@'localhost' (using =[redacted]
[04-Aug-2026 14:13:23 Asia/Tehran] Site settings unavailable; configured fallbacks selected. SQLSTATE[HY000] [1045] Access denied for user 'hyxfvbjq_wholesale'@'localhost' (using =[redacted]
[04-Aug-2026 14:13:23 Asia/Tehran] Catalogue database unavailable; JSON fallback selected. SQLSTATE[HY000] [1045] Access denied for user 'hyxfvbjq_wholesale'@'localhost' (using =[redacted]
[04-Aug-2026 14:13:32 Asia/Tehran] Site settings unavailable; configured fallbacks selected. SQLSTATE[HY000] [1045] Access denied for user 'hyxfvbjq_wholesale'@'localhost' (using =[redacted]
[04-Aug-2026 14:13:32 Asia/Tehran] Catalogue database unavailable; JSON fallback selected. SQLSTATE[HY000] [1045] Access denied for user 'hyxfvbjq_wholesale'@'localhost' (using =[redacted]
[04-Aug-2026 14:14:24 Asia/Tehran] Site settings unavailable; configured fallbacks selected. SQLSTATE[HY000] [1045] Access denied for user 'hyxfvbjq_wholesale'@'localhost' (using =[redacted]
[04-Aug-2026 14:14:24 Asia/Tehran] Catalogue database unavailable; JSON fallback selected. SQLSTATE[HY000] [1045] Access denied for user 'hyxfvbjq_wholesale'@'localhost' (using =[redacted]
[04-Aug-2026 14:14:59 Asia/Tehran] Site settings unavailable; configured fallbacks selected. SQLSTATE[HY000] [1045] Access denied for user 'hyxfvbjq_wholesale'@'localhost' (using =[redacted]
[04-Aug-2026 14:14:59 Asia/Tehran] Catalogue database unavailable; JSON fallback selected. SQLSTATE[HY000] [1045] Access denied for user 'hyxfvbjq_wholesale'@'localhost' (using =[redacted]
[04-Aug-2026 14:14:59 Asia/Tehran] Admin database unavailable. SQLSTATE[HY000] [1045] Access denied for user 'hyxfvbjq_wholesale'@'localhost' (using =[redacted]
[04-Aug-2026 14:15:26 Asia/Tehran] Site settings unavailable; configured fallbacks selected. SQLSTATE[HY000] [1045] Access denied for user 'hyxfvbjq_wholesale'@'localhost' (using =[redacted]
[04-Aug-2026 14:15:26 Asia/Tehran] Catalogue database unavailable; JSON fallback selected. SQLSTATE[HY000] [1045] Access denied for user 'hyxfvbjq_wholesale'@'localhost' (using =[redacted]
[04-Aug-2026 14:21:24 Asia/Tehran] Site settings unavailable; configured fallbacks selected. SQLSTATE[HY000] [1045] Access denied for user 'hyxfvbjq_wholesale'@'localhost' (using =[redacted]
[04-Aug-2026 14:21:24 Asia/Tehran] Catalogue database unavailable; JSON fallback selected. SQLSTATE[HY000] [1045] Access denied for user 'hyxfvbjq_wholesale'@'localhost' (using =[redacted]
[04-Aug-2026 14:21:26 Asia/Tehran] Site settings unavailable; configured fallbacks selected. SQLSTATE[HY000] [1045] Access denied for user 'hyxfvbjq_wholesale'@'localhost' (using =[redacted]
[04-Aug-2026 14:21:26 Asia/Tehran] Catalogue database unavailable; JSON fallback selected. SQLSTATE[HY000] [1045] Access denied for user 'hyxfvbjq_wholesale'@'localhost' (using =[redacted]
[04-Aug-2026 14:21:44 Asia/Tehran] Site settings unavailable; configured fallbacks selected. SQLSTATE[HY000] [1045] Access denied for user 'hyxfvbjq_wholesale'@'localhost' (using =[redacted]
[04-Aug-2026 14:21:44 Asia/Tehran] Catalogue database unavailable; JSON fallback selected. SQLSTATE[HY000] [1045] Access denied for user 'hyxfvbjq_wholesale'@'localhost' (using =[redacted]
[04-Aug-2026 14:23:38 Asia/Tehran] Site settings unavailable; configured fallbacks selected. SQLSTATE[HY000] [1045] Access denied for user 'hyxfvbjq_wholesale'@'localhost' (using =[redacted]
[04-Aug-2026 14:23:38 Asia/Tehran] Catalogue database unavailable; JSON fallback selected. SQLSTATE[HY000] [1045] Access denied for user 'hyxfvbjq_wholesale'@'localhost' (using =[redacted]
[04-Aug-2026 14:26:04 Asia/Tehran] Site settings unavailable; configured fallbacks selected. SQLSTATE[HY000] [1045] Access denied for user 'hyxfvbjq_wholesale'@'localhost' (using =[redacted]
[04-Aug-2026 14:26:04 Asia/Tehran] Catalogue database unavailable; JSON fallback selected. SQLSTATE[HY000] [1045] Access denied for user 'hyxfvbjq_wholesale'@'localhost' (using =[redacted]
[04-Aug-2026 14:26:56 Asia/Tehran] Site settings unavailable; configured fallbacks selected. SQLSTATE[HY000] [1045] Access denied for user 'hyxfvbjq_wholesale'@'localhost' (using =[redacted]
[04-Aug-2026 14:26:56 Asia/Tehran] Catalogue database unavailable; JSON fallback selected. SQLSTATE[HY000] [1045] Access denied for user 'hyxfvbjq_wholesale'@'localhost' (using =[redacted]
[04-Aug-2026 14:28:41 Asia/Tehran] Site settings unavailable; configured fallbacks selected. SQLSTATE[HY000] [1045] Access denied for user 'hyxfvbjq_wholesale'@'localhost' (using =[redacted]
[04-Aug-2026 14:28:41 Asia/Tehran] Catalogue database unavailable; JSON fallback selected. SQLSTATE[HY000] [1045] Access denied for user 'hyxfvbjq_wholesale'@'localhost' (using =[redacted]
[04-Aug-2026 14:29:10 Asia/Tehran] Site settings unavailable; configured fallbacks selected. SQLSTATE[HY000] [1045] Access denied for user 'hyxfvbjq_wholesale'@'localhost' (using =[redacted]
[04-Aug-2026 14:29:10 Asia/Tehran] Catalogue database unavailable; JSON fallback selected. SQLSTATE[HY000] [1045] Access denied for user 'hyxfvbjq_wholesale'@'localhost' (using =[redacted]
[04-Aug-2026 14:30:27 Asia/Tehran] Site settings unavailable; configured fallbacks selected. SQLSTATE[HY000] [1045] Access denied for user 'hyxfvbjq_wholesale'@'localhost' (using =[redacted]
[04-Aug-2026 14:30:27 Asia/Tehran] Catalogue database unavailable; JSON fallback selected. SQLSTATE[HY000] [1045] Access denied for user 'hyxfvbjq_wholesale'@'localhost' (using =[redacted]
[04-Aug-2026 14:32:28 Asia/Tehran] Site settings unavailable; configured fallbacks selected. SQLSTATE[HY000] [1045] Access denied for user 'hyxfvbjq_wholesale'@'localhost' (using =[redacted]
[04-Aug-2026 14:32:28 Asia/Tehran] Catalogue database unavailable; JSON fallback selected. SQLSTATE[HY000] [1045] Access denied for user 'hyxfvbjq_wholesale'@'localhost' (using =[redacted]
[04-Aug-2026 14:34:02 Asia/Tehran] Site settings unavailable; configured fallbacks selected. SQLSTATE[HY000] [1045] Access denied for user 'hyxfvbjq_wholesale'@'localhost' (using =[redacted]
[04-Aug-2026 14:34:02 Asia/Tehran] Catalogue database unavailable; JSON fallback selected. SQLSTATE[HY000] [1045] Access denied for user 'hyxfvbjq_wholesale'@'localhost' (using =[redacted]
[04-Aug-2026 14:34:15 Asia/Tehran] Site settings unavailable; configured fallbacks selected. SQLSTATE[HY000] [1045] Access denied for user 'hyxfvbjq_wholesale'@'localhost' (using =[redacted]
[04-Aug-2026 14:34:15 Asia/Tehran] Catalogue database unavailable; JSON fallback selected. SQLSTATE[HY000] [1045] Access denied for user 'hyxfvbjq_wholesale'@'localhost' (using =[redacted]
[04-Aug-2026 14:34:32 Asia/Tehran] Site settings unavailable; configured fallbacks selected. SQLSTATE[HY000] [1045] Access denied for user 'hyxfvbjq_wholesale'@'localhost' (using =[redacted]
[04-Aug-2026 14:34:32 Asia/Tehran] Catalogue database unavailable; JSON fallback selected. SQLSTATE[HY000] [1045] Access denied for user 'hyxfvbjq_wholesale'@'localhost' (using =[redacted]
[04-Aug-2026 14:36:08 Asia/Tehran] Site settings unavailable; configured fallbacks selected. SQLSTATE[HY000] [1045] Access denied for user 'hyxfvbjq_wholesale'@'localhost' (using =[redacted]
[04-Aug-2026 14:36:08 Asia/Tehran] Catalogue database unavailable; JSON fallback selected. SQLSTATE[HY000] [1045] Access denied for user 'hyxfvbjq_wholesale'@'localhost' (using =[redacted]
[04-Aug-2026 14:36:32 Asia/Tehran] Site settings unavailable; configured fallbacks selected. SQLSTATE[HY000] [1045] Access denied for user 'hyxfvbjq_wholesale'@'localhost' (using =[redacted]
[04-Aug-2026 14:36:32 Asia/Tehran] Catalogue database unavailable; JSON fallback selected. SQLSTATE[HY000] [1045] Access denied for user 'hyxfvbjq_wholesale'@'localhost' (using =[redacted]
[04-Aug-2026 14:37:49 Asia/Tehran] Site settings unavailable; configured fallbacks selected. SQLSTATE[HY000] [1045] Access denied for user 'hyxfvbjq_wholesale'@'localhost' (using =[redacted]
[04-Aug-2026 14:37:49 Asia/Tehran] Catalogue database unavailable; JSON fallback selected. SQLSTATE[HY000] [1045] Access denied for user 'hyxfvbjq_wholesale'@'localhost' (using =[redacted]
[04-Aug-2026 14:38:31 Asia/Tehran] Site settings unavailable; configured fallbacks selected. SQLSTATE[HY000] [1045] Access denied for user 'hyxfvbjq_wholesale'@'localhost' (using =[redacted]
[04-Aug-2026 14:38:31 Asia/Tehran] Catalogue database unavailable; JSON fallback selected. SQLSTATE[HY000] [1045] Access denied for user 'hyxfvbjq_wholesale'@'localhost' (using =[redacted]
[04-Aug-2026 14:39:42 Asia/Tehran] Site settings unavailable; configured fallbacks selected. SQLSTATE[HY000] [1045] Access denied for user 'hyxfvbjq_wholesale'@'localhost' (using =[redacted]
[04-Aug-2026 14:39:42 Asia/Tehran] Catalogue database unavailable; JSON fallback selected. SQLSTATE[HY000] [1045] Access denied for user 'hyxfvbjq_wholesale'@'localhost' (using =[redacted]
[04-Aug-2026 14:42:26 Asia/Tehran] Site settings unavailable; configured fallbacks selected. SQLSTATE[HY000] [1045] Access denied for user 'hyxfvbjq_wholesale'@'localhost' (using =[redacted]
[04-Aug-2026 14:42:26 Asia/Tehran] Catalogue database unavailable; JSON fallback selected. SQLSTATE[HY000] [1045] Access denied for user 'hyxfvbjq_wholesale'@'localhost' (using =[redacted]
[04-Aug-2026 14:43:09 Asia/Tehran] Site settings unavailable; configured fallbacks selected. SQLSTATE[HY000] [1045] Access denied for user 'hyxfvbjq_wholesale'@'localhost' (using =[redacted]
[04-Aug-2026 14:43:09 Asia/Tehran] Catalogue database unavailable; JSON fallback selected. SQLSTATE[HY000] [1045] Access denied for user 'hyxfvbjq_wholesale'@'localhost' (using =[redacted]
[04-Aug-2026 14:43:49 Asia/Tehran] Site settings unavailable; configured fallbacks selected. SQLSTATE[HY000] [1045] Access denied for user 'hyxfvbjq_wholesale'@'localhost' (using =[redacted]
[04-Aug-2026 14:43:49 Asia/Tehran] Catalogue database unavailable; JSON fallback selected. SQLSTATE[HY000] [1045] Access denied for user 'hyxfvbjq_wholesale'@'localhost' (using =[redacted]
[04-Aug-2026 14:47:31 Asia/Tehran] Site settings unavailable; configured fallbacks selected. SQLSTATE[HY000] [1045] Access denied for user 'hyxfvbjq_wholesale'@'localhost' (using =[redacted]
[04-Aug-2026 14:47:31 Asia/Tehran] Catalogue database unavailable; JSON fallback selected. SQLSTATE[HY000] [1045] Access denied for user 'hyxfvbjq_wholesale'@'localhost' (using =[redacted]
[04-Aug-2026 14:50:39 Asia/Tehran] Site settings unavailable; configured fallbacks selected. SQLSTATE[HY000] [1045] Access denied for user 'hyxfvbjq_wholesale'@'localhost' (using =[redacted]
[04-Aug-2026 14:50:39 Asia/Tehran] Catalogue database unavailable; JSON fallback selected. SQLSTATE[HY000] [1045] Access denied for user 'hyxfvbjq_wholesale'@'localhost' (using =[redacted]
[04-Aug-2026 14:50:41 Asia/Tehran] Site settings unavailable; configured fallbacks selected. SQLSTATE[HY000] [1045] Access denied for user 'hyxfvbjq_wholesale'@'localhost' (using =[redacted]
[04-Aug-2026 14:50:41 Asia/Tehran] Catalogue database unavailable; JSON fallback selected. SQLSTATE[HY000] [1045] Access denied for user 'hyxfvbjq_wholesale'@'localhost' (using =[redacted]
[04-Aug-2026 14:52:55 Asia/Tehran] Site settings unavailable; configured fallbacks selected. SQLSTATE[HY000] [1045] Access denied for user 'hyxfvbjq_wholesale'@'localhost' (using =[redacted]
[04-Aug-2026 14:52:55 Asia/Tehran] Catalogue database unavailable; JSON fallback selected. SQLSTATE[HY000] [1045] Access denied for user 'hyxfvbjq_wholesale'@'localhost' (using =[redacted]
[04-Aug-2026 14:53:04 Asia/Tehran] Site settings unavailable; configured fallbacks selected. SQLSTATE[HY000] [1045] Access denied for user 'hyxfvbjq_wholesale'@'localhost' (using =[redacted]
[04-Aug-2026 14:53:04 Asia/Tehran] Catalogue database unavailable; JSON fallback selected. SQLSTATE[HY000] [1045] Access denied for user 'hyxfvbjq_wholesale'@'localhost' (using =[redacted]
[04-Aug-2026 14:58:44 Asia/Tehran] Site settings unavailable; configured fallbacks selected. SQLSTATE[HY000] [1045] Access denied for user 'hyxfvbjq_wholesale'@'localhost' (using =[redacted]
[04-Aug-2026 14:58:44 Asia/Tehran] Catalogue database unavailable; JSON fallback selected. SQLSTATE[HY000] [1045] Access denied for user 'hyxfvbjq_wholesale'@'localhost' (using =[redacted]
[04-Aug-2026 15:17:39 Asia/Tehran] Site settings unavailable; configured fallbacks selected. SQLSTATE[HY000] [1045] Access denied for user 'hyxfvbjq_wholesale'@'localhost' (using =[redacted]
[04-Aug-2026 15:17:39 Asia/Tehran] Catalogue database unavailable; JSON fallback selected. SQLSTATE[HY000] [1045] Access denied for user 'hyxfvbjq_wholesale'@'localhost' (using =[redacted]
[04-Aug-2026 15:20:41 Asia/Tehran] Site settings unavailable; configured fallbacks selected. SQLSTATE[HY000] [1045] Access denied for user 'hyxfvbjq_wholesale'@'localhost' (using =[redacted]
[04-Aug-2026 15:20:41 Asia/Tehran] Catalogue database unavailable; JSON fallback selected. SQLSTATE[HY000] [1045] Access denied for user 'hyxfvbjq_wholesale'@'localhost' (using =[redacted]
[04-Aug-2026 15:24:11 Asia/Tehran] Site settings unavailable; configured fallbacks selected. SQLSTATE[HY000] [1045] Access denied for user 'hyxfvbjq_wholesale'@'localhost' (using =[redacted]
[04-Aug-2026 15:24:11 Asia/Tehran] Catalogue database unavailable; JSON fallback selected. SQLSTATE[HY000] [1045] Access denied for user 'hyxfvbjq_wholesale'@'localhost' (using =[redacted]
[04-Aug-2026 15:25:45 Asia/Tehran] Site settings unavailable; configured fallbacks selected. SQLSTATE[HY000] [1045] Access denied for user 'hyxfvbjq_wholesale'@'localhost' (using =[redacted]
[04-Aug-2026 15:25:45 Asia/Tehran] Catalogue database unavailable; JSON fallback selected. SQLSTATE[HY000] [1045] Access denied for user 'hyxfvbjq_wholesale'@'localhost' (using =[redacted]
[04-Aug-2026 15:25:46 Asia/Tehran] Site settings unavailable; configured fallbacks selected. SQLSTATE[HY000] [1045] Access denied for user 'hyxfvbjq_wholesale'@'localhost' (using =[redacted]
[04-Aug-2026 15:25:46 Asia/Tehran] Catalogue database unavailable; JSON fallback selected. SQLSTATE[HY000] [1045] Access denied for user 'hyxfvbjq_wholesale'@'localhost' (using =[redacted]
[04-Aug-2026 15:25:55 Asia/Tehran] Site settings unavailable; configured fallbacks selected. SQLSTATE[HY000] [1045] Access denied for user 'hyxfvbjq_wholesale'@'localhost' (using =[redacted]
[04-Aug-2026 15:25:55 Asia/Tehran] Catalogue database unavailable; JSON fallback selected. SQLSTATE[HY000] [1045] Access denied for user 'hyxfvbjq_wholesale'@'localhost' (using =[redacted]
[04-Aug-2026 15:27:42 Asia/Tehran] Site settings unavailable; configured fallbacks selected. SQLSTATE[HY000] [1045] Access denied for user 'hyxfvbjq_wholesale'@'localhost' (using =[redacted]
[04-Aug-2026 15:27:42 Asia/Tehran] Catalogue database unavailable; JSON fallback selected. SQLSTATE[HY000] [1045] Access denied for user 'hyxfvbjq_wholesale'@'localhost' (using =[redacted]
[04-Aug-2026 15:29:14 Asia/Tehran] Site settings unavailable; configured fallbacks selected. SQLSTATE[HY000] [1045] Access denied for user 'hyxfvbjq_wholesale'@'localhost' (using =[redacted]
[04-Aug-2026 15:29:14 Asia/Tehran] Catalogue database unavailable; JSON fallback selected. SQLSTATE[HY000] [1045] Access denied for user 'hyxfvbjq_wholesale'@'localhost' (using =[redacted]
[04-Aug-2026 15:30:57 Asia/Tehran] Site settings unavailable; configured fallbacks selected. SQLSTATE[HY000] [1045] Access denied for user 'hyxfvbjq_wholesale'@'localhost' (using =[redacted]
[04-Aug-2026 15:30:57 Asia/Tehran] Catalogue database unavailable; JSON fallback selected. SQLSTATE[HY000] [1045] Access denied for user 'hyxfvbjq_wholesale'@'localhost' (using =[redacted]
[04-Aug-2026 15:35:12 Asia/Tehran] Site settings unavailable; configured fallbacks selected. SQLSTATE[HY000] [1045] Access denied for user 'hyxfvbjq_wholesale'@'localhost' (using =[redacted]
[04-Aug-2026 15:35:12 Asia/Tehran] Catalogue database unavailable; JSON fallback selected. SQLSTATE[HY000] [1045] Access denied for user 'hyxfvbjq_wholesale'@'localhost' (using =[redacted]
[04-Aug-2026 15:43:42 Asia/Tehran] Site settings unavailable; configured fallbacks selected. SQLSTATE[HY000] [1045] Access denied for user 'hyxfvbjq_wholesale'@'localhost' (using =[redacted]
[04-Aug-2026 15:43:42 Asia/Tehran] Catalogue database unavailable; JSON fallback selected. SQLSTATE[HY000] [1045] Access denied for user 'hyxfvbjq_wholesale'@'localhost' (using =[redacted]
[04-Aug-2026 15:44:43 Asia/Tehran] Site settings unavailable; configured fallbacks selected. SQLSTATE[HY000] [1045] Access denied for user 'hyxfvbjq_wholesale'@'localhost' (using =[redacted]
[04-Aug-2026 15:44:43 Asia/Tehran] Catalogue database unavailable; JSON fallback selected. SQLSTATE[HY000] [1045] Access denied for user 'hyxfvbjq_wholesale'@'localhost' (using =[redacted]
[04-Aug-2026 15:51:34 Asia/Tehran] Site settings unavailable; configured fallbacks selected. SQLSTATE[HY000] [1045] Access denied for user 'hyxfvbjq_wholesale'@'localhost' (using =[redacted]
[04-Aug-2026 15:51:34 Asia/Tehran] Catalogue database unavailable; JSON fallback selected. SQLSTATE[HY000] [1045] Access denied for user 'hyxfvbjq_wholesale'@'localhost' (using =[redacted]
[04-Aug-2026 15:51:45 Asia/Tehran] Site settings unavailable; configured fallbacks selected. SQLSTATE[HY000] [1045] Access denied for user 'hyxfvbjq_wholesale'@'localhost' (using =[redacted]
[04-Aug-2026 15:51:45 Asia/Tehran] Catalogue database unavailable; JSON fallback selected. SQLSTATE[HY000] [1045] Access denied for user 'hyxfvbjq_wholesale'@'localhost' (using =[redacted]
[04-Aug-2026 16:03:29 Asia/Tehran] Site settings unavailable; configured fallbacks selected. SQLSTATE[HY000] [1045] Access denied for user 'hyxfvbjq_wholesale'@'localhost' (using =[redacted]
[04-Aug-2026 16:03:29 Asia/Tehran] Catalogue database unavailable; JSON fallback selected. SQLSTATE[HY000] [1045] Access denied for user 'hyxfvbjq_wholesale'@'localhost' (using =[redacted]
[04-Aug-2026 16:03:45 Asia/Tehran] Site settings unavailable; configured fallbacks selected. SQLSTATE[HY000] [1045] Access denied for user 'hyxfvbjq_wholesale'@'localhost' (using =[redacted]
[04-Aug-2026 16:03:45 Asia/Tehran] Catalogue database unavailable; JSON fallback selected. SQLSTATE[HY000] [1045] Access denied for user 'hyxfvbjq_wholesale'@'localhost' (using =[redacted]
[04-Aug-2026 16:12:52 Asia/Tehran] Site settings unavailable; configured fallbacks selected. SQLSTATE[HY000] [1045] Access denied for user 'hyxfvbjq_wholesale'@'localhost' (using =[redacted]
[04-Aug-2026 16:12:52 Asia/Tehran] Catalogue database unavailable; JSON fallback selected. SQLSTATE[HY000] [1045] Access denied for user 'hyxfvbjq_wholesale'@'localhost' (using =[redacted]
[04-Aug-2026 16:14:57 Asia/Tehran] Site settings unavailable; configured fallbacks selected. SQLSTATE[HY000] [1045] Access denied for user 'hyxfvbjq_wholesale'@'localhost' (using =[redacted]
[04-Aug-2026 16:14:57 Asia/Tehran] Catalogue database unavailable; JSON fallback selected. SQLSTATE[HY000] [1045] Access denied for user 'hyxfvbjq_wholesale'@'localhost' (using =[redacted]
[04-Aug-2026 16:16:45 Asia/Tehran] Site settings unavailable; configured fallbacks selected. SQLSTATE[HY000] [1045] Access denied for user 'hyxfvbjq_wholesale'@'localhost' (using =[redacted]
[04-Aug-2026 16:16:45 Asia/Tehran] Catalogue database unavailable; JSON fallback selected. SQLSTATE[HY000] [1045] Access denied for user 'hyxfvbjq_wholesale'@'localhost' (using =[redacted]
[04-Aug-2026 16:28:21 Asia/Tehran] Site settings unavailable; configured fallbacks selected. SQLSTATE[HY000] [1045] Access denied for user 'hyxfvbjq_wholesale'@'localhost' (using =[redacted]
[04-Aug-2026 16:28:21 Asia/Tehran] Catalogue database unavailable; JSON fallback selected. SQLSTATE[HY000] [1045] Access denied for user 'hyxfvbjq_wholesale'@'localhost' (using =[redacted]
[04-Aug-2026 16:37:50 Asia/Tehran] Site settings unavailable; configured fallbacks selected. SQLSTATE[HY000] [1045] Access denied for user 'hyxfvbjq_wholesale'@'localhost' (using =[redacted]
[04-Aug-2026 16:37:50 Asia/Tehran] Catalogue database unavailable; JSON fallback selected. SQLSTATE[HY000] [1045] Access denied for user 'hyxfvbjq_wholesale'@'localhost' (using =[redacted]
[04-Aug-2026 16:42:12 Asia/Tehran] Site settings unavailable; configured fallbacks selected. SQLSTATE[HY000] [1045] Access denied for user 'hyxfvbjq_wholesale'@'localhost' (using =[redacted]
[04-Aug-2026 16:42:12 Asia/Tehran] Catalogue database unavailable; JSON fallback selected. SQLSTATE[HY000] [1045] Access denied for user 'hyxfvbjq_wholesale'@'localhost' (using =[redacted]
[04-Aug-2026 16:42:56 Asia/Tehran] Site settings unavailable; configured fallbacks selected. SQLSTATE[HY000] [1045] Access denied for user 'hyxfvbjq_wholesale'@'localhost' (using =[redacted]
[04-Aug-2026 16:42:56 Asia/Tehran] Catalogue database unavailable; JSON fallback selected. SQLSTATE[HY000] [1045] Access denied for user 'hyxfvbjq_wholesale'@'localhost' (using =[redacted]
[04-Aug-2026 16:49:42 Asia/Tehran] Site settings unavailable; configured fallbacks selected. SQLSTATE[HY000] [1045] Access denied for user 'hyxfvbjq_wholesale'@'localhost' (using =[redacted]
[04-Aug-2026 16:49:42 Asia/Tehran] Catalogue database unavailable; JSON fallback selected. SQLSTATE[HY000] [1045] Access denied for user 'hyxfvbjq_wholesale'@'localhost' (using =[redacted]
[04-Aug-2026 16:50:21 Asia/Tehran] Site settings unavailable; configured fallbacks selected. SQLSTATE[HY000] [1045] Access denied for user 'hyxfvbjq_wholesale'@'localhost' (using =[redacted]
[04-Aug-2026 16:50:21 Asia/Tehran] Catalogue database unavailable; JSON fallback selected. SQLSTATE[HY000] [1045] Access denied for user 'hyxfvbjq_wholesale'@'localhost' (using =[redacted]
[04-Aug-2026 16:52:06 Asia/Tehran] Site settings unavailable; configured fallbacks selected. SQLSTATE[HY000] [1045] Access denied for user 'hyxfvbjq_wholesale'@'localhost' (using =[redacted]
[04-Aug-2026 16:52:06 Asia/Tehran] Catalogue database unavailable; JSON fallback selected. SQLSTATE[HY000] [1045] Access denied for user 'hyxfvbjq_wholesale'@'localhost' (using =[redacted]
[04-Aug-2026 16:56:53 Asia/Tehran] Site settings unavailable; configured fallbacks selected. SQLSTATE[HY000] [1045] Access denied for user 'hyxfvbjq_wholesale'@'localhost' (using =[redacted]
[04-Aug-2026 16:56:53 Asia/Tehran] Catalogue database unavailable; JSON fallback selected. SQLSTATE[HY000] [1045] Access denied for user 'hyxfvbjq_wholesale'@'localhost' (using =[redacted]
[04-Aug-2026 16:58:19 Asia/Tehran] Site settings unavailable; configured fallbacks selected. SQLSTATE[HY000] [1045] Access denied for user 'hyxfvbjq_wholesale'@'localhost' (using =[redacted]
[04-Aug-2026 16:58:19 Asia/Tehran] Catalogue database unavailable; JSON fallback selected. SQLSTATE[HY000] [1045] Access denied for user 'hyxfvbjq_wholesale'@'localhost' (using =[redacted]
[04-Aug-2026 17:15:08 Asia/Tehran] Site settings unavailable; configured fallbacks selected. SQLSTATE[HY000] [1045] Access denied for user 'hyxfvbjq_wholesale'@'localhost' (using =[redacted]
[04-Aug-2026 17:15:08 Asia/Tehran] Catalogue database unavailable; JSON fallback selected. SQLSTATE[HY000] [1045] Access denied for user 'hyxfvbjq_wholesale'@'localhost' (using =[redacted]
[04-Aug-2026 17:16:19 Asia/Tehran] Site settings unavailable; configured fallbacks selected. SQLSTATE[HY000] [1045] Access denied for user 'hyxfvbjq_wholesale'@'localhost' (using =[redacted]
[04-Aug-2026 17:16:19 Asia/Tehran] Catalogue database unavailable; JSON fallback selected. SQLSTATE[HY000] [1045] Access denied for user 'hyxfvbjq_wholesale'@'localhost' (using =[redacted]
[04-Aug-2026 17:17:52 Asia/Tehran] Site settings unavailable; configured fallbacks selected. SQLSTATE[HY000] [1045] Access denied for user 'hyxfvbjq_wholesale'@'localhost' (using =[redacted]
[04-Aug-2026 17:17:52 Asia/Tehran] Catalogue database unavailable; JSON fallback selected. SQLSTATE[HY000] [1045] Access denied for user 'hyxfvbjq_wholesale'@'localhost' (using =[redacted]
[04-Aug-2026 17:35:23 Asia/Tehran] Site settings unavailable; configured fallbacks selected. SQLSTATE[HY000] [1045] Access denied for user 'hyxfvbjq_wholesale'@'localhost' (using =[redacted]
[04-Aug-2026 17:35:23 Asia/Tehran] Catalogue database unavailable; JSON fallback selected. SQLSTATE[HY000] [1045] Access denied for user 'hyxfvbjq_wholesale'@'localhost' (using =[redacted]
[04-Aug-2026 17:45:06 Asia/Tehran] Site settings unavailable; configured fallbacks selected. SQLSTATE[HY000] [1045] Access denied for user 'hyxfvbjq_wholesale'@'localhost' (using =[redacted]
[04-Aug-2026 17:45:06 Asia/Tehran] Catalogue database unavailable; JSON fallback selected. SQLSTATE[HY000] [1045] Access denied for user 'hyxfvbjq_wholesale'@'localhost' (using =[redacted]
[04-Aug-2026 17:45:39 Asia/Tehran] Site settings unavailable; configured fallbacks selected. SQLSTATE[HY000] [1045] Access denied for user 'hyxfvbjq_wholesale'@'localhost' (using =[redacted]
[04-Aug-2026 17:45:39 Asia/Tehran] Catalogue database unavailable; JSON fallback selected. SQLSTATE[HY000] [1045] Access denied for user 'hyxfvbjq_wholesale'@'localhost' (using =[redacted]
[04-Aug-2026 17:50:10 Asia/Tehran] Site settings unavailable; configured fallbacks selected. SQLSTATE[HY000] [1045] Access denied for user 'hyxfvbjq_wholesale'@'localhost' (using =[redacted]
[04-Aug-2026 17:50:10 Asia/Tehran] Catalogue database unavailable; JSON fallback selected. SQLSTATE[HY000] [1045] Access denied for user 'hyxfvbjq_wholesale'@'localhost' (using =[redacted]
[04-Aug-2026 17:50:48 Asia/Tehran] Site settings unavailable; configured fallbacks selected. SQLSTATE[HY000] [1045] Access denied for user 'hyxfvbjq_wholesale'@'localhost' (using =[redacted]
[04-Aug-2026 17:50:48 Asia/Tehran] Catalogue database unavailable; JSON fallback selected. SQLSTATE[HY000] [1045] Access denied for user 'hyxfvbjq_wholesale'@'localhost' (using =[redacted]
[04-Aug-2026 17:55:33 Asia/Tehran] Site settings unavailable; configured fallbacks selected. SQLSTATE[HY000] [1045] Access denied for user 'hyxfvbjq_wholesale'@'localhost' (using =[redacted]
[04-Aug-2026 17:55:33 Asia/Tehran] Catalogue database unavailable; JSON fallback selected. SQLSTATE[HY000] [1045] Access denied for user 'hyxfvbjq_wholesale'@'localhost' (using =[redacted]
[04-Aug-2026 17:56:30 Asia/Tehran] Site settings unavailable; configured fallbacks selected. SQLSTATE[HY000] [1045] Access denied for user 'hyxfvbjq_wholesale'@'localhost' (using =[redacted]
[04-Aug-2026 17:56:30 Asia/Tehran] Catalogue database unavailable; JSON fallback selected. SQLSTATE[HY000] [1045] Access denied for user 'hyxfvbjq_wholesale'@'localhost' (using =[redacted]
[04-Aug-2026 17:56:51 Asia/Tehran] Site settings unavailable; configured fallbacks selected. SQLSTATE[HY000] [1045] Access denied for user 'hyxfvbjq_wholesale'@'localhost' (using =[redacted]
[04-Aug-2026 17:56:51 Asia/Tehran] Catalogue database unavailable; JSON fallback selected. SQLSTATE[HY000] [1045] Access denied for user 'hyxfvbjq_wholesale'@'localhost' (using =[redacted]
[04-Aug-2026 18:02:05 Asia/Tehran] Site settings unavailable; configured fallbacks selected. SQLSTATE[HY000] [1045] Access denied for user 'hyxfvbjq_wholesale'@'localhost' (using =[redacted]
[04-Aug-2026 18:02:05 Asia/Tehran] Catalogue database unavailable; JSON fallback selected. SQLSTATE[HY000] [1045] Access denied for user 'hyxfvbjq_wholesale'@'localhost' (using =[redacted]
[04-Aug-2026 18:07:48 Asia/Tehran] Site settings unavailable; configured fallbacks selected. SQLSTATE[HY000] [1045] Access denied for user 'hyxfvbjq_wholesale'@'localhost' (using =[redacted]
[04-Aug-2026 18:07:48 Asia/Tehran] Catalogue database unavailable; JSON fallback selected. SQLSTATE[HY000] [1045] Access denied for user 'hyxfvbjq_wholesale'@'localhost' (using =[redacted]
[04-Aug-2026 18:11:48 Asia/Tehran] Site settings unavailable; configured fallbacks selected. SQLSTATE[HY000] [1045] Access denied for user 'hyxfvbjq_wholesale'@'localhost' (using =[redacted]
[04-Aug-2026 18:11:48 Asia/Tehran] Catalogue database unavailable; JSON fallback selected. SQLSTATE[HY000] [1045] Access denied for user 'hyxfvbjq_wholesale'@'localhost' (using =[redacted]
[04-Aug-2026 18:12:37 Asia/Tehran] Site settings unavailable; configured fallbacks selected. SQLSTATE[HY000] [1045] Access denied for user 'hyxfvbjq_wholesale'@'localhost' (using =[redacted]
[04-Aug-2026 18:12:37 Asia/Tehran] Catalogue database unavailable; JSON fallback selected. SQLSTATE[HY000] [1045] Access denied for user 'hyxfvbjq_wholesale'@'localhost' (using =[redacted]
[04-Aug-2026 18:18:56 Asia/Tehran] Site settings unavailable; configured fallbacks selected. SQLSTATE[HY000] [1045] Access denied for user 'hyxfvbjq_wholesale'@'localhost' (using =[redacted]
[04-Aug-2026 18:18:56 Asia/Tehran] Catalogue database unavailable; JSON fallback selected. SQLSTATE[HY000] [1045] Access denied for user 'hyxfvbjq_wholesale'@'localhost' (using =[redacted]
[04-Aug-2026 18:22:10 Asia/Tehran] Site settings unavailable; configured fallbacks selected. SQLSTATE[HY000] [1045] Access denied for user 'hyxfvbjq_wholesale'@'localhost' (using =[redacted]
[04-Aug-2026 18:22:10 Asia/Tehran] Catalogue database unavailable; JSON fallback selected. SQLSTATE[HY000] [1045] Access denied for user 'hyxfvbjq_wholesale'@'localhost' (using =[redacted]
[04-Aug-2026 18:24:56 Asia/Tehran] Site settings unavailable; configured fallbacks selected. SQLSTATE[HY000] [1045] Access denied for user 'hyxfvbjq_wholesale'@'localhost' (using =[redacted]
[04-Aug-2026 18:24:56 Asia/Tehran] Catalogue database unavailable; JSON fallback selected. SQLSTATE[HY000] [1045] Access denied for user 'hyxfvbjq_wholesale'@'localhost' (using =[redacted]
[04-Aug-2026 18:25:57 Asia/Tehran] Site settings unavailable; configured fallbacks selected. SQLSTATE[HY000] [1045] Access denied for user 'hyxfvbjq_wholesale'@'localhost' (using =[redacted]
[04-Aug-2026 18:25:57 Asia/Tehran] Catalogue database unavailable; JSON fallback selected. SQLSTATE[HY000] [1045] Access denied for user 'hyxfvbjq_wholesale'@'localhost' (using =[redacted]
[04-Aug-2026 18:25:57 Asia/Tehran] Admin database unavailable. SQLSTATE[HY000] [1045] Access denied for user 'hyxfvbjq_wholesale'@'localhost' (using =[redacted]
[04-Aug-2026 18:26:20 Asia/Tehran] Site settings unavailable; configured fallbacks selected. SQLSTATE[HY000] [1045] Access denied for user 'hyxfvbjq_wholesale'@'localhost' (using =[redacted]
[04-Aug-2026 18:26:20 Asia/Tehran] Catalogue database unavailable; JSON fallback selected. SQLSTATE[HY000] [1045] Access denied for user 'hyxfvbjq_wholesale'@'localhost' (using =[redacted]
[04-Aug-2026 18:26:44 Asia/Tehran] Site settings unavailable; configured fallbacks selected. SQLSTATE[HY000] [1045] Access denied for user 'hyxfvbjq_wholesale'@'localhost' (using =[redacted]
[04-Aug-2026 18:26:44 Asia/Tehran] Catalogue database unavailable; JSON fallback selected. SQLSTATE[HY000] [1045] Access denied for user 'hyxfvbjq_wholesale'@'localhost' (using =[redacted]
[04-Aug-2026 18:26:44 Asia/Tehran] Admin database unavailable. SQLSTATE[HY000] [1045] Access denied for user 'hyxfvbjq_wholesale'@'localhost' (using =[redacted]
[04-Aug-2026 18:26:54 Asia/Tehran] Site settings unavailable; configured fallbacks selected. SQLSTATE[HY000] [1045] Access denied for user 'hyxfvbjq_wholesale'@'localhost' (using =[redacted]
[04-Aug-2026 18:26:54 Asia/Tehran] Catalogue database unavailable; JSON fallback selected. SQLSTATE[HY000] [1045] Access denied for user 'hyxfvbjq_wholesale'@'localhost' (using =[redacted]
[04-Aug-2026 18:26:54 Asia/Tehran] Admin database unavailable. SQLSTATE[HY000] [1045] Access denied for user 'hyxfvbjq_wholesale'@'localhost' (using =[redacted]
[04-Aug-2026 18:27:24 Asia/Tehran] Site settings unavailable; configured fallbacks selected. SQLSTATE[HY000] [1045] Access denied for user 'hyxfvbjq_wholesale'@'localhost' (using =[redacted]
[04-Aug-2026 18:27:24 Asia/Tehran] Catalogue database unavailable; JSON fallback selected. SQLSTATE[HY000] [1045] Access denied for user 'hyxfvbjq_wholesale'@'localhost' (using =[redacted]
[04-Aug-2026 18:27:24 Asia/Tehran] Admin database unavailable. SQLSTATE[HY000] [1045] Access denied for user 'hyxfvbjq_wholesale'@'localhost' (using =[redacted]
[04-Aug-2026 18:29:42 Asia/Tehran] Site settings unavailable; configured fallbacks selected. SQLSTATE[HY000] [1045] Access denied for user 'hyxfvbjq_wholesale'@'localhost' (using =[redacted]
[04-Aug-2026 18:29:42 Asia/Tehran] Catalogue database unavailable; JSON fallback selected. SQLSTATE[HY000] [1045] Access denied for user 'hyxfvbjq_wholesale'@'localhost' (using =[redacted]
[04-Aug-2026 18:33:51 Asia/Tehran] Site settings unavailable; configured fallbacks selected. SQLSTATE[HY000] [1045] Access denied for user 'hyxfvbjq_wholesale'@'localhost' (using =[redacted]
[04-Aug-2026 18:33:51 Asia/Tehran] Catalogue database unavailable; JSON fallback selected. SQLSTATE[HY000] [1045] Access denied for user 'hyxfvbjq_wholesale'@'localhost' (using =[redacted]
[04-Aug-2026 18:33:57 Asia/Tehran] Site settings unavailable; configured fallbacks selected. SQLSTATE[HY000] [1045] Access denied for user 'hyxfvbjq_wholesale'@'localhost' (using =[redacted]
[04-Aug-2026 18:33:57 Asia/Tehran] Catalogue database unavailable; JSON fallback selected. SQLSTATE[HY000] [1045] Access denied for user 'hyxfvbjq_wholesale'@'localhost' (using =[redacted]
[04-Aug-2026 18:41:33 Asia/Tehran] Site settings unavailable; configured fallbacks selected. SQLSTATE[HY000] [1045] Access denied for user 'hyxfvbjq_wholesale'@'localhost' (using =[redacted]
[04-Aug-2026 18:41:33 Asia/Tehran] Catalogue database unavailable; JSON fallback selected. SQLSTATE[HY000] [1045] Access denied for user 'hyxfvbjq_wholesale'@'localhost' (using =[redacted]
[04-Aug-2026 18:45:47 Asia/Tehran] Site settings unavailable; configured fallbacks selected. SQLSTATE[HY000] [1045] Access denied for user 'hyxfvbjq_wholesale'@'localhost' (using =[redacted]
[04-Aug-2026 18:45:47 Asia/Tehran] Catalogue database unavailable; JSON fallback selected. SQLSTATE[HY000] [1045] Access denied for user 'hyxfvbjq_wholesale'@'localhost' (using =[redacted]
[04-Aug-2026 18:56:13 Asia/Tehran] Site settings unavailable; configured fallbacks selected. SQLSTATE[HY000] [1045] Access denied for user 'hyxfvbjq_wholesale'@'localhost' (using =[redacted]
[04-Aug-2026 18:56:13 Asia/Tehran] Catalogue database unavailable; JSON fallback selected. SQLSTATE[HY000] [1045] Access denied for user 'hyxfvbjq_wholesale'@'localhost' (using =[redacted]
[04-Aug-2026 18:56:33 Asia/Tehran] Site settings unavailable; configured fallbacks selected. SQLSTATE[HY000] [1045] Access denied for user 'hyxfvbjq_wholesale'@'localhost' (using =[redacted]
[04-Aug-2026 18:56:33 Asia/Tehran] Catalogue database unavailable; JSON fallback selected. SQLSTATE[HY000] [1045] Access denied for user 'hyxfvbjq_wholesale'@'localhost' (using =[redacted]
[04-Aug-2026 18:56:34 Asia/Tehran] Site settings unavailable; configured fallbacks selected. SQLSTATE[HY000] [1045] Access denied for user 'hyxfvbjq_wholesale'@'localhost' (using =[redacted]
[04-Aug-2026 18:56:34 Asia/Tehran] Catalogue database unavailable; JSON fallback selected. SQLSTATE[HY000] [1045] Access denied for user 'hyxfvbjq_wholesale'@'localhost' (using =[redacted]
[04-Aug-2026 18:57:46 Asia/Tehran] Site settings unavailable; configured fallbacks selected. SQLSTATE[HY000] [1045] Access denied for user 'hyxfvbjq_wholesale'@'localhost' (using =[redacted]
[04-Aug-2026 18:57:46 Asia/Tehran] Catalogue database unavailable; JSON fallback selected. SQLSTATE[HY000] [1045] Access denied for user 'hyxfvbjq_wholesale'@'localhost' (using =[redacted]
[04-Aug-2026 19:05:50 Asia/Tehran] Site settings unavailable; configured fallbacks selected. SQLSTATE[HY000] [1045] Access denied for user 'hyxfvbjq_wholesale'@'localhost' (using =[redacted]
[04-Aug-2026 19:05:50 Asia/Tehran] Catalogue database unavailable; JSON fallback selected. SQLSTATE[HY000] [1045] Access denied for user 'hyxfvbjq_wholesale'@'localhost' (using =[redacted]
[09-Aug-2026 13:20:44 Asia/Tehran] Site settings unavailable; configured fallbacks selected. SQLSTATE[HY000] [2002] No such file or directory
[09-Aug-2026 13:20:44 Asia/Tehran] Catalogue database unavailable; JSON fallback selected. SQLSTATE[HY000] [2002] No such file or directory
[15-Aug-2026 13:56:43 Asia/Tehran] Site settings unavailable; configured fallbacks selected. SQLSTATE[HY000] [2002] No such file or directory
[15-Aug-2026 13:56:43 Asia/Tehran] Catalogue database unavailable; JSON fallback selected. SQLSTATE[HY000] [2002] No such file or directory
[15-Aug-2026 13:57:34 Asia/Tehran] Site settings unavailable; configured fallbacks selected. SQLSTATE[HY000] [2002] No such file or directory
[15-Aug-2026 13:57:34 Asia/Tehran] Catalogue database unavailable; JSON fallback selected. SQLSTATE[HY000] [2002] No such file or directory
[15-Aug-2026 13:58:33 Asia/Tehran] Site settings unavailable; configured fallbacks selected. SQLSTATE[HY000] [2002] No such file or directory
[15-Aug-2026 13:58:33 Asia/Tehran] Catalogue database unavailable; JSON fallback selected. SQLSTATE[HY000] [2002] No such file or directory
[15-Aug-2026 13:58:33 Asia/Tehran] Site settings unavailable; configured fallbacks selected. SQLSTATE[HY000] [2002] No such file or directory
[15-Aug-2026 13:58:33 Asia/Tehran] Catalogue database unavailable; JSON fallback selected. SQLSTATE[HY000] [2002] No such file or directory
[15-Aug-2026 13:58:33 Asia/Tehran] Site settings unavailable; configured fallbacks selected. SQLSTATE[HY000] [2002] No such file or directory
[15-Aug-2026 13:58:33 Asia/Tehran] Catalogue database unavailable; JSON fallback selected. SQLSTATE[HY000] [2002] No such file or directory
[15-Aug-2026 13:58:33 Asia/Tehran] Site settings unavailable; configured fallbacks selected. SQLSTATE[HY000] [2002] No such file or directory
[15-Aug-2026 13:58:33 Asia/Tehran] Catalogue database unavailable; JSON fallback selected. SQLSTATE[HY000] [2002] No such file or directory
[15-Aug-2026 13:58:33 Asia/Tehran] Site settings unavailable; configured fallbacks selected. SQLSTATE[HY000] [2002] No such file or directory
[15-Aug-2026 13:58:33 Asia/Tehran] Catalogue database unavailable; JSON fallback selected. SQLSTATE[HY000] [2002] No such file or directory
[15-Aug-2026 13:58:33 Asia/Tehran] Site settings unavailable; configured fallbacks selected. SQLSTATE[HY000] [2002] No such file or directory
[15-Aug-2026 13:58:33 Asia/Tehran] Catalogue database unavailable; JSON fallback selected. SQLSTATE[HY000] [2002] No such file or directory
[15-Aug-2026 13:58:33 Asia/Tehran] Admin database unavailable. SQLSTATE[HY000] [2002] No such file or directory
[15-Aug-2026 14:07:24 Asia/Tehran] Site settings unavailable; configured fallbacks selected. SQLSTATE[HY000] [2002] No such file or directory
[15-Aug-2026 14:07:24 Asia/Tehran] Catalogue database unavailable; JSON fallback selected. SQLSTATE[HY000] [2002] No such file or directory
[16-Aug-2026 14:12:25 Asia/Tehran] Site settings unavailable; configured fallbacks selected. SQLSTATE[HY000] [2002] No such file or directory
[16-Aug-2026 14:12:25 Asia/Tehran] Catalogue database unavailable; JSON fallback selected. SQLSTATE[HY000] [2002] No such file or directory
[16-Aug-2026 14:14:33 Asia/Tehran] Site settings unavailable; configured fallbacks selected. SQLSTATE[HY000] [2002] No such file or directory
[16-Aug-2026 14:14:33 Asia/Tehran] Catalogue database unavailable; JSON fallback selected. SQLSTATE[HY000] [2002] No such file or directory
[16-Aug-2026 14:17:33 Asia/Tehran] Site settings unavailable; configured fallbacks selected. SQLSTATE[HY000] [2002] No such file or directory
[16-Aug-2026 14:17:33 Asia/Tehran] Catalogue database unavailable; JSON fallback selected. SQLSTATE[HY000] [2002] No such file or directory
[16-Aug-2026 17:03:59 Asia/Tehran] Site settings unavailable; configured fallbacks selected. SQLSTATE[HY000] [2002] No such file or directory
[16-Aug-2026 17:03:59 Asia/Tehran] Catalogue database unavailable; JSON fallback selected. SQLSTATE[HY000] [2002] No such file or directory
[16-Aug-2026 17:04:00 Asia/Tehran] Site settings unavailable; configured fallbacks selected. SQLSTATE[HY000] [2002] No such file or directory
[16-Aug-2026 17:04:00 Asia/Tehran] Catalogue database unavailable; JSON fallback selected. SQLSTATE[HY000] [2002] No such file or directory
