CACHE type 5 produced by analog 6.0/Unix. Do not modify or delete!
T	0	0	1774	248	7253	4140	33646773
D	29673670	29775547
20606	206	1	0	7990
20606	208	1	0	0
20606	233	3	0	0
20606	234	7	0	0
20606	235	10	1	0
20606	236	2	0	0
20606	246	1	0	0
20606	273	2	0	0
20606	274	9	0	0
20606	275	5	0	0
20606	276	6	0	0
20606	277	1	0	0
20606	278	4	0	0
20607	3	2	1	2
20607	4	8	3	0
20607	5	7	0	0
20607	6	3	0	0
20607	10	1	0	0
20607	29	1	0	0
20607	34	1	0	0
20607	65	2	0	0
20607	66	9	0	0
20607	67	11	1	0
20607	93	6	0	0
20607	94	5	0	0
20607	122	1	0	0
20607	185	1	0	7990
20607	202	6	0	0
20607	203	7	3	0
20607	215	3	0	0
20607	216	6	0	0
20607	218	4	0	0
20607	222	3	0	0
20607	223	5	3	0
20607	224	4	1	2
20607	226	5	0	0
20607	234	1	0	0
20607	235	2	0	0
20607	236	8	1	0
20607	237	1	0	0
20608	71	1	0	0
20608	115	3	0	0
20608	173	1	0	0
20608	212	1	0	0
20608	225	1	0	0
20608	244	2	0	0
20608	264	1	0	0
20608	271	1	0	0
20609	9	1	0	0
20609	24	1	0	0
20609	45	1	0	0
20609	48	5	0	0
20609	49	4	0	0
20609	50	3	0	0
20609	82	1	0	0
20609	109	1	0	0
20609	127	5	0	0
20609	128	9	0	0
20609	129	5	0	0
20609	130	8	0	0
20609	139	1	0	0
20609	191	1	0	0
20609	192	6	0	0
20609	193	8	0	0
20609	194	2	0	0
20609	199	1	0	0
20609	224	1	0	0
20609	225	7	0	0
20609	226	15	0	220
20609	227	17	0	0
20609	228	13	0	0
20609	229	15	0	0
20609	230	14	0	1676
20609	231	17	0	355
20609	232	13	4	2
20609	234	1	0	0
20609	276	8	0	220
20609	277	10	0	0
20609	278	1	0	0
20610	29	2	0	0
20610	37	1	0	0
20610	73	1	0	0
20610	132	5	1	2
20610	133	5	3	0
20610	214	4	0	0
20610	215	5	0	0
20610	216	6	0	0
20610	217	3	0	0
20610	225	1	0	0
20610	255	1	0	0
20610	279	1	0	0
20611	73	2	0	0
20611	107	1	0	0
20611	148	1	0	0
20611	151	1	0	0
20612	73	1	0	0
20612	122	1	0	0
20612	218	1	0	0
20613	4	1	0	0
20613	116	1	0	0
20613	131	1	0	0
20613	282	1	0	0
20614	60	1	0	0
20614	92	1	0	0
20614	196	1	0	0
20615	148	1	0	0
20615	250	1	0	0
20615	256	5	0	0
20615	257	13	0	0
20615	258	5	0	0
20616	8	1	0	0
20616	92	1	0	0
20616	145	1	0	0
20616	189	1	0	0
20616	211	1	0	0
20616	247	1	0	0
20616	275	1	0	0
20617	104	1	0	0
20617	107	1	0	0
20617	181	1	0	0
20617	200	1	0	0
20617	221	13	0	0
20617	222	12	0	0
20617	223	1	0	0
20617	278	6	0	0
20617	279	9	0	0
20617	280	4	0	0
20618	8	1	0	0
20618	103	1	0	0
20618	107	1	0	0
20618	154	1	0	0
20618	243	3	0	0
20618	244	10	0	0
20618	245	7	1	0
20618	246	1	0	0
20619	24	12	0	220
20619	25	13	0	220
20619	26	2	0	0
20619	29	1	0	0
20619	105	1	0	0
20619	106	1	0	0
20619	123	3	0	754
20619	180	1	0	0
20619	206	1	0	0
20619	227	6	0	0
20619	287	2	0	0
20620	60	1	0	0
20620	109	1	0	0
20620	189	13	0	0
20620	190	5	0	0
20620	191	12	1	0
20620	192	5	0	0
20620	230	3	0	0
20620	231	8	0	0
20620	245	1	0	0
20620	272	8	0	512
20620	274	16	0	1392
20620	286	1	0	0
20621	10	2	0	0
20621	11	15	0	0
20621	12	13	1	0
20621	13	7	0	0
20621	14	3	0	0
20621	73	1	0	0
20621	189	2	0	0
20621	191	1	0	0
20621	209	1	0	0
20621	270	1	0	0
20622	31	1	0	0
20622	129	1	0	0
20622	131	1	0	0
20622	182	1	0	0
20622	215	1	0	0
20623	18	4	0	0
20623	19	17	0	0
20623	20	16	1	0
20623	21	3	0	0
20623	180	1	0	0
20623	211	1	0	0
20624	18	9	0	0
20624	19	8	1	0
20624	20	8	0	0
20624	59	5	0	0
20624	60	11	0	0
20624	61	6	1	0
20624	62	8	0	0
20624	97	5	0	0
20624	98	17	0	0
20624	99	12	1	0
20624	100	10	0	0
20624	131	1	0	0
20624	182	1	0	0
20625	28	1	0	0
20625	49	1	0	0
20625	55	1	0	0
20625	80	1	0	0
20625	181	1	0	0
20626	30	12	0	0
20626	31	8	0	0
20626	32	3	0	0
20626	281	3	0	0
20626	282	11	0	0
20626	283	8	0	0
20627	21	1	0	0
20627	86	1	0	0
20627	87	12	0	0
20627	88	15	1	0
20627	89	3	0	0
20627	137	1	0	0
20627	287	1	0	0
20628	34	1	0	0
20628	42	1	0	0
20628	261	1	0	0
20628	276	1	0	0
20629	210	1	0	0
20629	237	1	0	0
20630	18	1	0	0
20630	39	1	0	0
20630	214	1	0	0
20630	235	1	0	0
20630	242	12	0	0
20631	26	1	0	0
20631	60	1	0	0
20631	98	1	0	0
20631	165	1	0	0
20631	174	1	0	0
20631	177	7	0	0
20631	178	1	0	0
20632	44	1	0	0
20632	107	1	0	0
20633	182	2	0	0
20633	233	1	0	0
20633	263	1	0	0
20633	270	1	0	0
20634	41	1	0	0
20634	54	1	0	0
20634	57	1	0	0
20634	63	1	0	0
20634	169	1	0	0
20634	219	1	0	0
20634	271	1	0	0
20635	18	3	0	0
20635	181	1	0	0
20635	244	1	0	0
20635	261	3	0	0
20635	262	9	0	197
20635	263	9	0	0
20635	264	1	0	0
20635	270	1	0	0
20635	274	1	0	0
20635	283	1	0	0
20635	287	1	0	0
20636	63	1	0	0
20636	75	1	0	0
20636	99	1	0	0
20636	154	1	0	0
20636	200	1	0	0
20636	204	1	0	0
20636	207	1	0	0
20636	208	2	0	0
20636	215	1	0	0
20636	241	1	0	0
20637	52	1	0	0
20637	133	1	0	0
20637	166	1	0	0
20637	192	1	0	0
20637	227	1	0	0
20637	248	1	0	0
20637	249	1	0	0
20637	252	1	0	0
20637	256	1	0	0
20638	111	1	0	0
20638	160	1	0	0
20638	174	9	0	0
20638	175	14	0	0
20638	176	14	0	0
20638	177	10	0	0
20638	178	7	0	0
20638	224	2	0	0
20638	277	1	0	0
20639	136	1	0	0
20639	148	1	0	0
20640	101	12	1	0
20640	102	8	0	0
20640	144	1	0	0
20640	168	1	0	0
20640	182	1	0	0
20640	185	16	0	0
20640	186	17	0	0
20640	187	12	1	0
20640	188	1	0	0
20641	46	1	0	0
20641	244	1	0	0
20642	165	1	0	0
20642	218	1	0	0
20642	228	1	0	0
20643	24	1	0	0
20643	117	1	0	0
20643	175	1	0	0
20647	239	1	0	0
20648	43	1	0	0
20648	67	1	0	0
20648	216	1	0	0
20648	254	1	0	0
20648	272	1	0	0
20649	252	1	0	0
20650	157	1	0	0
20650	213	1	0	0
20650	280	2	0	0
20651	203	1	0	0
20652	233	1	0	0
20653	38	1	0	0
20653	39	5	0	0
20653	40	4	0	0
20654	8	1	0	0
20655	107	1	1	3193
20655	122	1	1	3193
20655	124	1	1	3193
20656	143	1	1	5620
20656	145	1	1	27910
20656	186	1	1	5601
20656	250	2	1	54346
20656	274	1	1	5601
20656	276	1	0	130
20657	17	4	1	19555
20657	18	4	2	64960
20657	36	4	0	22369
20657	37	4	0	22334
20657	64	1	1	5601
20657	106	1	1	5601
20657	145	1	0	7110163
20657	175	1	1	5601
20657	244	1	1	5601
20657	282	1	0	0
20658	24	3	1	107301
20658	32	1	1	27976
20658	41	1	1	5601
20658	54	3	1	62066
20658	83	1	1	5601
20658	137	1	0	130
20658	141	3	1	13398
20658	151	1	1	5601
20658	152	2	2	10680
20658	168	1	1	5601
20658	174	1	1	5048
20658	182	3	1	62031
20658	183	1	1	5601
20658	216	2	2	11234
20658	220	1	1	5634
20658	281	1	1	5939
20659	29	1	1	5939
20659	50	3	1	24723
20659	54	1	1	5939
20659	106	1	1	5939
20659	115	1	1	5939
20659	124	1	0	130
20659	127	1	1	5939
20659	133	1	0	130
20659	144	4	1	24437
20659	151	1	0	130
20659	183	1	1	6883
20659	216	2	1	6964
20659	225	1	0	7110163
20659	230	3	3	20595
20659	252	2	2	12921
20659	274	4	2	111364
20660	21	1	1	6937
20660	43	1	0	9383
20660	140	1	1	6937
20660	201	1	1	6196
20660	205	1	1	6937
20660	260	1	0	130
20661	9	1	1	33115
20661	61	4	1	32980
20661	70	1	1	6937
20661	71	1	0	130
20661	104	1	1	6937
20661	154	1	1	6196
20661	171	1	1	6937
20661	240	1	1	6937
20661	272	5	1	97250
20661	276	2	1	55682
20661	287	1	1	6937
20662	3	1	1	6937
20662	13	1	1	6937
20662	24	1	0	130
20662	26	1	0	130
20662	29	1	0	130
20662	33	1	1	6196
20662	62	2	1	6326
20662	72	1	1	6937
20662	138	1	1	6937
20662	139	1	1	6937
20662	151	1	0	130
20662	165	1	1	6937
20662	166	2	1	55682
20662	182	5	1	23082
20662	208	3	3	0
20662	264	1	0	130
20662	272	1	1	6937
20662	277	4	1	152966
20662	284	1	0	130
20663	2	1	1	33115
20663	5	1	1	6937
20663	97	3	1	23597
20663	109	1	1	6937
20663	155	2	1	6326
20663	178	1	1	6937
20663	241	1	0	130
20663	245	1	1	6937
20663	250	1	1	6937
20663	281	2	1	55682
20664	22	1	1	6937
20664	36	1	1	6937
20664	86	1	1	6937
20664	92	1	0	130
20664	121	1	1	6937
20664	152	1	1	6937
20664	209	1	0	130
20664	214	1	0	130
20664	221	1	1	6937
20664	259	1	1	6937
20664	287	4	0	27682
20665	25	1	1	6937
20665	32	3	1	15029
20665	55	2	1	7067
20665	83	1	1	6904
20665	93	2	1	6326
20665	123	2	2	13874
20665	155	1	0	130
20665	190	1	1	6937
20665	248	1	1	6937
20665	284	2	2	13874
20666	27	1	1	6937
20666	28	2	1	13563
20666	30	1	0	5721
20666	32	1	0	4446
20666	34	1	0	5582
20666	36	1	0	4414
20666	51	1	0	130
20666	90	1	1	6937
20666	106	1	1	6904
20666	163	1	1	6937
20666	214	1	1	6937
20667	6	1	1	6937
20667	58	4	0	27748
20667	65	1	1	6937
20667	89	2	1	6326
20667	90	1	0	17271
20667	98	1	0	130
20667	196	1	1	6937
20667	224	1	1	6937
20667	242	1	1	6196
20667	247	2	1	55682
20667	258	1	1	6937
20668	33	1	1	6937
20668	63	1	1	6937
20668	96	1	1	6937
20668	100	1	0	5593
20668	127	1	0	130
20668	128	1	0	130
20668	150	1	0	6843
20668	162	1	1	6937
20668	163	3	1	15029
20668	261	2	1	55682
20669	5	1	1	6937
20669	46	1	0	130
20669	93	2	1	6326
20669	105	1	0	6574
20669	128	1	1	6904
20669	136	1	1	6937
20669	139	1	0	6535
20669	172	1	1	6196
20669	196	2	2	13874
20669	260	1	1	6937
20669	266	2	1	55682
20670	118	1	0	4423
20670	135	1	0	4428
20670	154	1	0	4170
20670	157	1	1	6788
20670	167	1	1	6788
20670	174	1	1	6788
20670	188	2	1	6131
20670	189	2	0	26654
20670	190	5	2	87352
20670	233	1	1	6745
20670	274	1	0	13064
20671	8	1	1	6747
20671	35	1	1	6747
20671	51	1	0	5751
20671	70	1	1	6747
20671	93	7	3	51034
20671	94	1	0	48745
20671	98	3	1	59489
20671	108	1	0	6912
20671	109	1	0	5165
20671	128	1	0	12808
20671	143	1	0	36964
20671	145	1	0	13064
20671	146	1	0	36594
20671	153	1	0	4436
20671	184	1	0	15121
20671	194	1	0	5202
20671	196	1	0	5560
20671	201	1	1	6747
20671	205	1	0	4449
20671	206	2	0	9683
20671	243	3	3	100842
20672	7	2	1	55492
20672	24	4	1	94012
20672	25	1	1	6747
20672	26	1	1	6747
20672	27	3	1	34466
20672	28	4	0	108153
20672	30	1	0	6874
20672	33	1	0	15112
20672	34	1	1	6747
20672	36	1	0	4458
20672	37	1	1	6747
20672	40	1	1	6747
20672	57	1	0	6874
20672	59	1	1	6747
20672	60	1	0	5190
20672	105	1	0	130
20672	106	1	1	6747
20672	172	2	1	6134
20672	185	1	1	6747
20672	227	3	1	34466
20672	230	14	2	77621
20672	232	1	0	971
20672	253	1	1	6747
20673	6	2	1	6877
20673	23	1	0	5707
20673	25	1	1	6747
20673	26	1	0	7110163
20673	28	1	0	4428
20673	30	1	0	4447
20673	32	1	1	6747
20673	52	1	0	6497
20673	86	1	0	130
20673	88	1	1	6747
20673	94	1	1	6004
20673	101	1	0	7311
20673	104	2	0	9998
20673	105	1	0	4431
20673	107	1	0	4456
20673	149	1	0	7110163
20673	151	1	1	6747
20673	170	3	2	62239
20673	171	1	1	6747
20673	172	1	1	6747
20673	173	1	0	48745
20673	197	19	2	458487
20673	244	1	0	4463
20673	268	4	1	45397
20673	277	1	0	4627
20673	284	1	0	3797
20673	285	4	1	16999
20673	286	1	1	6747
20674	24	1	1	6747
20674	36	1	0	4435
20674	59	1	0	4437
20674	63	1	0	6911
20674	74	1	0	6842
20674	80	3	3	0
20674	93	1	0	4462
20674	110	1	0	5213
20674	111	1	1	6747
20674	146	1	1	6747
20674	174	1	1	6747
20674	195	1	1	0
20674	236	1	1	6747
20674	261	1	1	6747
20674	280	1	1	6747
20675	10	1	1	6714
20675	98	2	1	6747
20675	120	1	1	6714
20675	173	1	1	6714
20675	190	1	1	6747
20675	191	4	2	13754
20675	192	4	0	77040
20675	200	1	0	130
20675	262	1	1	6714
20675	269	1	1	6747
20676	7	1	1	6747
20676	11	1	1	6747
20676	37	1	1	6747
20676	86	1	1	6747
20676	101	3	3	20241
20676	116	2	1	6747
20676	232	2	1	55492
20676	247	1	1	6747
20676	285	1	0	6563
20677	10	1	0	4346
20677	12	1	0	5201
20677	14	1	0	5576
20677	18	1	0	5583
20677	20	1	0	6915
20677	21	1	0	5197
20677	25	2	0	8882
20677	31	2	0	10837
20677	33	1	0	6909
20677	35	2	0	9600
20677	36	1	0	4437
20677	38	1	0	4436
20677	41	1	0	5683
20677	42	1	0	6840
20677	44	1	0	4440
20677	49	2	0	10007
20677	50	1	0	5564
20677	52	1	0	5738
20677	53	2	0	10018
20677	55	1	0	5561
20677	56	1	0	5573
20677	57	1	0	5605
20677	61	1	0	4446
20677	63	1	0	5177
20677	64	2	0	8839
20677	65	2	0	9630
20677	68	2	1	12319
20677	69	1	0	4445
20677	70	1	0	5582
20677	71	1	0	6444
20677	72	1	0	4432
20677	73	2	1	11191
20677	74	1	0	5169
20677	75	2	0	11287
20677	77	2	0	10691
20677	78	3	0	16873
20677	80	2	1	11142
20677	81	1	0	5716
20677	82	3	0	16158
20677	85	1	0	5151
20677	89	2	0	8869
20677	90	1	0	4431
20677	91	2	0	9599
20677	94	2	0	12124
20677	95	1	0	6588
20677	96	10	0	50971
20677	97	5	0	26744
20677	98	3	0	14632
20677	99	4	0	19958
20677	100	4	0	19636
20677	101	2	0	10018
20677	102	12	0	57519
20677	103	16	1	82981
20677	104	28	0	138619
20677	106	1	0	5611
20677	133	1	0	130
1	1	0	0	0	29675211	0	0	29675211	0	0	0	/2/wp-cron.php?doing_wp_cron=1780413704.0571839809417724609375
1	0	0	1	0	0	29689591	0	0	29689591	0	0	/55b76.php
1	1	0	0	0	29678347	0	0	29678347	0	0	0	/2/wp-cron.php?doing_wp_cron=1780601831.3613269329071044921875
1	1	0	0	0	29770109	0	0	29770109	0	0	30048	/assets/images/catalog/womens-round-neck-pleated-sleeve-blouse/01-6766.webp
1	0	0	2	5	0	29740519	29760771	0	29722111	29746264	0	/sixxis.php
1	1	0	0	0	29674417	0	0	29674417	0	0	0	/2/wp-cron.php?doing_wp_cron=1780366036.4072740077972412109375
1	1	0	0	0	29698655	0	0	29698655	0	0	0	/2/wp-cron.php?doing_wp_cron=1781820317.1907188892364501953125
1	1	0	0	0	29691979	0	0	29691979	0	0	377	http://raspinaclothing.com/sitemap_index.xml
1	0	0	1	0	0	29678103	0	0	29678103	0	0	/wpn.php
1	1	0	0	0	29722109	0	0	29722109	0	0	0	/2/wp-cron.php?doing_wp_cron=1783227589.9705700874328613281250
1	1	0	0	0	29694306	0	0	29694306	0	0	0	/2/wp-cron.php?doing_wp_cron=1781559408.2350709438323974609375
1	1	0	0	0	29698868	0	0	29698868	0	0	0	/2/wp-cron.php?doing_wp_cron=1781833091.8503599166870117187500
1	1	0	0	0	29684460	0	0	29684460	0	0	0	/2/wp-cron.php?doing_wp_cron=1780968609.2863869667053222656250
1	0	0	12	0	0	29699057	0	0	29674415	0	0	/sf.php
1	0	0	0	2	0	0	29747492	0	0	29747441	0	/whtrq.php
1	0	0	3	2	0	29740520	29750390	0	29708414	29744747	0	/odf7udtspqtpxzyxmw2rcCdefault.php
1	0	0	0	1	0	0	29750390	0	0	29750390	0	/ws83.php?p=
1	0	0	2	0	0	29715715	0	0	29691482	0	0	/wp-omao.php
1	0	0	2	0	0	29674408	0	0	29673809	0	0	/mono-one.php
1	0	0	0	3	0	0	29751334	0	0	29749167	0	/cgborhkh.php
1	0	0	2	0	0	29699059	0	0	29678350	0	0	/wp-update.php
1	1	0	0	0	29707395	0	0	29707395	0	0	0	/2/wp-cron.php?doing_wp_cron=1782344738.2640368938446044921875
1	1	0	0	0	29678108	0	0	29678108	0	0	0	/2/wp-cron.php?doing_wp_cron=1780587492.4968121051788330078125
1	0	0	1	0	0	29678112	0	0	29678112	0	0	/wp-includes/l10n/class-wp-translations-interface.php
1	0	0	2	0	0	29678089	0	0	29675158	0	0	/wp-content/hello.php
1	1	0	0	0	29678106	0	0	29678106	0	0	0	/2/wp-cron.php?doing_wp_cron=1780587370.0698220729827880859375
1	1	0	0	0	29677206	0	0	29677206	0	0	0	/2/wp-cron.php?doing_wp_cron=1780533379.3421509265899658203125
1	1	0	0	0	29698863	0	0	29698863	0	0	0	/2/wp-cron.php?doing_wp_cron=1781832833.3318159580230712890625
1	0	0	7	0	0	29719600	0	0	29677601	0	0	/domains.php
1	0	0	0	3	0	0	29751334	0	0	29749167	0	/amba5.php
1	0	0	0	2	0	0	29678124	0	0	29676096	0	/wp-includes/blocks/post-terms/
1	0	0	1	2	0	29678104	29760771	0	29678104	29757598	0	/memberfuns.php
1	1	0	0	0	29674020	0	0	29674020	0	0	0	/2/wp-cron.php?doing_wp_cron=1780342210.9523999691009521484375
1	0	0	1	0	0	29678105	0	0	29678105	0	0	/wp-includes/widgets/bypass.php
1	1	0	0	0	29719592	0	0	29719592	0	0	0	/2/wp-cron.php?doing_wp_cron=1783076552.8768200874328613281250
1	0	0	1	0	0	29678101	0	0	29678101	0	0	/wp-includes/js/dist/default.php
1	1	0	0	0	29686891	0	0	29686891	0	0	0	/2/wp-cron.php?doing_wp_cron=1781114506.6089301109313964843750
1	0	0	1	0	0	29678095	0	0	29678095	0	0	/wp-admin/user/network.php
1	0	0	2	0	0	29678121	0	0	29675197	0	0	/wp-content/plugins/WordPressCore/
1	0	0	0	4	0	0	29768845	0	0	29756925	0	/zup.php73
1	0	0	4	1	0	29702853	29750390	0	29689588	29750390	0	/wp-p2r3q9c8k4.php
1	0	0	1	0	0	29678095	0	0	29678095	0	0	/wp-admin/user/about.php
1	0	0	2	0	0	29678122	0	0	29675202	0	0	/.trash7309/
1	0	0	2	0	0	29678089	0	0	29675159	0	0	/wp-includes/style-engine/worksec.php
1	0	0	1	0	0	29699056	0	0	29699056	0	0	/sterJs.php
1	0	0	0	2	0	0	29747495	0	0	29747442	0	/xcakx.php
1	1	0	0	0	29689878	0	0	29689878	0	0	0	/2/wp-cron.php?doing_wp_cron=1781293734.7527658939361572265625
1	1	0	0	0	29694163	0	0	29694163	0	0	64	/.well-known/acme-challenge/TE5D8BI0OUK9GSF1YGU22HKDUJ0__ZZL
1	0	0	2	0	0	29678124	0	0	29676097	0	0	/wp-content/plugins/jupiterx-core/
1	1	0	0	0	29678089	0	0	29678089	0	0	0	/2/wp-cron.php?doing_wp_cron=1780586387.0758841037750244140625
1	1	0	0	0	29718111	0	0	29718111	0	0	0	/2/wp-cron.php?doing_wp_cron=1782987707.6257150173187255859375
1	0	0	13	1	0	29722529	29744883	0	29673807	29744883	0	/wpconf.php
1	1	0	0	0	29769656	0	0	29769656	0	0	4456	/wholesale?product=womens-leaf-print-button-front-v-neck-tunic
1	1	0	0	0	29697216	0	0	29697216	0	0	0	/2/wp-cron.php?doing_wp_cron=1781734006.7548611164093017578125
1	0	0	1	0	0	29678105	0	0	29678105	0	0	/wordpress/wp-includes/class-wp-http-ixr-client-view.php
1	0	0	2	0	0	29699054	0	0	29678344	0	0	/revealability.php
1	0	0	0	2	0	0	29678123	0	0	29675211	0	/wp-includes/js/tinymce/skins/
1	0	0	11	0	0	29722110	0	0	29673819	0	0	/file31.php
1	1	0	0	0	29775202	0	0	29775202	0	0	4447	/wholesale?product=womens-dark-blue-tiered-tencel-top
1	0	0	0	1	0	0	29750391	0	0	29750391	0	/knmt.php
1	0	0	0	1	0	0	29750390	0	0	29750390	0	/ws75.php?p=
1	1	0	0	0	29775380	0	0	29775380	0	0	5194	/product/womens-striped-gaiter-blouse
1	1	0	0	0	29689594	0	0	29689594	0	0	0	/2/wp-cron.php?doing_wp_cron=1781276656.6720440387725830078125
1	0	0	0	20	0	0	29760771	0	0	29673820	0	/wp-includes/assets/
1	0	0	0	1	0	0	29750390	0	0	29750390	0	/bxodh.php
1	1	0	0	0	29677925	0	0	29677925	0	0	0	/2/wp-cron.php?doing_wp_cron=1780576548.4752159118652343750000
1	0	0	2	0	0	29678123	0	0	29675211	0	0	/assets/js/
1	1	0	0	0	29718525	0	0	29718525	0	0	0	/2/wp-cron.php?doing_wp_cron=1783012502.2005460262298583984375
1	0	0	1	0	0	29678117	0	0	29678117	0	0	/admin/assets/plugins/jQuery-File-Upload/server/php/index.php
1	0	0	1	0	0	29678107	0	0	29678107	0	0	/wp-content/themes/pridmag/db.php
1	1	0	0	0	29740518	0	0	29740518	0	0	0	/2/wp-cron.php?doing_wp_cron=1784332117.3299350738525390625000
1	1	0	0	0	29713169	0	0	29713169	0	0	0	/2/wp-cron.php?doing_wp_cron=1782691152.6012918949127197265625
1	0	0	1	3	0	29689590	29751334	0	29689590	29749167	0	/abrand.php
1	1	0	0	0	29722527	0	0	29722527	0	0	0	/2/wp-cron.php?doing_wp_cron=1783252675.0727460384368896484375
1	0	0	1	0	0	29678117	0	0	29678117	0	0	/wp-includes/l10n/class-wp-translations-library.php 
1	0	0	19	7	0	29735040	29768844	0	29673816	29744884	0	/simple.php
1	0	0	6	1	0	29722538	29744884	0	29673818	29744884	0	/file25.php
1	0	0	1	2	0	29701596	29747495	0	29701596	29747443	0	/mga.php
1	0	0	1	0	0	29678101	0	0	29678101	0	0	/wp-admin/theme-editor.php
1	0	0	4	1	0	29722529	29744883	0	29697215	29744883	0	/199.php
1	0	0	4	0	0	29678095	0	0	29675092	0	0	/wp-includes/ID3/index.php
1	1	0	0	0	29775390	0	0	29775390	0	0	5743	/product/womens-plated-pants
1	0	0	9	0	0	29719611	0	0	29674021	0	0	/files/log.php
1	0	0	11	6	0	29719592	29768844	0	29674014	29745195	0	/alfa.php
1	1	0	0	0	29689586	0	0	29689586	0	0	0	/2/wp-cron.php?doing_wp_cron=1781276175.1946780681610107421875
1	0	0	0	4	0	0	29679063	0	0	29674099	0	/wp-includes/IXR/
1	0	0	2	0	0	29678092	0	0	29675192	0	0	/wp-admin/css/colors/blue/wp-trackback.php
1	0	0	1	0	0	29678108	0	0	29678108	0	0	/wp-includes/edit-tags.php
1	1	0	0	0	29722526	0	0	29722526	0	0	0	/2/wp-cron.php?doing_wp_cron=1783252558.2832360267639160156250
1	0	0	1	0	0	29678115	0	0	29678115	0	0	/wp-includes/wp-2019.php
1	0	0	0	2	0	0	29747494	0	0	29747442	0	/bivvw.php
1	0	0	1	0	0	29678111	0	0	29678111	0	0	/assets/about.php
1	1	0	0	0	29686889	0	0	29686889	0	0	0	/2/wp-cron.php?doing_wp_cron=1781114357.9337859153747558593750
1	1	0	0	0	29699053	0	0	29699053	0	0	0	/2/wp-cron.php?doing_wp_cron=1781844226.4400279521942138671875
1	1	0	0	0	29718560	0	0	29718560	0	0	0	/2/wp-cron.php?doing_wp_cron=1783014628.7568778991699218750000
1	1	0	0	0	29726509	0	0	29726509	0	0	0	/2/wp-cron.php?doing_wp_cron=1783491564.7164919376373291015625
1	0	0	1	0	0	29699059	0	0	29699059	0	0	/2026.php
1	1	0	0	0	29675210	0	0	29675210	0	0	0	/2/wp-cron.php?doing_wp_cron=1780413648.2017700672149658203125
1	0	0	0	2	0	0	29678123	0	0	29675211	0	/wp-content/languages/plugins/
1	0	0	20	12	0	29740519	29768844	0	29674014	29745195	0	/wp-good.php
1	1	0	0	0	29702854	0	0	29702854	0	0	0	/2/wp-cron.php?doing_wp_cron=1782072242.9346699714660644531250
1	1	0	0	0	29717047	0	0	29717047	0	0	0	/2/wp-cron.php?doing_wp_cron=1782923853.2016100883483886718750
1	1	0	0	0	29775281	0	0	29775281	0	0	4428	/wholesale?product=womens-pleated-midi-dress
1	1	0	0	0	29674417	0	0	29674417	0	0	0	/2/wp-cron.php?doing_wp_cron=1780366062.7362329959869384765625
1	0	0	2	3	0	29740521	29750391	0	29689592	29747442	0	/inege.php
1	0	0	1	0	0	29689586	0	0	29689586	0	0	/66t.php
1	0	0	0	2	0	0	29747494	0	0	29747442	0	/uazsl.php
1	0	0	1	0	0	29678103	0	0	29678103	0	0	/wp-includes/customize/class-wp-customize-nav-menu-section-boolean.php
1	0	0	1	0	0	29678104	0	0	29678104	0	0	/XxX.php
1	0	0	1	0	0	29678095	0	0	29678095	0	0	/wp-content/plugins/seoo/about.php
1	0	0	0	9	0	0	29768844	0	0	29674099	0	/wp-includes/fonts/
1	0	0	2	0	0	29709527	0	0	29708411	0	0	/nz.php
1	0	0	1	0	0	29678350	0	0	29678350	0	0	/v2.php
1	1	0	0	0	29674021	0	0	29674021	0	0	0	/2/wp-cron.php?doing_wp_cron=1780342271.4772520065307617187500
1	0	0	1	0	0	29678114	0	0	29678114	0	0	/wp-includes/Requests/Auth/index.php
1	0	0	9	0	0	29719594	0	0	29674015	0	0	/about/chosen.php
1	0	0	1	0	0	29718067	0	0	29718067	0	0	/administrator/components/com_sppagebuilder/sppagebuilder.xml?135.148.195.1
1	0	0	1	0	0	29678109	0	0	29678109	0	0	/wp-content/plugins/pwnd/cloud.php
1	1	0	0	0	29694303	0	0	29694303	0	0	0	/2/wp-cron.php?doing_wp_cron=1781559195.8516499996185302734375
1	0	0	1	5	0	29701596	29755803	0	29701596	29749167	0	/iov.php
1	0	0	1	0	0	29678104	0	0	29678104	0	0	/wp-includes/js/tinymce/langs/about.php
1	0	0	0	3	0	0	29751334	0	0	29749167	0	/anczg.php
1	0	0	1	0	0	29699051	0	0	29699051	0	0	/ole.php
1	1	0	0	0	29722108	0	0	29722108	0	0	0	/2/wp-cron.php?doing_wp_cron=1783227495.6376159191131591796875
1	0	0	1	0	0	29678112	0	0	29678112	0	0	/images/av.php
1	0	0	0	1	0	0	29750391	0	0	29750391	0	/wp-link10.php
1	0	0	2	0	0	29678124	0	0	29676096	0	0	/wp-content/themes/Avada/includes/
1	0	0	2	0	0	29678121	0	0	29675197	0	0	/wp-content/plugins/dummyyummy/
1	1	0	0	0	29689876	0	0	29689876	0	0	0	/2/wp-cron.php?doing_wp_cron=1781293616.4395809173583984375000
1	1	0	0	0	29697226	0	0	29697226	0	0	0	/2/wp-cron.php?doing_wp_cron=1781734581.8925030231475830078125
1	1	0	0	0	29677205	0	0	29677205	0	0	0	/2/wp-cron.php?doing_wp_cron=1780533348.9278419017791748046875
1	1	0	0	0	29677611	0	0	29677611	0	0	0	/2/wp-cron.php?doing_wp_cron=1780557680.5020020008087158203125
1	0	0	1	0	0	29678113	0	0	29678113	0	0	/wp-content/raw.php
1	1	0	0	0	29686885	0	0	29686885	0	0	0	/2/wp-cron.php?doing_wp_cron=1781114115.7057609558105468750000
1	0	0	1	0	0	29678093	0	0	29678093	0	0	/wp-includes/assets/about.php
1	0	0	4	0	0	29679066	0	0	29674101	0	0	/include/
1	1	0	0	0	29673807	0	0	29673807	0	0	0	/2/wp-cron.php?doing_wp_cron=1780329453.1216259002685546875000
1	0	0	1	0	0	29691487	0	0	29691487	0	0	/wp-class-atom.php
1	0	0	9	0	0	29719611	0	0	29674021	0	0	/images
1	0	0	1	0	0	29678103	0	0	29678103	0	0	/wp-files.php
1	0	0	1	0	0	29740513	0	0	29740513	0	0	/wp-includes/class-wp-customize-setting-request.php
1	1	0	0	0	29775363	0	0	29775363	0	0	5175	/product/womens-knit-dress
1	0	0	1	0	0	29678113	0	0	29678113	0	0	/css/adminfusm.php
1	0	0	0	3	0	0	29751334	0	0	29749167	0	/ibcqocdtu3eovdx2hwj7Cdefault.php
1	0	0	1	2	0	29689593	29747495	0	29689593	29747442	0	/ws86.php
1	0	0	2	0	0	29740515	0	0	29740515	0	0	/uploads/careers1698386936.php
1	1	0	0	0	29695196	0	0	29695196	0	0	0	/2/wp-cron.php?doing_wp_cron=1781612780.9411900043487548828125
1	1	0	0	0	29691144	0	0	29691144	0	0	0	/2/wp-cron.php?doing_wp_cron=1781369686.6412301063537597656250
1	0	0	1	0	0	29674549	0	0	29674549	0	0	/999.php
1	0	0	2	0	0	29678088	0	0	29675155	0	0	/zwso.php
1	0	0	1	1	0	29715714	29750391	0	29715714	29750391	0	/cc13.php
1	0	0	2	0	0	29691490	0	0	29678115	0	0	/retu11.PhP7
1	0	0	2	0	0	29678093	0	0	29675192	0	0	/wp-content/uploads/about.php
1	0	0	1	0	0	29678117	0	0	29678117	0	0	/assets/images/accesson.php
1	1	0	0	0	29699048	0	0	29699048	0	0	0	/2/wp-cron.php?doing_wp_cron=1781843895.3571989536285400390625
1	0	0	1	0	0	29678345	0	0	29678345	0	0	/mifta.php
1	0	0	2	0	0	29693957	0	0	29692497	0	0	/auto.php
1	0	0	0	1	0	0	29772018	0	0	29772018	0	/ftp-sync.json
1	0	0	1	0	0	29678100	0	0	29678100	0	0	/.well-known/content.php
1	0	0	1	0	0	29678110	0	0	29678110	0	0	/wp-includes/SimplePie/XML/content.php
1	1	0	0	0	29694303	0	0	29694303	0	0	0	/2/wp-cron.php?doing_wp_cron=1781559188.2517180442810058593750
1	0	0	1	0	0	29715716	0	0	29715716	0	0	/qlex1.php
1	0	0	32	10	0	29740519	29767820	0	29673813	29744883	0	/8.php
1	0	0	5	1	0	29722529	29744883	0	29697215	29744883	0	/177.php
1	0	0	1	0	0	29691486	0	0	29691486	0	0	/yw5bi63u.php
1	0	0	0	1	0	0	29745196	0	0	29745196	0	/readme.php
1	1	0	0	0	29696756	0	0	29696756	0	0	0	/2/wp-cron.php?doing_wp_cron=1781706386.2611079216003417968750
1	0	0	0	1	0	0	29751334	0	0	29751334	0	/this_is_a_new_hello_world.php?135.148.195.1
1	0	0	10	1	0	29719604	29745195	0	29674013	29745195	0	/ws81.php
1	0	0	1	0	0	29678118	0	0	29678118	0	0	/wp-admin/dofault.php
1	0	0	0	2	0	0	29747492	0	0	29747441	0	/jvtsa.php
1	0	0	1	1	0	29678344	29745195	0	29678344	29745195	0	/xda.php
1	1	0	0	0	29740516	0	0	29740516	0	0	0	/2/wp-cron.php?doing_wp_cron=1784331995.6967079639434814453125
1	1	0	0	0	29770545	0	0	29770545	0	0	4439	/wholesale?product=womens-gaiter-waist-long-dress
1	0	0	14	1	0	29722540	29744884	0	29673820	29744884	0	/xstelth.php
1	0	0	0	1	0	0	29746264	0	0	29746264	0	/adjig.php
1	1	0	0	0	29719592	0	0	29719592	0	0	0	/2/wp-cron.php?doing_wp_cron=1783076575.9786911010742187500000
1	0	0	0	3	0	0	29751334	0	0	29749167	0	/r9pbhistk1lifhnjadpCdefault.php
1	0	0	11	1	0	29722537	29744884	0	29673816	29744884	0	/als.php
1	0	0	2	0	0	29686891	0	0	29677211	0	0	/ca4.php
1	0	0	1	0	0	29740512	0	0	29740512	0	0	/wp-includes/class-wp-hook-add.php
1	1	0	0	0	29693956	0	0	29693956	0	0	0	/2/wp-cron.php?doing_wp_cron=1781538376.3580958843231201171875
1	1	0	0	0	29719607	0	0	29719607	0	0	0	/2/wp-cron.php?doing_wp_cron=1783077435.7082710266113281250000
1	0	0	1	0	0	29678104	0	0	29678104	0	0	/wp-includes/js/codemirror/index.php
1	0	0	1	1	0	29674550	29759161	0	29674550	29759161	0	/file9.php
1	0	0	2	2	0	29719594	29759161	0	29698662	29745195	0	/3.php
1	1	0	0	0	29722536	0	0	29722536	0	0	0	/2/wp-cron.php?doing_wp_cron=1783253164.6335370540618896484375
1	0	0	1	0	0	29678119	0	0	29678119	0	0	/wp-includes/customize/wp-conflg.php
1	1	0	0	0	29689963	0	0	29689963	0	0	0	/2/wp-cron.php?doing_wp_cron=1781298831.8505170345306396484375
1	0	0	1	0	0	29689590	0	0	29689590	0	0	/ws75.php
1	0	0	1	0	0	29740516	0	0	29740516	0	0	/wp-includes/ms-files-branch.php
1	0	0	4	0	0	29719595	0	0	29677599	0	0	/makeasmtp.php
1	0	0	1	0	0	29678096	0	0	29678096	0	0	/.well-known/acme-challenge/install.php
1	1	0	0	0	29694163	0	0	29694163	0	0	64	/.well-known/acme-challenge/CUY9L9B3HPQMYDW_D2W8PDZHVAQ0YXW4
1	0	0	0	2	0	0	29678091	0	0	29675172	0	/.well-known/pki-validation/mariju.php
1	3	0	0	0	29770109	0	0	29766174	0	0	39192	/assets/images/catalog/womens-satin-pants/01-6838.webp
1	0	0	0	2	0	0	29747492	0	0	29747442	0	/jodohghi.php
1	1	0	0	0	29689588	0	0	29689588	0	0	0	/2/wp-cron.php?doing_wp_cron=1781276334.1508319377899169921875
1	1	0	0	0	29702855	0	0	29702855	0	0	0	/2/wp-cron.php?doing_wp_cron=1782072358.2683711051940917968750
1	1	0	0	0	29678101	0	0	29678101	0	0	0	/2/wp-cron.php?doing_wp_cron=1780587116.7163379192352294921875
1	1	0	0	0	29722533	0	0	29722533	0	0	0	/2/wp-cron.php?doing_wp_cron=1783253016.4821879863739013671875
1	0	0	0	1	0	0	29745195	0	0	29745195	0	/nf.php
1	0	0	1	0	0	29678105	0	0	29678105	0	0	/wp-includes/assets/script-modules-packages.min-meta.php
1	0	0	2	0	0	29678123	0	0	29675212	0	0	/wp-content/plugins/easy-themes-manager/
1	0	0	1	1	0	29678346	29759161	0	29678346	29759161	0	/file4.php
1	0	0	1	0	0	29715710	0	0	29715710	0	0	/filesss.php
1	1	0	0	0	29694307	0	0	29694307	0	0	0	/2/wp-cron.php?doing_wp_cron=1781559475.5948879718780517578125
1	0	0	15	2	0	29719602	29750390	0	29674010	29745195	0	/166.php
1	0	0	1	1	0	29689587	29750390	0	29689587	29750390	0	/gpt-sh.php
1	1	0	0	0	29699049	0	0	29699049	0	0	0	/2/wp-cron.php?doing_wp_cron=1781843986.1903209686279296875000
1	0	0	0	1	0	0	29750391	0	0	29750391	0	/ws69.php
1	0	0	1	2	0	29701596	29747492	0	29701596	29747441	0	/kikikoko.php
1	1	0	0	0	29691147	0	0	29691147	0	0	0	/2/wp-cron.php?doing_wp_cron=1781369832.7101171016693115234375
1	0	0	0	1	0	0	29750390	0	0	29750390	0	/a332.php
1	0	0	5	3	0	29689878	29751334	0	29677208	29749167	0	/tx79.php
1	1	0	0	0	29722539	0	0	29722539	0	0	0	/2/wp-cron.php?doing_wp_cron=1783253372.0143530368804931640625
1	0	0	2	0	0	29693957	0	0	29692498	0	0	/wp-form.php
1	0	0	0	3	0	0	29759161	0	0	29752903	0	/ls.php
1	1	0	0	0	29763886	0	0	29763886	0	0	6574	/collection/dress
1	1	0	0	0	29673807	0	0	29673807	0	0	0	/2/wp-cron.php?doing_wp_cron=1780329461.7593619823455810546875
1	0	0	1	0	0	29678103	0	0	29678103	0	0	/wp-content/themes/twentytwentyfour/functions.php
1	1	0	0	0	29677611	0	0	29677611	0	0	0	/2/wp-cron.php?doing_wp_cron=1780557713.6476209163665771484375
1	0	0	1	0	0	29678111	0	0	29678111	0	0	/wp-error_log.php
1	0	0	1	0	0	29701597	0	0	29701597	0	0	/llyuxaqd.php
1	0	0	2	0	0	29676743	0	0	29676094	0	0	/secrets.json
1	0	0	1	0	0	29678100	0	0	29678100	0	0	/wp-admin/network/admin.php
1	0	0	3	0	0	29689876	0	0	29677924	0	0	/x402.php
1	0	0	3	1	0	29691482	29750390	0	29678117	29750390	0	/wp-admin/css/bolt.php
1	0	0	1	0	0	29678108	0	0	29678108	0	0	/wp-includes/js/thickbox/about.php
1	1	0	0	0	29697216	0	0	29697216	0	0	0	/2/wp-cron.php?doing_wp_cron=1781734011.9338109493255615234375
1	0	0	12	1	0	29722537	29744884	0	29673817	29744884	0	/file.php?
1	0	0	1	0	0	29678096	0	0	29678096	0	0	/wp-content/themes/astra/inc/ki1k.php
1	0	0	2	0	0	29678089	0	0	29675159	0	0	/uploads/94056-upload.phtml
1	1	0	0	0	29677925	0	0	29677925	0	0	0	/2/wp-cron.php?doing_wp_cron=1780576510.2038950920104980468750
1	0	0	0	2	0	0	29747495	0	0	29747442	0	/CDX6.php
1	0	0	19	8	0	29740523	29768844	0	29673809	29744747	0	/155.php
1	1	0	0	0	29775401	0	0	29775401	0	0	4480	/wholesale?product=womens-turn-down-collar-blouse-with-gathered-cuffs-and-lnner-top
1	0	0	1	0	0	29678101	0	0	29678101	0	0	/wp-admin/js/widgets/autoload_classmap.php
1	0	0	1	5	0	29740521	29751334	0	29740521	29744747	0	/ws58.php
1	0	0	0	3	0	0	29751334	0	0	29749167	0	/villain.php
1	0	0	1	0	0	29678105	0	0	29678105	0	0	/templates/beez3/av.php
1	0	0	17	6	0	29740516	29760771	0	29674017	29744747	0	/wp-the.php
1	0	0	1	0	0	29740515	0	0	29740515	0	0	/wp-content/languages/continents-cities-fr_FR.l110n.php
1	0	0	1	0	0	29701597	0	0	29701597	0	0	/scovfeep.php
1	1	0	0	0	29673820	0	0	29673820	0	0	0	/2/wp-cron.php?doing_wp_cron=1780330212.1523149013519287109375
1	0	0	3	0	0	29719597	0	0	29677597	0	0	/wp2.php
1	1	0	0	0	29688276	0	0	29688276	0	0	0	/2/wp-cron.php?doing_wp_cron=1781197598.6202530860900878906250
1	0	0	0	1	0	0	29744448	0	0	29744448	0	/wp-json/wp/v2/plugins
1	0	0	1	0	0	29678108	0	0	29678108	0	0	/wp-content/themes/tflow/admin-footer.php
1	0	0	1	0	0	29678106	0	0	29678106	0	0	/file.php 
1	0	0	1	0	0	29678100	0	0	29678100	0	0	/wp-content/themes/twentytwentyfour/bypass.php
1	1	0	0	0	29702856	0	0	29702856	0	0	0	/2/wp-cron.php?doing_wp_cron=1782072391.9484028816223144531250
1	0	0	1	0	0	29678106	0	0	29678106	0	0	/wp-admin/css/colors/error.php
1	0	0	2	21	0	29703565	29768844	0	29703565	29675095	0	/wp-login.php
1	0	0	1	0	0	29678098	0	0	29678098	0	0	/wp-includes/Text/Diff/Engine/index.php
1	1	0	0	0	29674010	0	0	29674010	0	0	0	/2/wp-cron.php?doing_wp_cron=1780341616.0405380725860595703125
1	0	0	0	2	0	0	29747495	0	0	29747442	0	/luyuc.php
1	0	0	2	0	0	29679066	0	0	29674102	0	0	/admin/images/slider/
1	0	0	9	5	0	29719599	29751334	0	29674011	29745195	0	/CDX1.php
1	0	0	1	0	0	29678104	0	0	29678104	0	0	/autoload_classmap/wso.php
1	0	0	0	2	0	0	29747494	0	0	29747442	0	/ws53.php
1	0	0	1	3	0	29689588	29751334	0	29689588	29749167	0	/hots.php
1	0	0	1	0	0	29678105	0	0	29678105	0	0	/plugins/function.php
1	0	0	0	2	0	0	29747494	0	0	29747442	0	/repurify.php
1	0	0	1	0	0	29678110	0	0	29678110	0	0	/wp-includes/pomo/item.php
1	0	0	0	3	0	0	29751334	0	0	29749167	0	/HLA-dd.php
1	0	0	0	2	0	0	29747491	0	0	29747441	0	/3akp.php
1	1	0	0	0	29746265	0	0	29746265	0	0	5601	/zc-131.php
1	0	0	13	0	0	29703323	0	0	29673815	0	0	/bal.php
1	1	0	0	0	29691490	0	0	29691490	0	0	0	/2/wp-cron.php?doing_wp_cron=1781390411.4122838973999023437500
1	0	0	1	2	0	29689587	29747492	0	29689587	29747441	0	/callback.php
1	2	0	0	0	29770544	0	0	29768834	0	0	7620	/terms
1	0	0	1	0	0	29689590	0	0	29689590	0	0	/gfd.php
1	1	0	0	0	29703317	0	0	29703317	0	0	0	/2/wp-cron.php?doing_wp_cron=1782100022.2149119377136230468750
1	0	0	3	0	0	29702855	0	0	29689587	0	0	/144.php
1	0	0	1	0	0	29678111	0	0	29678111	0	0	/wp-admin/network/av.php
1	1	0	0	0	29701599	0	0	29701599	0	0	0	/2/wp-cron.php?doing_wp_cron=1781996942.7111608982086181640625
1	1	0	0	0	29691487	0	0	29691487	0	0	0	/2/wp-cron.php?doing_wp_cron=1781390238.2867140769958496093750
1	1	0	0	0	29699470	0	0	29699470	0	0	0	/2/wp-cron.php?doing_wp_cron=1781869251.9781088829040527343750
1	0	0	1	0	0	29678099	0	0	29678099	0	0	/wp-admin/plugin.php
1	0	0	1	0	0	29678111	0	0	29678111	0	0	/wp-content/themes/av.php
1	0	0	1	0	0	29676094	0	0	29676094	0	0	/application.properties
1	1	0	0	0	29740512	0	0	29740512	0	0	0	/2/wp-cron.php?doing_wp_cron=1784331747.7644588947296142578125
1	0	0	0	4	0	0	29760771	0	0	29746264	0	/wicked.php
1	0	0	1	0	0	29678094	0	0	29678094	0	0	/wp-includes/edit.php
1	0	0	0	5	0	0	29719610	0	0	29675202	0	/wp-includes/Text/Diff/
1	1	0	0	0	29691483	0	0	29691483	0	0	0	/2/wp-cron.php?doing_wp_cron=1781390027.6960990428924560546875
1	0	0	0	4	0	0	29751334	0	0	29749167	0	/zc-942.php
1	0	0	2	0	0	29686886	0	0	29677204	0	0	/index0.php
1	1	0	0	0	29678119	0	0	29678119	0	0	0	/2/wp-cron.php?doing_wp_cron=1780588150.3506820201873779296875
1	0	0	11	1	0	29719609	29745195	0	29674019	29745195	0	/error.php
1	0	0	1	0	0	29678108	0	0	29678108	0	0	/bless.php 
1	2	0	0	0	29775400	0	0	29775400	0	0	11122	/product/womens-pleated-stand-collar-top
1	0	0	1	0	0	29715714	0	0	29715714	0	0	/keyyy.php
1	0	0	2	0	0	29678091	0	0	29675172	0	0	/wp-content/themes/tflow/up.php
1	0	0	0	2	0	0	29747495	0	0	29747442	0	/akhvg.php
1	4	4	0	0	29679064	0	0	29674099	0	0	8	/wp-includes/blocks/
1	1	0	0	0	29675164	0	0	29675164	0	0	0	/2/wp-cron.php?doing_wp_cron=1780410882.1369259357452392578125
1	1	0	0	0	29775401	0	0	29775401	0	0	4433	/wholesale?product=womens-wide-waistband-shorts
1	1	0	0	0	29691490	0	0	29691490	0	0	0	/2/wp-cron.php?doing_wp_cron=1781390415.7816429138183593750000
1	1	0	0	0	29697215	0	0	29697215	0	0	0	/2/wp-cron.php?doing_wp_cron=1781733912.3157639503479003906250
1	0	0	11	0	0	29719608	0	0	29674018	0	0	/xozx.php
1	0	0	2	0	0	29678121	0	0	29675202	0	0	/wp-includes/bk/
1	1	0	0	0	29702849	0	0	29702849	0	0	0	/2/wp-cron.php?doing_wp_cron=1782071964.5750639438629150390625
1	1	0	0	0	29775236	0	0	29775236	0	0	6444	/collection/collection-2026?page=3
1	1	0	0	0	29770931	0	0	29770931	0	0	6842	/collection/collection-2026?page=2
1	0	0	1	0	0	29678116	0	0	29678116	0	0	/type.php
1	1	0	0	0	29674550	0	0	29674550	0	0	0	/2/wp-cron.php?doing_wp_cron=1780374042.2448389530181884765625
1	1	0	0	0	29698859	0	0	29698859	0	0	0	/2/wp-cron.php?doing_wp_cron=1781832551.3616790771484375000000
1	8	0	0	0	29772963	0	0	29766709	0	0	90184	/assets/js/site.js?v=1785865956
1	0	0	1	0	0	29678117	0	0	29678117	0	0	/wp-content/plugins/wp-plugin/wp-plugin.php
1	0	0	1	0	0	29678117	0	0	29678117	0	0	/de-ideale-stookmix/wp-content/plugins/hellopress/wp_filemanager.php
1	1	0	0	0	29674414	0	0	29674414	0	0	0	/2/wp-cron.php?doing_wp_cron=1780365856.9098310470581054687500
1	0	0	4	4	0	29689880	29755802	0	29677931	29747442	0	/goat.php
1	0	0	0	1	0	0	29767172	0	0	29767172	0	/wyzer1.php
1	0	0	3	0	0	29675098	0	0	29675096	0	0	/wp-content/themes/twentytwenty/404.php
1	0	0	1	3	0	29740523	29759161	0	29740523	29744747	0	/133.php
1	0	0	1	0	0	29740514	0	0	29740514	0	0	/wp-includes/widgets/class-wp-widget-media-video-path.php
1	0	0	2	0	0	29678121	0	0	29675202	0	0	/wp-content/themes/twentytwentytwo/
1	1	0	0	0	29701598	0	0	29701598	0	0	0	/2/wp-cron.php?doing_wp_cron=1781996911.7719950675964355468750
1	0	0	0	2	0	0	29747495	0	0	29747442	0	/bkyac.php
1	0	0	1	0	0	29676094	0	0	29676094	0	0	/firebase-config.json
1	1	0	0	0	29689588	0	0	29689588	0	0	0	/2/wp-cron.php?doing_wp_cron=1781276330.0880761146545410156250
1	0	0	1	0	0	29678108	0	0	29678108	0	0	/css/as.php
1	0	0	16	6	0	29740518	29768844	0	29674012	29745195	0	/bolt.php
1	3	0	0	0	29760771	0	0	29746264	0	0	19442	/ip.php
1	0	0	1	0	0	29701601	0	0	29701601	0	0	/an9.php
1	0	0	10	0	0	29719601	0	0	29675265	0	0	/flower.php
1	1	0	0	0	29775243	0	0	29775243	0	0	4432	/wholesale?product=womens-pants-andd-blouse-set
1	0	0	26	3	0	29740519	29750391	0	29673815	29744884	0	/gettest.php
1	0	0	0	15	0	0	29744884	0	0	29673815	0	/wp-includes/css/dist/
1	0	0	1	0	0	29677957	0	0	29677957	0	0	/a.php?p=
1	0	0	2	0	0	29678123	0	0	29675211	0	0	/wordpress/wp-admin/includes/
1	0	0	13	2	0	29740520	29750391	0	29674017	29745196	0	/403.php
1	0	0	2	0	0	29678123	0	0	29675212	0	0	/wp-content/themes/travelscape/
1	0	0	0	2	0	0	29747492	0	0	29747442	0	/sa.php7
1	0	0	1	0	0	29678113	0	0	29678113	0	0	/wp-content/uploads/2021/wp-works.php
1	0	0	2	0	0	29678123	0	0	29675211	0	0	/themes/twentyseventeen/page/
1	0	0	1	0	0	29701599	0	0	29701599	0	0	/wp-rivoni.php
1	1	0	0	0	29699064	0	0	29699064	0	0	0	/2/wp-cron.php?doing_wp_cron=1781844856.5651249885559082031250
1	0	0	3	0	0	29691482	0	0	29677208	0	0	/aboute.php
1	1	0	0	0	29719597	0	0	29719597	0	0	0	/2/wp-cron.php?doing_wp_cron=1783076837.0988268852233886718750
1	1	0	0	0	29699059	0	0	29699059	0	0	0	/2/wp-cron.php?doing_wp_cron=1781844551.6742310523986816406250
1	0	0	1	0	0	29678107	0	0	29678107	0	0	/f35_SpaceTn.php
1	0	0	1	0	0	29678113	0	0	29678113	0	0	/wikindex.php
1	0	0	1	1	0	29740519	29750390	0	29740519	29750390	0	/jlex.php
1	0	0	1	0	0	29678097	0	0	29678097	0	0	/wp-content/plugin.php
1	0	0	2	0	0	29678089	0	0	29675158	0	0	/themes/zMousse/otuz1.php
1	1	0	0	0	29716612	0	0	29716612	0	0	0	/2/wp-cron.php?doing_wp_cron=1782897755.5520670413970947265625
1	0	0	0	2	0	0	29678121	0	0	29675202	0	/wp-includes/Requests/src/Exception/Http/
1	0	0	4	0	0	29701592	0	0	29677923	0	0	/wp-link-spm.php
1	0	0	1	0	0	29678109	0	0	29678109	0	0	/wp-includes/ms-file.php
1	0	0	4	4	0	29722529	29760771	0	29697215	29744883	0	/122.php
1	0	0	2	0	0	29678342	0	0	29678094	0	0	/wp-admin/css/colors/blue/file.php
1	1	0	0	0	29678124	0	0	29678124	0	0	0	/2/wp-cron.php?doing_wp_cron=1780588450.4108641147613525390625
1	0	0	4	0	0	29699055	0	0	29675097	0	0	/cache.php
1	1	0	0	0	29699052	0	0	29699052	0	0	0	/2/wp-cron.php?doing_wp_cron=1781844167.1781449317932128906250
1	0	0	0	2	0	0	29747491	0	0	29747441	0	/wpxl.php
1	1	0	0	0	29677919	0	0	29677919	0	0	0	/2/wp-cron.php?doing_wp_cron=1780576151.1470370292663574218750
1	0	0	0	2	0	0	29773945	0	0	29767457	0	/sito/wp-includes/wlwmanifest.xml
1	0	0	4	0	0	29679065	0	0	29674101	0	0	/modules/
1	1	0	0	0	29678119	0	0	29678119	0	0	0	/2/wp-cron.php?doing_wp_cron=1780588155.1752080917358398437500
1	0	0	11	1	0	29722537	29744884	0	29673817	29744884	0	/class-wp.php
1	1	0	0	0	29708272	0	0	29708272	0	0	0	/2/wp-cron.php?doing_wp_cron=1782397334.2073841094970703125000
1	1	0	0	0	29678116	0	0	29678116	0	0	0	/2/wp-cron.php?doing_wp_cron=1780587970.0210499763488769531250
1	0	0	0	3	0	0	29751334	0	0	29749167	0	/dichku.php
1	1	0	0	0	29722511	0	0	29722511	0	0	0	/2/wp-cron.php?doing_wp_cron=1783251682.1697700023651123046875
1	0	0	1	0	0	29678107	0	0	29678107	0	0	/wp-admin/css/colors/sunrise/bypass.php
1	0	0	0	2	0	0	29755803	0	0	29746264	0	/ho.php
1	0	0	1	0	0	29740513	0	0	29740513	0	0	/wp-admin/js/widgets/bkngfkaj.php
1	1	0	0	0	29673813	0	0	29673813	0	0	0	/2/wp-cron.php?doing_wp_cron=1780329794.4316959381103515625000
1	0	0	4	0	0	29678096	0	0	29675091	0	0	/wp-admin/css/colors/index.php
1	0	0	11	2	0	29719605	29746265	0	29674014	29745195	0	/autoload_classmap.php
1	1	0	0	0	29722109	0	0	29722109	0	0	0	/2/wp-cron.php?doing_wp_cron=1783227571.0329289436340332031250
1	0	0	0	1	0	0	29746264	0	0	29746264	0	/xacs.php
1	0	0	1	0	0	29689588	0	0	29689588	0	0	/56c53.php
1	0	0	0	2	0	0	29747495	0	0	29747443	0	/sk25_1.php
1	1	0	0	0	29725572	0	0	29725572	0	0	0	/2/wp-cron.php?doing_wp_cron=1783435359.2456419467926025390625
1	0	0	1	0	0	29715710	0	0	29715710	0	0	/unity.php
1	0	0	9	1	0	29719596	29745195	0	29674011	29745195	0	/classsmtps.php
1	0	0	2	0	0	29678123	0	0	29675211	0	0	/wp-includes/id3/
1	0	0	1	0	0	29678100	0	0	29678100	0	0	/wp-includes/fonts/autoload_classmap.php
1	0	0	1	0	0	29678094	0	0	29678094	0	0	/wp-includes/random_compat/chosen.php
1	1	0	0	0	29689878	0	0	29689878	0	0	0	/2/wp-cron.php?doing_wp_cron=1781293727.0682139396667480468750
1	1	0	0	0	29679483	0	0	29679483	0	0	0	/2/wp-cron.php?doing_wp_cron=1780669996.8050389289855957031250
1	1	0	0	0	29679475	0	0	29679475	0	0	0	/2/wp-cron.php?doing_wp_cron=1780669516.2570710182189941406250
1	1	0	0	0	29693748	0	0	29693748	0	0	0	/2/wp-cron.php?doing_wp_cron=1781525898.5153329372406005859375
1	0	0	1	0	0	29678111	0	0	29678111	0	0	/templates/beez5/error.php
1	0	0	5	0	0	29698659	0	0	29675262	0	0	/clas11.php
1	0	0	1	0	0	29678100	0	0	29678100	0	0	/.well-known/install.php
1	0	0	1	0	0	29678095	0	0	29678095	0	0	/.well-known/admin.php
1	0	0	0	3	0	0	29767820	0	0	29752903	0	/ws13.php?p=
1	1	0	0	0	29703318	0	0	29703318	0	0	0	/2/wp-cron.php?doing_wp_cron=1782100130.1143059730529785156250
1	1	0	0	0	29691142	0	0	29691142	0	0	0	/2/wp-cron.php?doing_wp_cron=1781369538.4842319488525390625000
1	1	0	0	0	29678116	0	0	29678116	0	0	0	/2/wp-cron.php?doing_wp_cron=1780588006.2694780826568603515625
1	0	0	1	0	0	29678102	0	0	29678102	0	0	/wp-content/themes/sky-pro/js.php
1	0	0	12	0	0	29719608	0	0	29674018	0	0	/radio.php
1	0	0	0	3	0	0	29751334	0	0	29749167	0	/b4txckoieeyhynhsrpi9lCdefault.php
1	1	0	0	0	29719601	0	0	29719601	0	0	0	/2/wp-cron.php?doing_wp_cron=1783077110.3372979164123535156250
1	0	0	1	1	0	29719595	29745195	0	29719595	29745195	0	/fw.php
1	0	0	5	1	0	29740522	29750390	0	29677927	29750390	0	/casp1.php
1	1	0	0	0	29678090	0	0	29678090	0	0	0	/2/wp-cron.php?doing_wp_cron=1780586418.0117800235748291015625
1	0	0	1	0	0	29701599	0	0	29701599	0	0	/mixer-en.php
1	0	0	1	0	0	29678106	0	0	29678106	0	0	/vendor/phpunit/phpunit/src/Util/PHP/adminfusm.php
1	1	0	0	0	29677599	0	0	29677599	0	0	0	/2/wp-cron.php?doing_wp_cron=1780556950.2084839344024658203125
1	0	0	7	0	0	29719612	0	0	29674015	0	0	/index.php
1	0	0	1	0	0	29678112	0	0	29678112	0	0	/wp-includes/colour.php
1	0	0	2	0	0	29678123	0	0	29675211	0	0	/wp-content/plugins/xt/
1	0	0	1	0	0	29678111	0	0	29678111	0	0	/wp-admin/js/file/incpb.php
1	0	0	0	2	0	0	29678122	0	0	29675202	0	/wp-includes/js/tinymce/plugins/fullscreen/
1	0	0	1	4	0	29689593	29755802	0	29689593	29747442	0	/bjfl.php
1	0	0	5	0	0	29722111	0	0	29677601	0	0	/insc.php
1	1	0	0	0	29775411	0	0	29775411	0	0	5611	/product/womens-leaf-print-button-front-v-neck-tunic
1	0	0	1	0	0	29678109	0	0	29678109	0	0	/uploads/xsec.php
1	1	0	0	0	29719593	0	0	29719593	0	0	0	/2/wp-cron.php?doing_wp_cron=1783076581.5752201080322265625000
1	0	0	2	0	0	29709528	0	0	29708412	0	0	/cr7.php
1	0	0	10	0	0	29703326	0	0	29673820	0	0	/ddd.php
1	1	0	0	0	29766495	0	0	29766495	0	0	5751	/product/womens-chiffon-chemise-with-kimono-sleeve
1	0	0	1	0	0	29674550	0	0	29674550	0	0	/astab.php
1	0	0	2	0	0	29678123	0	0	29675211	0	0	/templates/beez5/
1	0	0	0	1	0	0	29767820	0	0	29767820	0	/err.php
1	0	0	28	3	0	29740517	29759161	0	29673813	29744883	0	/100.php
1	1	0	0	0	29698650	0	0	29698650	0	0	0	/2/wp-cron.php?doing_wp_cron=1781820023.2374939918518066406250
1	0	0	0	2	0	0	29760771	0	0	29757598	0	/daerl3.php
1	0	0	2	0	0	29678092	0	0	29675173	0	0	/wp-includes/item.php
1	0	0	2	0	0	29678120	0	0	29675197	0	0	/templates/beez3/
1	1	0	3	1	29747493	29702854	29747442	29747493	29689589	29747442	0	/uuu.php
1	0	0	1	3	0	29699056	29750391	0	29699056	29747441	0	/Geforce.php
1	0	0	2	0	0	29678124	0	0	29676097	0	0	/wp-content/themes/service-finder/inc/
1	1	0	0	0	29677600	0	0	29677600	0	0	0	/2/wp-cron.php?doing_wp_cron=1780557020.2912769317626953125000
1	0	0	1	0	0	29678093	0	0	29678093	0	0	/style.php
1	0	0	1	0	0	29678118	0	0	29678118	0	0	/assets/plugins/plupload/examples/upload.php
1	0	0	1	0	0	29678107	0	0	29678107	0	0	/wp-includes/PHPMailer/xleet.php
1	0	0	0	1	0	0	29767172	0	0	29767172	0	/fetwgsoq.phtml
1	0	0	12	1	0	29719607	29745195	0	29674017	29745195	0	/fm.php
1	0	0	1	0	0	29678102	0	0	29678102	0	0	/wp-admin/autoload_classmap.php
1	0	0	2	0	0	29678093	0	0	29675192	0	0	/wp-admin/css/colors/midnight/install.php
1	1	0	0	0	29716915	0	0	29716915	0	0	0	/2/wp-cron.php?doing_wp_cron=1782915939.7799820899963378906250
1	0	0	0	2	0	0	29747494	0	0	29747442	0	/xxiviLDIot.php
1	0	0	0	2	0	0	29678122	0	0	29675210	0	/wp-includes/js/tinymce/langs/
1	0	0	1	0	0	29678102	0	0	29678102	0	0	/.well-known/acme-challenge/about.php
1	0	0	0	2	0	0	29755802	0	0	29752904	0	/svugu.php
1	1	0	0	0	29703319	0	0	29703319	0	0	0	/2/wp-cron.php?doing_wp_cron=1782100141.8303670883178710937500
1	0	0	1	0	0	29678095	0	0	29678095	0	0	/webadmin.php
1	0	0	0	1	0	0	29767820	0	0	29767820	0	/55.php?p=
1	1	0	0	0	29722529	0	0	29722529	0	0	0	/2/wp-cron.php?doing_wp_cron=1783252772.8449609279632568359375
1	0	0	0	1	0	0	29744747	0	0	29744747	0	/tinysd.php
1	0	0	1	0	0	29740514	0	0	29740514	0	0	/wp-admin/includes/file-sample.php
1	0	0	0	2	0	0	29747492	0	0	29747442	0	/ppx.php
1	1	0	0	0	29678120	0	0	29678120	0	0	0	/2/wp-cron.php?doing_wp_cron=1780588211.7673099040985107421875
1	1	0	0	0	29674011	0	0	29674011	0	0	0	/2/wp-cron.php?doing_wp_cron=1780341675.0404620170593261718750
1	0	0	2	0	0	29676742	0	0	29676094	0	0	/.aws/credentials
1	0	0	1	0	0	29678093	0	0	29678093	0	0	/wp-setup.php
1	0	0	0	4	0	0	29760771	0	0	29752904	0	/zxz.php
1	1	0	0	0	29703321	0	0	29703321	0	0	0	/2/wp-cron.php?doing_wp_cron=1782100275.2407989501953125000000
1	0	0	0	2	0	0	29747494	0	0	29747442	0	/no18.php
1	0	0	2	0	0	29678124	0	0	29676097	0	0	/wp-json/wp/v2/
1	0	0	1	0	0	29678115	0	0	29678115	0	0	/uploads/c99shell.php
1	0	0	1	2	0	29689593	29747492	0	29689593	29747442	0	/buc.php
1	0	0	3	0	0	29719611	0	0	29677596	0	0	/breads1.php
1	0	0	2	0	0	29679066	0	0	29674102	0	0	/sites/default/files/
1	0	0	1	0	0	29678105	0	0	29678105	0	0	/wp-content/plugins/erinyani/default.php
1	0	0	7	0	0	29699060	0	0	29675092	0	0	/gecko.php
1	1	0	0	0	29775220	0	0	29775220	0	0	5572	/product/womens-pleated-striped-pattern-dress
1	0	0	1	0	0	29678099	0	0	29678099	0	0	/wp-content/languages/autoload_classmap.php
1	0	0	1	0	0	29678111	0	0	29678111	0	0	/wp-includes/l10n/class-wp-translation-file-mo-event.php
1	0	0	2	0	0	29686891	0	0	29677212	0	0	/xroot7.php
1	0	0	2	2	0	29702849	29750390	0	29699059	29744747	0	/z60.php
1	0	0	1	0	0	29678104	0	0	29678104	0	0	/.well-known/acme-challenge/wp-load.php
1	0	0	2	0	0	29676743	0	0	29676094	0	0	/api/config
1	1	0	0	0	29699058	0	0	29699058	0	0	0	/2/wp-cron.php?doing_wp_cron=1781844492.7079370021820068359375
1	1	0	0	0	29775339	0	0	29775339	0	0	5160	/product/womens-neckline-chemise
1	0	0	0	2	0	0	29678121	0	0	29675197	0	/wp-includes/images/media/
1	0	0	1	0	0	29678116	0	0	29678116	0	0	/wp-includes/PHPMailer/autoload_classmap.php
1	1	0	0	0	29678102	0	0	29678102	0	0	0	/2/wp-cron.php?doing_wp_cron=1780587130.8694379329681396484375
1	0	0	2	0	0	29678122	0	0	29675210	0	0	/wordpress/wp-includes/
1	0	0	1	2	0	29701595	29747492	0	29701595	29747442	0	/academy.php
1	0	0	1	1	0	29678106	29746519	0	29678106	29746519	0	/wp-editor.php
1	0	0	4	1	0	29722526	29744883	0	29691485	29744883	0	/w2025.php
1	0	0	1	0	0	29678096	0	0	29678096	0	0	/wp-content/plugins/ioxi/ioxiworm.php
1	0	0	1	0	0	29678119	0	0	29678119	0	0	/wp-content/themes/cay-van-phong/filemanager.php
1	0	0	0	2	0	0	29755802	0	0	29752903	0	/echkm.php?p=
1	0	0	0	2	0	0	29747491	0	0	29747441	0	/oLEzRVqmJJPFSucdefault.php
1	0	0	3	0	0	29699057	0	0	29678344	0	0	/900.php
1	0	0	0	1	0	0	29767172	0	0	29767172	0	/UT6UJndefault.php
1	0	0	2	0	0	29709528	0	0	29708412	0	0	/wax.php
1	1	0	0	0	29682740	0	0	29682740	0	0	0	/2/wp-cron.php?doing_wp_cron=1780865456.5880680084228515625000
1	1	0	0	0	29675262	0	0	29675262	0	0	0	/2/wp-cron.php?doing_wp_cron=1780416736.0941829681396484375000
1	0	0	2	4	0	29686889	29760771	0	29677209	29752903	0	/99.php
1	0	0	0	5	0	0	29760771	0	0	29746264	0	/2x.php
1	0	0	0	1	0	0	29678097	0	0	29678097	0	/cgi-bin/install.php
1	0	0	2	0	0	29679064	0	0	29674099	0	0	/wp-content/themes/classic/inc/
1	0	0	1	0	0	29678107	0	0	29678107	0	0	/wp-includes/IXR/class-IXR-cilent.php
1	0	0	1	0	0	29678104	0	0	29678104	0	0	/options-writing.php
1	0	0	0	1	0	0	29746519	0	0	29746519	0	/track.php
1	0	0	0	2	0	0	29746519	0	0	29746519	0	/dp.php
1	0	0	0	2	0	0	29679348	0	0	29676518	0	/?172.203.190.131
1	0	0	1	2	0	29722527	29767820	0	29722527	29744883	0	/wp-ws68.php?p=
1	1	0	0	0	29674033	0	0	29674033	0	0	0	/2/wp-cron.php?doing_wp_cron=1780343006.7888469696044921875000
1	0	0	1	0	0	29678095	0	0	29678095	0	0	/templates/beez3/bypass.php
1	0	0	0	3	0	0	29751334	0	0	29749167	0	/dljpy.php
1	0	0	18	9	0	29722538	29768845	0	29673817	29744884	0	/bless.php
1	0	0	1	0	0	29678100	0	0	29678100	0	0	/update-core.php
1	1	0	0	0	29775273	0	0	29775273	0	0	6856	/collection/new-collection
1	0	0	0	1	0	0	29677138	0	0	29677138	0	/.git/HEAD
1	1	0	0	0	29676386	0	0	29676386	0	0	0	/2/wp-cron.php?doing_wp_cron=1780484204.0472230911254882812500
1	1	0	0	0	29697221	0	0	29697221	0	0	0	/2/wp-cron.php?doing_wp_cron=1781734316.5313200950622558593750
1	0	0	1	3	0	29768844	29761779	0	29768844	29756925	0	/admin/controller/extension/
1	0	0	0	2	0	0	29747494	0	0	29747442	0	/upll22.php
1	0	0	0	1	0	0	29746519	0	0	29746519	0	/wp-explorer.php
1	0	0	1	0	0	29699054	0	0	29699054	0	0	/ct.php
1	1	0	0	0	29693754	0	0	29693754	0	0	0	/2/wp-cron.php?doing_wp_cron=1781526286.5668990612030029296875
1	1	0	0	0	29775402	0	0	29775402	0	0	5205	/product/womens-wide-cuff-blouse-with-back-pleat
1	0	0	1	0	0	29678112	0	0	29678112	0	0	/about/install.php
1	1	0	0	0	29774987	0	0	29774987	0	0	5197	/product/womens-gaiter-waist-sarafon
1	1	0	0	0	29697224	0	0	29697224	0	0	0	/2/wp-cron.php?doing_wp_cron=1781734495.4865729808807373046875
1	0	0	0	2	0	0	29747494	0	0	29747442	0	/bless25.php
1	0	0	2	0	0	29678123	0	0	29675211	0	0	/upload/bilder/
1	1	0	0	0	29674411	0	0	29674411	0	0	0	/2/wp-cron.php?doing_wp_cron=1780365671.9642040729522705078125
1	0	0	1	0	0	29678109	0	0	29678109	0	0	/wp-admin/network/class.php
1	0	0	1	0	0	29678111	0	0	29678111	0	0	/wp-includes/count.php
1	1	0	0	0	29679484	0	0	29679484	0	0	0	/2/wp-cron.php?doing_wp_cron=1780670094.2911009788513183593750
1	0	0	0	3	0	0	29773945	0	0	29749492	0	/wp/wp-includes/wlwmanifest.xml
1	0	0	9	0	0	29719594	0	0	29674015	0	0	/chosen/chosen.php
1	0	0	1	2	0	29715712	29755803	0	29715712	29752904	0	/buds1.php
1	1	0	0	0	29699050	0	0	29699050	0	0	0	/2/wp-cron.php?doing_wp_cron=1781844016.2739610671997070312500
1	1	0	0	0	29703565	0	0	29703565	0	0	0	/2/wp-cron.php?doing_wp_cron=1782114912.9392690658569335937500
1	0	0	1	0	0	29678101	0	0	29678101	0	0	/wp-includes/SimplePie/about.php
1	1	0	0	0	29692497	0	0	29692497	0	0	0	/2/wp-cron.php?doing_wp_cron=1781450837.2476489543914794921875
1	0	0	1	0	0	29740516	0	0	29740516	0	0	/wp-includes/ID3/module.audio-video.flv-cookie.php
1	1	0	0	0	29674017	0	0	29674017	0	0	0	/2/wp-cron.php?doing_wp_cron=1780342031.4093780517578125000000
1	1	0	0	0	29679480	0	0	29679480	0	0	0	/2/wp-cron.php?doing_wp_cron=1780669851.3319709300994873046875
1	1	0	0	0	29767005	0	0	29767005	0	0	4436	http://raspinaclothing.com/wholesale?product=womens-2ps-sarafon-and-coat
1	0	0	4	0	0	29702850	0	0	29673807	0	0	/co.php
1	0	0	0	3	0	0	29751334	0	0	29749167	0	/ace.php
1	1	0	0	0	29676096	0	0	29676096	0	0	0	/2/wp-cron.php?doing_wp_cron=1780466807.8091359138488769531250
1	0	0	1	1	0	29722525	29744883	0	29722525	29744883	0	/j260624_13.php
1	1	0	0	0	29678105	0	0	29678105	0	0	0	/2/wp-cron.php?doing_wp_cron=1780587310.2577779293060302734375
1	1	0	0	0	29694298	0	0	29694298	0	0	0	/2/wp-cron.php?doing_wp_cron=1781558891.7565820217132568359375
1	0	0	1	0	0	29678119	0	0	29678119	0	0	/wp-content/uploads/plugins.php
1	0	0	0	4	0	0	29760771	0	0	29746264	0	/kq1.php
1	1	0	0	0	29691484	0	0	29691484	0	0	0	/2/wp-cron.php?doing_wp_cron=1781390086.7379190921783447265625
1	1	0	0	0	29678344	0	0	29678344	0	0	0	/2/wp-cron.php?doing_wp_cron=1780601656.4424660205841064453125
1	0	0	2	0	0	29693955	0	0	29692496	0	0	/rum.php
1	1	0	0	0	29689876	0	0	29689876	0	0	0	/2/wp-cron.php?doing_wp_cron=1781293577.7156679630279541015625
1	1	0	4	0	29693747	29698651	0	29693747	29675253	0	0	/tdd.php
1	0	0	7	1	0	29691152	29763702	0	29676033	29763702	0	/.env
1	2	0	0	0	29748228	0	0	29746167	0	0	16440	/assets/css/site.css
1	0	0	1	0	0	29740513	0	0	29740513	0	0	/wp-includes/theme-templates-all.php
1	1	0	0	0	29689881	0	0	29689881	0	0	0	/2/wp-cron.php?doing_wp_cron=1781293875.6535499095916748046875
1	1	0	0	0	29677204	0	0	29677204	0	0	0	/2/wp-cron.php?doing_wp_cron=1780533295.5619990825653076171875
1	0	0	0	2	0	0	29678121	0	0	29675202	0	/wp-includes/css/dist/edit-widgets/
1	0	0	0	2	0	0	29678123	0	0	29675211	0	/wp-includes/js/jcrop/
1	1	0	0	0	29774942	0	0	29774942	0	0	5201	/product/womens-satin-knot-chemise
1	0	0	0	2	0	0	29678121	0	0	29675202	0	/wp-admin/css/colors/coffee/
1	0	0	2	0	0	29678121	0	0	29675197	0	0	/wp-content/plugins/up/
1	0	0	3	0	0	29719600	0	0	29677601	0	0	/7logs.php
1	0	0	0	4	0	0	29679064	0	0	29674099	0	/.well-known/acme-challenge/
1	0	0	1	0	0	29678107	0	0	29678107	0	0	/file/function.php
1	0	0	18	0	0	29719611	0	0	29673817	0	0	/ahax.php
1	0	0	2	0	0	29678121	0	0	29675197	0	0	/images/images/
1	0	0	0	3	0	0	29751334	0	0	29749167	0	/5xkfgawzejgwqh9hiaznCdefault.php
1	1	0	0	0	29691481	0	0	29691481	0	0	0	/2/wp-cron.php?doing_wp_cron=1781389908.7443280220031738281250
1	1	0	0	0	29679477	0	0	29679477	0	0	0	/2/wp-cron.php?doing_wp_cron=1780669638.3545000553131103515625
1	0	0	3	0	0	29689876	0	0	29677924	0	0	/77.php
1	1	0	0	0	29677610	0	0	29677610	0	0	0	/2/wp-cron.php?doing_wp_cron=1780557646.5960760116577148437500
1	0	0	2	0	0	29679065	0	0	29674101	0	0	/Site/
1	1	0	0	0	29677596	0	0	29677596	0	0	0	/2/wp-cron.php?doing_wp_cron=1780556808.6892800331115722656250
1	0	0	1	0	0	29678111	0	0	29678111	0	0	/wp-admin/network/admin-footer.php
1	0	0	0	9	0	0	29768844	0	0	29674099	0	/cgi-bin/
1	0	0	0	4	0	0	29760771	0	0	29752904	0	/aw.php
1	0	0	1	0	0	29699053	0	0	29699053	0	0	/mamzi.php
1	0	0	2	0	0	29678124	0	0	29676096	0	0	/wp-content/themes/Avada/includes/lib/inc/
1	0	0	1	1	0	29722536	29744884	0	29722536	29744884	0	/w3php
1	0	0	10	0	0	29719609	0	0	29674021	0	0	/data.php
1	0	0	1	0	0	29678099	0	0	29678099	0	0	/wp-includes/index.php
1	0	0	2	0	0	29678090	0	0	29675164	0	0	/wp-content/plugins/pwnd-1/admin.php
1	0	0	1	0	0	29678111	0	0	29678111	0	0	/wp-includes/vars-soap.php
1	1	0	0	0	29775366	0	0	29775366	0	0	5605	/product/womens-kimono-tunic-whith-smocked-waist
1	0	0	1	0	0	29699058	0	0	29699058	0	0	/nyan.php
1	0	0	1	0	0	29678348	0	0	29678348	0	0	/png.php
1	0	0	2	5	0	29722527	29760771	0	29715715	29744883	0	/w3lls.php
1	1	0	0	0	29678108	0	0	29678108	0	0	0	/2/wp-cron.php?doing_wp_cron=1780587527.0400109291076660156250
1	1	0	0	0	29698654	0	0	29698654	0	0	0	/2/wp-cron.php?doing_wp_cron=1781820256.2068719863891601562500
1	0	0	1	0	0	29678114	0	0	29678114	0	0	/uploads/function.php
1	0	0	1	0	0	29678095	0	0	29678095	0	0	/wp-includes/xl2023.php
1	0	0	0	1	0	0	29759161	0	0	29759161	0	/ar.php
1	1	0	0	0	29699057	0	0	29699057	0	0	0	/2/wp-cron.php?doing_wp_cron=1781844476.7653529644012451171875
1	0	0	1	0	0	29678104	0	0	29678104	0	0	/plugins/content/apismtp/apismtp.php
1	2	0	0	0	29770109	0	0	29766956	0	0	73928	/assets/images/catalog/womens-patterned-guipure-lace-v-neck-strap-top/01-6779.webp
1	0	0	3	0	0	29719611	0	0	29677596	0	0	/nowpf.php
1	0	0	0	2	0	0	29747491	0	0	29747441	0	/gvg1bvpsgtot1rpklCdefault.php
1	0	0	1	0	0	29678110	0	0	29678110	0	0	/assets/info.php
1	0	0	0	1	0	0	29678094	0	0	29678094	0	/cgi-bin/autoload_classmap.php
1	1	0	0	0	29715716	0	0	29715716	0	0	0	/2/wp-cron.php?doing_wp_cron=1782843992.6850180625915527343750
1	0	0	2	0	0	29678089	0	0	29675159	0	0	/js/bas.php
1	0	0	1	2	0	29689589	29747492	0	29689589	29747442	0	/torsa1.php
1	0	0	2	0	0	29679064	0	0	29674100	0	0	/Admin/uploads/
1	0	0	0	2	0	0	29760771	0	0	29757598	0	/002.php?p
1	0	0	1	0	0	29701592	0	0	29701592	0	0	/setlpiu7.php
1	0	0	5	2	0	29689878	29747491	0	29677206	29747441	0	/xltt.php
1	0	0	13	2	0	29740517	29750391	0	29674015	29745195	0	/66.php
1	1	0	0	0	29701590	0	0	29701590	0	0	0	/2/wp-cron.php?doing_wp_cron=1781996415.0701580047607421875000
1	0	0	2	0	0	29678122	0	0	29675202	0	0	/wp-content/plugins/ioxi/ioxi/
1	1	0	0	0	29698859	0	0	29698859	0	0	0	/2/wp-cron.php?doing_wp_cron=1781832581.1447350978851318359375
1	1	0	0	0	29678342	0	0	29678342	0	0	0	/2/wp-cron.php?doing_wp_cron=1780601540.7233409881591796875000
1	0	0	1	0	0	29699053	0	0	29699053	0	0	/am.php
1	0	0	1	0	0	29678118	0	0	29678118	0	0	/wp-includes/js/dist/script-modules/block-library/search/about.php
1	1	0	0	0	29686890	0	0	29686890	0	0	0	/2/wp-cron.php?doing_wp_cron=1781114415.5065469741821289062500
1	1	0	0	0	29775401	0	0	29775401	0	0	4438	/wholesale?product=womens-fitted-roll-up-sleeve-blouse
1	0	0	2	0	0	29740513	0	0	29678099	0	0	/wp-admin/js/widgets/about.php
1	0	0	2	0	0	29678090	0	0	29675164	0	0	/wp-l0gin.php
1	1	0	0	0	29708413	0	0	29708413	0	0	0	/2/wp-cron.php?doing_wp_cron=1782405829.6288950443267822265625
1	1	0	0	0	29740518	0	0	29740518	0	0	0	/2/wp-cron.php?doing_wp_cron=1784332106.0557529926300048828125
1	0	0	10	4	0	29740523	29751334	0	29674021	29749167	0	/menu.php
1	1	0	0	0	29775147	0	0	29775147	0	0	4435	/wholesale?product=womens-leaf-pattern-blouse
1	0	0	12	5	0	29722107	29755802	0	29673812	29749167	0	/xmu.php
1	3	0	0	1	29760771	0	29750391	29746264	0	29750391	19440	/w1px.php
1	1	0	0	0	29684622	0	0	29684622	0	0	0	/2/wp-cron.php?doing_wp_cron=1780978359.2700541019439697265625
1	1	0	0	0	29719602	0	0	29719602	0	0	0	/2/wp-cron.php?doing_wp_cron=1783077152.4193820953369140625000
1	0	0	1	0	0	29678110	0	0	29678110	0	0	/wp-includes/assets/install.php
1	0	0	0	2	0	0	29773945	0	0	29767457	0	/news/wp-includes/wlwmanifest.xml
1	0	0	2	0	0	29715713	0	0	29691483	0	0	/wplogbak.php
1	0	0	9	0	0	29719609	0	0	29674021	0	0	/ova.php
1	0	0	1	0	0	29678107	0	0	29678107	0	0	/wp-includes/images/install.php
1	0	0	1	0	0	29678119	0	0	29678119	0	0	/admin/editor/engine.php
1	1	0	0	0	29775391	0	0	29775391	0	0	4429	/wholesale?product=6387
1	0	0	1	0	0	29699059	0	0	29699059	0	0	/shx.php
1	0	0	1	0	0	29740513	0	0	29740513	0	0	/uploads/788_c99.php
1	1	0	0	0	29754667	0	0	29754667	0	0	98644	/assets/css/site.css?v=1784917091
1	1	0	0	0	29689595	0	0	29689595	0	0	0	/2/wp-cron.php?doing_wp_cron=1781276717.3731889724731445312500
1	0	0	2	0	0	29678091	0	0	29675164	0	0	/natural.php
1	1	0	0	0	29775384	0	0	29775384	0	0	5580	/product/womens-midi-tear-skirt
1	1	0	0	0	29775100	0	0	29775100	0	0	4440	/wholesale?product=womens-chiffon-gathered-collar-chemise
1	0	0	13	2	0	29722531	29750390	0	29673811	29744883	0	/2P.php
1	1	0	0	0	29693954	0	0	29693954	0	0	0	/2/wp-cron.php?doing_wp_cron=1781538290.8419079780578613281250
1	0	0	0	1	0	0	29767172	0	0	29767172	0	/cnzrl.php
1	0	0	2	0	0	29678124	0	0	29676097	0	0	/wp-content/themes/bricks/includes/
1	1	0	0	0	29722531	0	0	29722531	0	0	0	/2/wp-cron.php?doing_wp_cron=1783252867.9817399978637695312500
1	0	0	12	2	0	29722534	29759161	0	29673814	29744883	0	/f6.php
1	0	0	3	0	0	29719600	0	0	29677601	0	0	/ac.php
1	0	0	1	0	0	29678116	0	0	29678116	0	0	/wp-content/themes.php
1	2	0	0	0	29694173	0	0	29694173	0	0	174	/.well-known/acme-challenge/roVMlLDaxViDiwDGLaRjpmrru5SMAzsXlHEr-gW_Wi4
1	0	0	0	3	0	0	29751334	0	0	29749167	0	/hypnotist.php
1	0	0	2	0	0	29678089	0	0	29675159	0	0	/wp-admin/css/colors/midnight/admin.php
1	0	0	1	0	0	29678096	0	0	29678096	0	0	/wp-includes/certificates/index.php
1	0	0	0	1	0	0	29678114	0	0	29678114	0	/wp-includes/Requests/library/wp-login.php
1	0	0	4	7	0	29722113	29751334	0	29689594	29744747	0	/bootstrap.php
1	0	0	1	0	0	29699058	0	0	29699058	0	0	/ph33w.php
1	0	0	0	5	0	0	29760771	0	0	29746264	0	/1revo.php
1	0	0	0	1	0	0	29746519	0	0	29746519	0	/hp2.php
1	1	0	0	0	29686888	0	0	29686888	0	0	0	/2/wp-cron.php?doing_wp_cron=1781114335.4023249149322509765625
1	1	0	0	0	29678091	0	0	29678091	0	0	0	/2/wp-cron.php?doing_wp_cron=1780586506.6228320598602294921875
1	0	0	1	2	0	29698859	29747495	0	29698859	29747442	0	/hhxc.php
1	1	0	0	0	29689593	0	0	29689593	0	0	0	/2/wp-cron.php?doing_wp_cron=1781276591.0259659290313720703125
1	1	0	0	0	29722529	0	0	29722529	0	0	0	/2/wp-cron.php?doing_wp_cron=1783252741.4044270515441894531250
1	0	0	2	0	0	29715717	0	0	29701597	0	0	/xSx.php
1	0	0	1	0	0	29678113	0	0	29678113	0	0	/network.php
1	0	0	1	0	0	29678097	0	0	29678097	0	0	/.alf.php
1	0	0	1	0	0	29677957	0	0	29677957	0	0	/phpinfo.php5
1	0	0	0	2	0	0	29747492	0	0	29747442	0	/luuinooe.php
1	0	0	1	0	0	29691979	0	0	29691979	0	0	http://raspinaclothing.com/sitemap.xml.gz
1	0	0	1	0	0	29677957	0	0	29677957	0	0	/phpinfo.php2
1	1	0	0	0	29675192	0	0	29675192	0	0	0	/2/wp-cron.php?doing_wp_cron=1780412530.3101389408111572265625
1	0	0	1	0	0	29678113	0	0	29678113	0	0	/admin/install.php
1	0	0	1	0	0	29678096	0	0	29678096	0	0	/wp-includes/css/dist/edit-widgets/index.php
1	0	0	14	1	0	29722531	29744883	0	29673811	29744883	0	/bob.php
1	0	0	11	0	0	29722106	0	0	29673811	0	0	/modules/mod_simplefileuploadv1.3/elements/filemanager.php?p=
1	0	0	1	1	0	29695188	29753200	0	29695188	29753200	0	/apple-touch-icon.png
1	0	0	7	0	0	29679067	0	0	29674103	0	0	/wp-admin/network/
1	1	0	0	0	29689879	0	0	29689879	0	0	0	/2/wp-cron.php?doing_wp_cron=1781293756.5996699333190917968750
1	0	0	0	2	0	0	29747492	0	0	29747441	0	/oti.php
1	4	0	0	0	29769869	0	0	29746806	0	0	28440652	/assets/catalog/raspina-catalog-2023.pdf
1	1	0	0	0	29697215	0	0	29697215	0	0	0	/2/wp-cron.php?doing_wp_cron=1781733947.6247899532318115234375
1	0	0	0	7	0	0	29760771	0	0	29746264	0	/fnstall.php
1	1	0	0	0	29674551	0	0	29674551	0	0	0	/2/wp-cron.php?doing_wp_cron=1780374078.9775900840759277343750
1	1	0	0	0	29698661	0	0	29698661	0	0	0	/2/wp-cron.php?doing_wp_cron=1781820716.3492150306701660156250
1	0	0	1	0	0	29678118	0	0	29678118	0	0	/.trash7206/index.php
1	0	0	0	2	0	0	29678121	0	0	29675202	0	/wp-includes/Text/Diff/Engine/
1	1	0	0	0	29689385	0	0	29689385	0	0	0	/2/wp-cron.php?doing_wp_cron=1781264149.7187690734863281250000
1	0	0	2	0	0	29678124	0	0	29676096	0	0	/assets/jquery-ui/images/
1	1	0	0	0	29775399	0	0	29775399	0	0	5157	/product/womens-leaf-pattern-blouse
1	0	0	36	9	0	29740519	29768844	0	29673815	29744884	0	/wp.php
1	0	0	1	0	0	29678113	0	0	29678113	0	0	/wp-includes/js/jcrop/about.php
1	0	0	1	0	0	29678096	0	0	29678096	0	0	/wp-includes/js/tinymce/skins/lightgray/img/index.php
1	1	0	0	0	29699048	0	0	29699048	0	0	0	/2/wp-cron.php?doing_wp_cron=1781843935.8566930294036865234375
1	1	0	0	0	29704315	0	0	29704315	0	0	0	/2/wp-cron.php?doing_wp_cron=1782159912.7915530204772949218750
1	0	0	2	0	0	29678093	0	0	29675192	0	0	/wp-admin/includes/about.php
1	0	0	4	0	0	29712434	0	0	29675506	0	0	/a4fr-ad-panel/
1	1	0	0	0	29775401	0	0	29775401	0	0	5597	/product/womens-waist-dart-blouse-bone-color
1	0	0	1	0	0	29678114	0	0	29678114	0	0	/assets/js/doc.php
1	1	0	0	0	29734392	0	0	29734392	0	0	0	/2/wp-cron.php?doing_wp_cron=1783964533.6236860752105712890625
1	0	0	0	5	0	0	29679066	0	0	29674102	0	/wp-includes/php-compat/
1	1	0	0	0	29701591	0	0	29701591	0	0	0	/2/wp-cron.php?doing_wp_cron=1781996478.4120509624481201171875
1	0	0	0	2	0	0	29747494	0	0	29747442	0	/4GrJSiwkF3A.php
1	1	0	0	0	29696592	0	0	29696592	0	0	0	/2/wp-cron.php?doing_wp_cron=1781696538.0058999061584472656250
1	1	0	0	0	29689017	0	0	29689017	0	0	0	/2/wp-cron.php?doing_wp_cron=1781242022.3803279399871826171875
1	0	0	2	0	0	29678124	0	0	29676097	0	0	/wp-json/
1	0	0	1	0	0	29678094	0	0	29678094	0	0	/wp-includes/pomo/about.php
1	0	0	4	1	0	29702853	29750390	0	29678350	29750390	0	/motu.php
1	0	0	3	0	0	29703316	0	0	29697215	0	0	/xb.php
1	0	0	2	3	0	29691487	29755802	0	29689592	29750391	0	/ccs.php
1	0	0	0	3	0	0	29751334	0	0	29749167	0	/awa.php
1	0	0	1	0	0	29678103	0	0	29678103	0	0	/img/about.php
1	0	0	2	0	0	29678124	0	0	29676096	0	0	/wp-content/plugins/yanierin/
1	0	0	1	0	0	29678095	0	0	29678095	0	0	/wp-includes/js/jquery/bypass.php
1	0	0	1	0	0	29699056	0	0	29699056	0	0	/index_w.php
1	0	0	11	0	0	29719605	0	0	29674014	0	0	/dragonshell.php
1	0	0	1	0	0	29678118	0	0	29678118	0	0	/wp-includes/blocks/media-text/index.php
1	0	0	0	2	0	0	29679067	0	0	29674103	0	/wp-content/plugins/woocommerce/
1	0	0	3	0	0	29703324	0	0	29697223	0	0	/006.php
1	0	0	0	1	0	0	29746519	0	0	29746519	0	/nhvoanpl.php
1	1	0	0	0	29775400	0	0	29775400	0	0	5713	/product/womens-short-jean-sarafon
1	0	0	0	2	0	0	29773945	0	0	29767457	0	/web/wp-includes/wlwmanifest.xml
1	0	0	1	0	0	29678106	0	0	29678106	0	0	/wp-includes/assets/wp-includes/assets/script-loader-packages.min.php
1	0	0	1	1	0	29691487	29750391	0	29691487	29750391	0	/Jcrop.php
1	0	0	2	0	0	29678089	0	0	29675159	0	0	/wp-content/plugins/ubh/up.php
1	0	0	1	0	0	29678113	0	0	29678113	0	0	/wp-includes/Requests/Text/index.php
1	0	0	1	1	0	29678095	29759161	0	29678095	29759161	0	/wp-admin/about.php
1	0	0	0	1	0	0	29759161	0	0	29759161	0	/33.php
1	0	0	1	0	0	29678101	0	0	29678101	0	0	/wp-admin/maint/file.php
1	1	0	0	0	29681646	0	0	29681646	0	0	0	/2/wp-cron.php?doing_wp_cron=1780799768.0238280296325683593750
1	0	0	1	0	0	29678344	0	0	29678344	0	0	/reze.php
1	0	0	2	0	0	29678092	0	0	29675192	0	0	/wp-content/about.php
1	1	0	0	0	29700246	0	0	29700246	0	0	0	/2/wp-cron.php?doing_wp_cron=1781915793.5646181106567382812500
1	0	0	14	7	0	29719607	29768845	0	29674017	29745196	0	/atomlib.php
1	0	0	0	2	0	0	29760771	0	0	29757598	0	/wp-includes/blocks/audio/index.php
1	0	0	2	0	0	29678089	0	0	29675159	0	0	/wp-content/plugins/pwnd-1/pwnd.php
1	0	0	0	1	0	0	29749167	0	0	29749167	0	/hhf.php
1	0	0	1	0	0	29678110	0	0	29678110	0	0	/shop.php
1	1	0	0	0	29674015	0	0	29674015	0	0	0	/2/wp-cron.php?doing_wp_cron=1780341915.3638610839843750000000
1	0	0	1	0	0	29674551	0	0	29674551	0	0	/class20.php
1	0	0	2	2	0	29740520	29750391	0	29678100	29744747	0	/wp-admin/css/colors/blue/about.php
1	6	0	0	0	29765751	0	0	29749213	0	0	99492	/assets/css/site.css?v=1783296000
1	1	0	0	0	29678110	0	0	29678110	0	0	0	/2/wp-cron.php?doing_wp_cron=1780587617.3050839900970458984375
1	1	0	0	0	29775402	0	0	29775402	0	0	5690	/product/womens-short-sleeve-raglan-tunic
1	0	0	1	0	0	29678095	0	0	29678095	0	0	/wp-content/plugins/phpadmin/as.php
1	1	0	0	0	29683300	0	0	29683300	0	0	0	/2/wp-cron.php?doing_wp_cron=1780899020.6289930343627929687500
1	0	0	39	21	0	29740512	29768844	0	29674407	29744747	0	/this_is_a_new_hello_world.php
1	0	0	1	0	0	29678116	0	0	29678116	0	0	/wp-admin/user/file.php
1	0	0	1	0	0	29701599	0	0	29701599	0	0	/wa.php
1	0	0	15	0	0	29703319	0	0	29673811	0	0	/tires.php
1	1	0	0	0	29719599	0	0	29719599	0	0	0	/2/wp-cron.php?doing_wp_cron=1783076944.7291018962860107421875
1	0	0	4	0	0	29679066	0	0	29674102	0	0	/admin/controller/extension/extension/
1	0	0	2	0	0	29709527	0	0	29708411	0	0	/class14.php
1	0	0	11	0	0	29719599	0	0	29674018	0	0	/z.php
1	0	0	9	8	0	29719603	29768845	0	29674011	29745195	0	/php.php
1	1	0	0	0	29674408	0	0	29674408	0	0	0	/2/wp-cron.php?doing_wp_cron=1780365496.9642159938812255859375
1	0	0	0	1	0	0	29759161	0	0	29759161	0	/opts.php
1	0	0	0	1	0	0	29767172	0	0	29767172	0	/clarebypas.php
1	0	0	1	0	0	29678096	0	0	29678096	0	0	/wp-includes/Requests/src/Exception/Http/about.php
1	0	0	0	2	0	0	29678121	0	0	29675197	0	/wp-includes/rest-api/endpoints/
1	0	0	1	0	0	29699060	0	0	29699060	0	0	/wp-tivate.php
1	0	0	1	0	0	29740515	0	0	29740515	0	0	/wp-includes/class-wp-comment-boolean.php
1	1	0	0	0	29678122	0	0	29678122	0	0	0	/2/wp-cron.php?doing_wp_cron=1780588332.1902310848236083984375
1	0	0	0	2	0	0	29747492	0	0	29747441	0	/qqdwwzge.php
1	0	0	0	3	0	0	29751334	0	0	29749167	0	/ayzv4.php
1	0	0	1	0	0	29678096	0	0	29678096	0	0	/wp-includes/Text/Diff/Renderer/index.php
1	0	0	1	0	0	29678095	0	0	29678095	0	0	/wp-content/plugins/hello.php
1	0	0	0	1	0	0	29767172	0	0	29767172	0	/un.php
1	0	0	2	0	0	29709528	0	0	29708412	0	0	/wp-monkonas.php
1	0	0	1	0	0	29678116	0	0	29678116	0	0	/wp-content/themes/tflow/adminfus.php
1	0	0	1	0	0	29689592	0	0	29689592	0	0	/clss.php
1	1	0	0	0	29713233	0	0	29713233	0	0	0	/2/wp-cron.php?doing_wp_cron=1782695018.1789169311523437500000
1	0	0	1	4	0	29719593	29768844	0	29719593	29756925	0	/u.php
1	4	0	0	0	29691489	0	0	29678094	0	0	880	/wp-links-opml.php
1	1	0	0	0	29674103	0	0	29674103	0	0	0	/2/wp-cron.php?doing_wp_cron=1780347224.0887489318847656250000
1	0	0	1	0	0	29678103	0	0	29678103	0	0	/wp-includes/PHPMailer/purna.php
1	0	0	1	0	0	29678097	0	0	29678097	0	0	/wp-admin/css/colors/ectoplasm/about.php
1	1	0	0	0	29697214	0	0	29697214	0	0	0	/2/wp-cron.php?doing_wp_cron=1781733841.2655611038208007812500
1	0	0	1	0	0	29678112	0	0	29678112	0	0	/js/db.php
1	1	0	0	0	29699051	0	0	29699051	0	0	0	/2/wp-cron.php?doing_wp_cron=1781844115.4453010559082031250000
1	0	0	0	2	0	0	29678124	0	0	29675212	0	/wp-includes/blocks/comments-pagination-numbers/
1	0	0	0	1	0	0	29772018	0	0	29772018	0	/.ftp-config.json
1	0	0	1	0	0	29678114	0	0	29678114	0	0	/wp-includes/ID3/shell.php
1	1	0	0	0	29678110	0	0	29678110	0	0	0	/2/wp-cron.php?doing_wp_cron=1780587647.5112140178680419921875
1	1	0	0	0	29675202	0	0	29675202	0	0	0	/2/wp-cron.php?doing_wp_cron=1780413130.2002279758453369140625
1	0	0	0	2	0	0	29747491	0	0	29747441	0	/atfis.php
1	0	0	1	0	0	29689587	0	0	29689587	0	0	/b8hg8b.php
1	0	0	4	0	0	29694295	0	0	29675253	0	0	/eid.php
1	0	0	1	0	0	29678111	0	0	29678111	0	0	/wp-includes/firewall.php7
1	0	0	13	5	0	29722533	29768845	0	29673812	29744883	0	/p.php
1	0	0	1	0	0	29678098	0	0	29678098	0	0	/wp-content/plugins/atomlib.php
1	1	0	0	0	29722537	0	0	29722537	0	0	0	/2/wp-cron.php?doing_wp_cron=1783253274.4324660301208496093750
1	0	0	0	2	0	0	29747492	0	0	29747442	0	/rkiea.php
1	0	0	1	0	0	29678104	0	0	29678104	0	0	/wp-admin/includes/class-core-upgrader-first.php
1	0	0	15	3	0	29703320	29759161	0	29673812	29752904	0	/11.php
1	0	0	0	2	0	0	29747492	0	0	29747442	0	/t2gorhwasq4vioshtatw5eCdefault.php
1	0	0	1	0	0	29701596	0	0	29701596	0	0	/casp.php
1	1	0	0	0	29678095	0	0	29678095	0	0	0	/2/wp-cron.php?doing_wp_cron=1780586710.1820940971374511718750
1	0	0	1	0	0	29678106	0	0	29678106	0	0	/wp-header.php 
1	0	0	0	1	0	0	29746519	0	0	29746519	0	/aa1.php
1	0	0	0	2	0	0	29747492	0	0	29747441	0	/xpass.php
1	1	0	0	0	29694302	0	0	29694302	0	0	0	/2/wp-cron.php?doing_wp_cron=1781559135.2936019897460937500000
1	0	0	0	2	0	0	29747491	0	0	29747441	0	/ebuom.php
1	0	0	0	4	0	0	29760771	0	0	29752904	0	/miru3.php
1	1	0	0	0	29775063	0	0	29775063	0	0	4437	/wholesale?product=womens-round-neck-patterned-chemise
1	0	0	7	0	0	29698659	0	0	29673818	0	0	/file60.php
1	0	0	8	0	0	29698659	0	0	29673818	0	0	/file59.php
1	0	0	2	0	0	29678091	0	0	29675171	0	0	/wp-includes/Requests/index.php
1	0	0	1	0	0	29699059	0	0	29699059	0	0	/at/name.php
1	1	0	6	4	29746265	29722112	29768844	29746265	29677921	29756925	5601	/min.php
1	0	0	2	0	0	29678120	0	0	29675195	0	0	/update/
1	0	0	19	8	0	29722525	29768845	0	29674012	29744883	0	/k.php
1	0	0	3	1	0	29689880	29752904	0	29677931	29752904	0	/300.php7
1	0	0	2	0	0	29679065	0	0	29674100	0	0	/Public/
1	0	0	0	2	0	0	29678120	0	0	29675197	0	/wp-content/languages/
1	0	0	0	1	0	0	29678100	0	0	29678100	0	/wp-content/plugins/wp-login.php
1	0	0	1	0	0	29691483	0	0	29691483	0	0	/plugin-editor.php
1	0	0	2	0	0	29676743	0	0	29676094	0	0	/config.json
1	0	0	17	6	0	29719601	29768844	0	29674009	29745195	0	/info.php
1	0	0	1	0	0	29678117	0	0	29678117	0	0	/wp-content/plugins/upspy/up.php
1	0	0	1	0	0	29699060	0	0	29699060	0	0	/consultantx/wp-config.php
1	0	0	4	0	0	29679067	0	0	29674102	0	0	/modules/mod_simplefileuploadv1.3/elements/
1	0	0	1	0	0	29678101	0	0	29678101	0	0	/libraries/phpmailer/updates.php
1	0	0	1	0	0	29678115	0	0	29678115	0	0	/update/gely.php
1	1	0	0	0	29700400	0	0	29700400	0	0	0	/2/wp-cron.php?doing_wp_cron=1781925000.0178809165954589843750
1	0	0	1	0	0	29678113	0	0	29678113	0	0	/wp-content/alam.php
1	0	0	2	0	0	29678123	0	0	29675211	0	0	/Requests/Utility/
1	1	0	0	0	29762421	0	0	29762421	0	0	5593	/product/womens-chiffon-top-whith-pleated-shoulders
1	0	0	27	4	0	29740519	29750390	0	29673819	29744884	0	/f35.php
1	0	0	0	3	0	0	29751334	0	0	29749167	0	/wcvejtpr.php
1	0	0	1	0	0	29678105	0	0	29678105	0	0	/.well-known/header.php
1	0	0	1	0	0	29678107	0	0	29678107	0	0	/wp-content/mu-plugins/admin.php
1	1	0	0	0	29716881	0	0	29716881	0	0	0	/2/wp-cron.php?doing_wp_cron=1782913891.7969229221343994140625
1	0	0	0	3	0	0	29751334	0	0	29749167	0	/n3yUmQ6Q9xwQ8ocdefault.php
1	0	0	1	0	0	29678116	0	0	29678116	0	0	/images/fix.php7
1	1	0	0	0	29705703	0	0	29705703	0	0	0	/2/wp-cron.php?doing_wp_cron=1782243218.9142808914184570312500
1	1	0	0	0	29709526	0	0	29709526	0	0	0	/2/wp-cron.php?doing_wp_cron=1782472616.2807800769805908203125
1	0	0	1	0	0	29699053	0	0	29699053	0	0	/f.php
1	0	0	2	0	0	29679067	0	0	29674103	0	0	/wp-content/plugins/wordpress-seo/
1	0	0	11	0	0	29722112	0	0	29674014	0	0	/config.php
1	0	0	0	2	0	0	29747495	0	0	29747443	0	/9EaklzMysJ.php
1	0	0	0	4	0	0	29768845	0	0	29756925	0	/ww5.php
1	0	0	1	0	0	29678116	0	0	29678116	0	0	/backup/autoload_classmap.php
1	0	0	5	0	0	29698657	0	0	29675260	0	0	/00.php
1	0	0	0	1	0	0	29678102	0	0	29678102	0	/wp-admin/css/colors/ocean/wp-login.php
1	0	0	3	0	0	29719597	0	0	29677597	0	0	/alfanew2.php7
1	0	0	2	0	0	29709529	0	0	29708413	0	0	/bawal.php
1	0	0	1	0	0	29737402	0	0	29737402	0	0	/wp-json/wp/v2/users
1	0	0	1	0	0	29678119	0	0	29678119	0	0	/wp-content/themes/hideo/network.php
1	0	0	2	0	0	29678090	0	0	29675159	0	0	/wp-content/plugins/elementor/wp-wjvngrh.php
1	0	0	27	2	0	29722536	29745195	0	29673815	29744884	0	/a1.php
1	1	0	0	0	29775196	0	0	29775196	0	0	5177	/product/womens-polka-dot-chemise
1	0	0	0	2	0	0	29747492	0	0	29747441	0	/zc-220.php
1	0	0	3	0	0	29689878	0	0	29677926	0	0	/view.php
1	0	0	1	0	0	29678116	0	0	29678116	0	0	/images/c99.php
1	0	0	11	1	0	29722539	29744884	0	29673818	29744884	0	/file48.php
1	0	0	2	0	0	29678122	0	0	29675211	0	0	/images/news_event/
1	0	0	14	7	0	29722111	29768844	0	29674013	29745195	0	/a.php
1	0	0	1	5	0	29722526	29760771	0	29722526	29744883	0	/fpwch.php
1	0	0	1	0	0	29678117	0	0	29678117	0	0	/wp-content/mu-plugins/helper.php
1	0	0	0	2	0	0	29747492	0	0	29747441	0	/uujuu.php
1	1	0	0	0	29686883	0	0	29686883	0	0	0	/2/wp-cron.php?doing_wp_cron=1781114032.5916590690612792968750
1	0	0	1	0	0	29678116	0	0	29678116	0	0	/wp-content/plugins/core-plugin/waf_defender.php
1	0	0	2	0	0	29715710	0	0	29678345	0	0	/mass.php
1	0	0	0	3	0	0	29751334	0	0	29749167	0	/sde.php
1	0	0	3	0	0	29699052	0	0	29678346	0	0	/wp-admin/network/edit.php
1	1	0	0	0	29686889	0	0	29686889	0	0	0	/2/wp-cron.php?doing_wp_cron=1781114352.9564039707183837890625
1	0	0	0	1	0	0	29678106	0	0	29678106	0	/.well-known/pki-validation/kur.php
1	0	0	1	0	0	29678117	0	0	29678117	0	0	/wp-includes/class-wp-taxonomy-sample.php
1	0	0	1	0	0	29701590	0	0	29701590	0	0	/op.php.php
1	0	0	1	0	0	29678111	0	0	29678111	0	0	/baxa1.php7
1	0	0	5	0	0	29678091	0	0	29675091	0	0	/wp-admin/images/admin.php
1	1	0	0	0	29694295	0	0	29694295	0	0	0	/2/wp-cron.php?doing_wp_cron=1781558701.1774449348449707031250
1	0	0	0	1	0	0	29678096	0	0	29678096	0	/wp-includes/js/tinymce/skins/lightgray/img/wp-login.php
1	1	0	0	0	29689481	0	0	29689481	0	0	0	/2/wp-cron.php?doing_wp_cron=1781269880.3202509880065917968750
1	0	0	4	0	0	29715712	0	0	29689587	0	0	/sg.php
1	0	0	1	0	0	29678116	0	0	29678116	0	0	/wp-includes/block-bindings/admin.php
1	0	0	0	3	0	0	29773945	0	0	29749492	0	/cms/wp-includes/wlwmanifest.xml
1	0	0	0	2	0	0	29678090	0	0	29675164	0	/wp-includes/widgets/wp-login.php
1	0	0	3	0	0	29719599	0	0	29677600	0	0	/sagax.php
1	1	0	0	0	29719593	0	0	29719593	0	0	0	/2/wp-cron.php?doing_wp_cron=1783076630.0316588878631591796875
1	0	0	4	0	0	29701592	0	0	29677923	0	0	/wp-link-snpm.php
1	0	0	1	0	0	29699050	0	0	29699050	0	0	/class.1.php
1	0	0	2	0	0	29678121	0	0	29675202	0	0	/wp-content/themes/astra/inc/
1	1	0	0	0	29698862	0	0	29698862	0	0	0	/2/wp-cron.php?doing_wp_cron=1781832773.6125888824462890625000
1	0	0	1	0	0	29701594	0	0	29701594	0	0	/x-403.php
1	0	0	1	1	0	29715717	29746265	0	29715717	29746265	0	/ssla.php
1	1	0	0	0	29720840	0	0	29720840	0	0	0	/2/wp-cron.php?doing_wp_cron=1783151439.2774350643157958984375
1	1	0	0	0	29677931	0	0	29677931	0	0	0	/2/wp-cron.php?doing_wp_cron=1780576878.0958940982818603515625
1	0	0	2	0	0	29678091	0	0	29675172	0	0	/wp-content/plugins/bypass.php
1	1	0	0	0	29698657	0	0	29698657	0	0	0	/2/wp-cron.php?doing_wp_cron=1781820475.1298339366912841796875
1	1	0	0	0	29692796	0	0	29692796	0	0	0	/2/wp-cron.php?doing_wp_cron=1781468795.0043430328369140625000
1	1	0	0	0	29694608	0	0	29694608	0	0	0	/2/wp-cron.php?doing_wp_cron=1781577480.6879699230194091796875
1	1	0	0	0	29693957	0	0	29693957	0	0	0	/2/wp-cron.php?doing_wp_cron=1781538420.1066489219665527343750
1	0	0	0	2	0	0	29747492	0	0	29747442	0	/nvwf4svpvqohxdjtbjCdefault.php
1	0	0	1	0	0	29678105	0	0	29678105	0	0	/wp-content/plugins/pwnd/1.php
1	0	0	1	0	0	29678103	0	0	29678103	0	0	/wp-includes/l10n/class-wp-widddget-pages.php
1	0	0	1	3	0	29701595	29760771	0	29701595	29746264	0	/zc-208.php
1	1	0	0	0	29701592	0	0	29701592	0	0	0	/2/wp-cron.php?doing_wp_cron=1781996575.1955060958862304687500
1	1	0	0	0	29686889	0	0	29686889	0	0	0	/2/wp-cron.php?doing_wp_cron=1781114394.4389209747314453125000
1	0	0	1	0	0	29678343	0	0	29678343	0	0	/wp-kd4xalrg7m.php
1	0	0	0	2	0	0	29747495	0	0	29747443	0	/euocu.php
1	0	0	2	0	0	29678091	0	0	29675171	0	0	/wp-includes/theme-compat/about.php
1	0	0	1	0	0	29678113	0	0	29678113	0	0	/wp-admin/css/colors/blue/alfa.php
1	0	0	1	0	0	29678101	0	0	29678101	0	0	/wp-content/plugins/fix/as.php
1	0	0	33	12	0	29740519	29768844	0	29673815	29744747	0	/222.php
1	0	0	1	0	0	29678101	0	0	29678101	0	0	/wp-includes/images/autoload_classmap.php
1	0	0	0	1	0	0	29767172	0	0	29767172	0	/UuAFIYGYKdefault.php
1	1	0	0	0	29675192	0	0	29675192	0	0	0	/2/wp-cron.php?doing_wp_cron=1780412536.5790889263153076171875
1	1	0	0	0	29719608	0	0	29719608	0	0	0	/2/wp-cron.php?doing_wp_cron=1783077529.1533501148223876953125
1	0	0	0	2	0	0	29767820	0	0	29767172	0	/1wvekeybd9it2di2vyipgr6Cdefault.php
1	0	0	2	0	0	29678093	0	0	29675192	0	0	/wp-includes/classwithtostring.php
1	0	0	1	1	0	29678351	29750391	0	29678351	29750391	0	/erty.php
1	0	0	0	2	0	0	29678123	0	0	29675211	0	/wp-includes/js/jquery/ui/
1	1	0	0	0	29701594	0	0	29701594	0	0	0	/2/wp-cron.php?doing_wp_cron=1781996690.3995471000671386718750
1	1	0	0	0	29708414	0	0	29708414	0	0	0	/2/wp-cron.php?doing_wp_cron=1782405855.8057470321655273437500
1	0	0	1	0	0	29689586	0	0	29689586	0	0	/zoper.php
1	0	0	0	1	0	0	29759161	0	0	29759161	0	/x0.php
1	1	0	0	0	29722533	0	0	29722533	0	0	0	/2/wp-cron.php?doing_wp_cron=1783253032.4652919769287109375000
1	0	0	1	0	0	29678110	0	0	29678110	0	0	/wp-includes/images/smilies/admin.php
1	0	0	1	0	0	29678102	0	0	29678102	0	0	/images/waf_defender.php
1	0	0	1	4	0	29678114	29760771	0	29678114	29745196	0	/cong.php
1	0	0	0	2	0	0	29747495	0	0	29747442	0	/wlld5fjtdpjmjhsds3qzmipfCdefault.php
1	0	0	2	0	0	29718525	0	0	29717946	0	0	/administrator/components/com_sppagebuilder/sppagebuilder.xml
1	0	0	0	1	0	0	29772018	0	0	29772018	0	/ftp-config.json
1	0	0	2	0	0	29678122	0	0	29675202	0	0	/wp-content/themes/hello-element/
1	0	0	0	2	0	0	29678122	0	0	29675202	0	/wp-includes/sodium_compat/src/
1	1	0	0	0	29678113	0	0	29678113	0	0	0	/wp-includes/plugin.php
1	0	0	0	4	0	0	29768844	0	0	29756925	0	/96i.php
1	0	0	0	32	0	0	29768844	0	0	29673815	0	/wp-content/uploads/
1	1	0	0	0	29722527	0	0	29722527	0	0	0	/2/wp-cron.php?doing_wp_cron=1783252669.8519270420074462890625
1	0	0	1	0	0	29678094	0	0	29678094	0	0	/wp-admin/css/colors/blue/atomlib.php
1	0	0	4	0	0	29701592	0	0	29677923	0	0	/xminie.php
1	0	0	0	2	0	0	29747494	0	0	29747442	0	/iee52ruz0s81ndrdefault.php
1	0	0	0	1	0	0	29745196	0	0	29745196	0	/api.php
1	0	0	1	0	0	29678111	0	0	29678111	0	0	/saka.phP7
1	0	0	11	1	0	29722538	29744884	0	29673818	29744884	0	/eee.php
1	0	0	3	0	0	29718524	0	0	29717946	0	0	/administrator/components/com_jce/jce.xml
1	0	0	2	0	0	29678089	0	0	29675159	0	0	/wp-content/plugins/seoplugins/db.php?u
1	0	0	1	0	0	29678099	0	0	29678099	0	0	/wp-content/themes/twentytwentyfour/about.php
1	1	0	0	0	29677205	0	0	29677205	0	0	0	/2/wp-cron.php?doing_wp_cron=1780533317.7790720462799072265625
1	0	0	3	0	0	29689873	0	0	29677919	0	0	/classgoto24.php
1	0	0	1	0	0	29698859	0	0	29698859	0	0	/kuj8rl.php?p=
1	0	0	1	0	0	29715712	0	0	29715712	0	0	/0okj.php
1	1	0	0	0	29693748	0	0	29693748	0	0	0	/2/wp-cron.php?doing_wp_cron=1781525935.2899770736694335937500
1	0	0	0	1	0	0	29772018	0	0	29772018	0	/.ftp-sync.json
1	0	0	1	0	0	29678096	0	0	29678096	0	0	/hehehehe.php
1	0	0	0	1	0	0	29746264	0	0	29746264	0	/zlece.php
1	0	0	2	1	0	29702850	29746519	0	29699060	29746519	0	/pn.php
1	0	0	1	0	0	29715715	0	0	29715715	0	0	/wp-dengko.php
1	0	0	1	0	0	29678103	0	0	29678103	0	0	/wp-includes/assets/script-loader-react-refresh-runtime.min-soap.php
1	2	0	1	0	29765743	29719521	0	29757207	29719521	0	260	/robots.txt?135.148.195.1
1	0	0	1	1	0	29695188	29753200	0	29695188	29753200	0	/apple-touch-icon-precomposed.png
1	1	0	0	0	29719597	0	0	29719597	0	0	0	/2/wp-cron.php?doing_wp_cron=1783076822.0934500694274902343750
1	1	0	0	0	29678117	0	0	29678117	0	0	0	/wp-includes/nav-menu.php
1	1	0	0	0	29706810	0	0	29706810	0	0	0	/2/wp-cron.php?doing_wp_cron=1782309620.0071320533752441406250
1	0	0	1	0	0	29678102	0	0	29678102	0	0	/wp-admin/1.php
1	0	0	1	1	0	29689591	29750390	0	29689591	29750390	0	/baixy.php
1	1	0	0	0	29677210	0	0	29677210	0	0	0	/2/wp-cron.php?doing_wp_cron=1780533647.5100510120391845703125
1	1	0	0	0	29713249	0	0	29713249	0	0	0	/2/wp-cron.php?doing_wp_cron=1782695948.9057109355926513671875
1	0	0	18	10	0	29719603	29768845	0	29674011	29745195	0	/rip.php
1	0	0	0	22	0	0	29768845	0	0	29673811	0	/wp-admin/js/
1	0	0	2	0	0	29678123	0	0	29675211	0	0	/files/shares/
1	0	0	1	0	0	29678094	0	0	29678094	0	0	/.well-known/wp-conflg.php
1	0	0	1	0	0	29678106	0	0	29678106	0	0	/.well-known/info.php
1	1	0	0	0	29775401	0	0	29775401	0	0	5686	/product/womens-flowery-dress
1	0	0	1	0	0	29678094	0	0	29678094	0	0	/webdb.php
1	0	0	2	1	0	29701590	29767820	0	29689874	29767820	0	/3PJcpMFsD8B.php
1	1	0	0	0	29775396	0	0	29775396	0	0	5575	/product/womens-front-pleater-top
1	0	0	1	1	0	29722536	29744884	0	29722536	29744884	0	/w2php
1	0	0	1	0	0	29678096	0	0	29678096	0	0	/wp-includes/pomo/autoload_classmap.php
1	0	0	0	2	0	0	29755802	0	0	29752904	0	/clasa99.php
1	1	0	0	0	29775399	0	0	29775399	0	0	5739	/product/womens-chiffon-gathered-collar-chemise
1	0	0	2	0	0	29679067	0	0	29674102	0	0	/components/
1	1	0	0	0	29678108	0	0	29678108	0	0	0	/2/wp-cron.php?doing_wp_cron=1780587498.6406590938568115234375
1	13	0	0	7	29722534	0	29768845	29673814	0	29744883	0	/wp-content/themes/index.php
1	2	0	0	0	29775045	0	0	29767830	0	0	13783	/collection/woven-clothes
1	0	0	0	2	0	0	29755802	0	0	29752903	0	/kkxuw.php
1	0	0	12	1	0	29722539	29744884	0	29673819	29744884	0	/file15.php
1	0	0	1	6	0	29701596	29760771	0	29701596	29745195	0	/mds.php
1	0	0	0	3	0	0	29719596	0	0	29675164	0	/wp-signup.php
1	1	0	0	0	29693750	0	0	29693750	0	0	0	/2/wp-cron.php?doing_wp_cron=1781526015.6712899208068847656250
1	0	0	5	1	0	29722528	29744883	0	29697214	29744883	0	/zoro.php
1	0	0	7	0	0	29698651	0	0	29673808	0	0	/hellcut.php
1	0	0	0	1	0	0	29678104	0	0	29678104	0	/wp-content/themes/bltm/wp-login.php
1	0	0	0	2	0	0	29747495	0	0	29747442	0	/rgjrq.php
1	0	0	0	1	0	0	29678096	0	0	29678096	0	/wp-includes/images/wp-login.php
1	0	0	1	0	0	29678115	0	0	29678115	0	0	/top.php
1	0	0	1	0	0	29678113	0	0	29678113	0	0	/wp-content/plugins/pwnd/autoload_classmap.php
1	0	0	13	2	0	29719602	29747495	0	29673808	29747443	0	/011i.php
1	1	0	0	0	29674108	0	0	29674108	0	0	0	/2/wp-cron.php?doing_wp_cron=1780347491.3885478973388671875000
1	0	0	0	3	0	0	29760771	0	0	29746264	0	/popo.php
1	0	0	1	0	0	29715711	0	0	29715711	0	0	/appt.php
1	1	0	0	0	29674417	0	0	29674417	0	0	0	/2/wp-cron.php?doing_wp_cron=1780366031.6529378890991210937500
1	0	0	7	0	0	29698658	0	0	29673817	0	0	/cA3bHIkVhgP.php
1	0	0	1	1	0	29701596	29755803	0	29701596	29755803	0	/1100.php
1	1	0	0	0	29770878	0	0	29770878	0	0	6911	/collection/spring-collection
1	0	0	0	4	0	0	29768845	0	0	29756925	0	/sagax1.php
1	0	0	2	0	0	29701600	0	0	29691487	0	0	/adoms.php
1	1	0	0	0	29708414	0	0	29708414	0	0	0	/2/wp-cron.php?doing_wp_cron=1782405871.3745009899139404296875
1	0	0	6	0	0	29694311	0	0	29673820	0	0	/bel.php
1	1	0	0	0	29775362	0	0	29775362	0	0	5183	/product/6387
1	0	0	1	0	0	29678110	0	0	29678110	0	0	/modules/mod_simplefileuploadv1.3/elements/admin-footer.php
1	0	0	1	0	0	29701600	0	0	29701600	0	0	/gihj800k.php
1	0	0	1	0	0	29678104	0	0	29678104	0	0	/wp-content/upgrade/cc.php
1	0	0	2	0	0	29691487	0	0	29678107	0	0	/plugin-install.php
1	0	0	1	0	0	29678118	0	0	29678118	0	0	/wp-content/themes/twentytwentyfour/patterns/template-singl-portfolio.php
1	1	0	0	0	29775383	0	0	29775383	0	0	4430	/wholesale?product=womens-satin-chemise
1	0	0	1	0	0	29678116	0	0	29678116	0	0	/wp-includes/file.php
1	0	0	2	0	0	29679064	0	0	29674100	0	0	/admin/uploads/
1	0	0	2	0	0	29679066	0	0	29674101	0	0	/php/
1	0	0	1	2	0	29689592	29747494	0	29689592	29747442	0	/ws87.php
1	0	0	0	3	0	0	29750390	0	0	29747442	0	/wper.php
1	1	0	0	0	29766709	0	0	29766709	0	0	4430	http://raspinaclothing.com/wholesale?product=womens-short-jean-sarafon
1	1	0	0	0	29767271	0	0	29767271	0	0	5247	http://raspinaclothing.com/product/womens-turn-down-collar-blouse-with-gathered-cuffs-and-lnner-top
1	1	0	0	0	29674415	0	0	29674415	0	0	0	/2/wp-cron.php?doing_wp_cron=1780365918.1464519500732421875000
1	0	0	1	0	0	29701593	0	0	29701593	0	0	/wp-yx6dcn.php
1	0	0	0	3	0	0	29751334	0	0	29749167	0	/qqjki.php
1	1	0	0	0	29775365	0	0	29775365	0	0	5579	/product/womens-distressed-turn-down-collar-tunic-top
1	1	0	0	0	29701600	0	0	29701600	0	0	0	/2/wp-cron.php?doing_wp_cron=1781997031.3377499580383300781250
1	1	0	0	0	29719596	0	0	29719596	0	0	0	/2/wp-cron.php?doing_wp_cron=1783076776.3338909149169921875000
1	0	0	0	2	0	0	29747492	0	0	29747441	0	/lunv.php
1	1	0	0	0	29678094	0	0	29678094	0	0	0	/2/wp-cron.php?doing_wp_cron=1780586655.6607038974761962890625
1	0	0	4	1	0	29740521	29750391	0	29689590	29750391	0	/amp.php
1	2	0	2	0	29774931	29768834	0	29768834	29768834	0	8691	/wholesale
1	0	0	2	0	0	29709527	0	0	29708411	0	0	/znar.php
1	1	0	0	0	29675164	0	0	29675164	0	0	0	/2/wp-cron.php?doing_wp_cron=1780410894.0994329452514648437500
1	0	0	3	0	0	29719600	0	0	29677601	0	0	/defaults.php
1	0	0	0	2	0	0	29678123	0	0	29675211	0	/wp-includes/js/tinymce/themes/
1	1	0	0	0	29701592	0	0	29701592	0	0	0	/2/wp-cron.php?doing_wp_cron=1781996521.8063158988952636718750
1	0	0	1	0	0	29691486	0	0	29691486	0	0	/ws82.php
1	1	0	0	0	29691144	0	0	29691144	0	0	0	/2/wp-cron.php?doing_wp_cron=1781369652.4805359840393066406250
1	1	0	0	0	29689591	0	0	29689591	0	0	0	/2/wp-cron.php?doing_wp_cron=1781276476.5101020336151123046875
1	1	0	0	0	29678106	0	0	29678106	0	0	0	/2/wp-cron.php?doing_wp_cron=1780587377.7806971073150634765625
1	0	0	0	4	0	0	29679066	0	0	29674102	0	/wp-admin/maint/
1	0	0	1	0	0	29678111	0	0	29678111	0	0	/images/stories/themes.php
1	1	0	0	0	29688097	0	0	29688097	0	0	0	/2/wp-cron.php?doing_wp_cron=1781186840.5923819541931152343750
1	0	0	1	0	0	29678342	0	0	29678342	0	0	/wp-der.php
1	1	0	0	0	29716157	0	0	29716157	0	0	0	/2/wp-cron.php?doing_wp_cron=1782870458.4910759925842285156250
1	0	0	5	0	0	29703317	0	0	29673808	0	0	/b00869ae6e.php
1	0	0	3	0	0	29689874	0	0	29677921	0	0	/aj11.php
1	0	0	1	0	0	29678098	0	0	29678098	0	0	/adminfuns.php7
1	1	0	0	0	29693756	0	0	29693756	0	0	0	/2/wp-cron.php?doing_wp_cron=1781526415.9094049930572509765625
1	0	0	0	1	0	0	29745196	0	0	29745196	0	/php.ini
1	0	0	2	0	0	29693957	0	0	29692498	0	0	/yoy123.php
1	0	0	1	0	0	29715714	0	0	29715714	0	0	/mans.php
1	0	0	0	2	0	0	29747492	0	0	29747442	0	/zyjhr.php
1	0	0	0	7	0	0	29679067	0	0	29674102	0	/wp-admin/images/
1	0	0	3	0	0	29678134	0	0	29674929	0	0	/wp-json/litespeed/v1/cdn_status
1	0	0	9	5	0	29719599	29760771	0	29677211	29746264	0	/wp-info.php
1	1	0	0	0	29678351	0	0	29678351	0	0	0	/2/wp-cron.php?doing_wp_cron=1780602111.7234261035919189453125
1	0	0	12	1	0	29719602	29750391	0	29674010	29750391	0	/grsiuk.php
1	0	0	0	2	0	0	29747495	0	0	29747442	0	/wglum1.php
1	0	0	0	3	0	0	29760771	0	0	29746264	0	/fw/faiyy.php
1	0	0	3	0	0	29689873	0	0	29677920	0	0	/ng.php
1	0	0	1	3	0	29701598	29760771	0	29701598	29746264	0	/2000.php
1	0	0	0	4	0	0	29768844	0	0	29756925	0	/xleet.php
1	1	0	0	0	29774953	0	0	29774953	0	0	5576	/product/womens-tie-front-shawl-collar-crop-blouse
1	1	0	0	0	29678097	0	0	29678097	0	0	0	/2/wp-cron.php?doing_wp_cron=1780586831.3266000747680664062500
1	0	0	20	9	0	29740517	29767820	0	29673816	29744884	0	/file5.php
1	1	0	0	0	29678349	0	0	29678349	0	0	0	/2/wp-cron.php?doing_wp_cron=1780601987.3931210041046142578125
1	0	0	1	0	0	29678104	0	0	29678104	0	0	/wp-content/wp.php
1	0	0	1	0	0	29678104	0	0	29678104	0	0	/wp-content/plugins/ioxi/ioxi/dropdown.php
1	0	0	1	0	0	29678116	0	0	29678116	0	0	/files/shares/403ws.php
1	0	0	1	0	0	29678106	0	0	29678106	0	0	/wp-includes/widgets/class-t.api.php
1	0	0	1	0	0	29691483	0	0	29691483	0	0	/mk.php
1	0	0	0	3	0	0	29751334	0	0	29749167	0	/lzx2.php
1	0	0	1	0	0	29678103	0	0	29678103	0	0	/aks.php
1	0	0	0	2	0	0	29755803	0	0	29746519	0	/cro.php
1	0	0	1	0	0	29678117	0	0	29678117	0	0	/wp-admin/images/archive.php
1	1	0	0	0	29697221	0	0	29697221	0	0	0	/2/wp-cron.php?doing_wp_cron=1781734278.7986319065093994140625
1	1	0	0	0	29689587	0	0	29689587	0	0	0	/2/wp-cron.php?doing_wp_cron=1781276267.0336959362030029296875
1	1	0	0	0	29679796	0	0	29679796	0	0	0	/2/wp-cron.php?doing_wp_cron=1780688781.1546909809112548828125
1	0	0	1	0	0	29678099	0	0	29678099	0	0	/ext.php
1	0	0	1	0	0	29676094	0	0	29676094	0	0	/storage/logs/laravel.log
1	0	0	16	2	0	29722537	29767820	0	29673816	29744884	0	/4PJcpMFsD8B.php
1	0	0	1	0	0	29678111	0	0	29678111	0	0	/vendor/phpunit/phpunit/src/Util/PHP/db.php
1	0	0	2	0	0	29676743	0	0	29676094	0	0	/config.js
1	0	0	1	0	0	29678104	0	0	29678104	0	0	/wp-fmfile.php
1	0	0	2	0	0	29679067	0	0	29674103	0	0	/wp-admin/meta/
1	1	0	0	0	29678121	0	0	29678121	0	0	0	/2/wp-cron.php?doing_wp_cron=1780588276.1008629798889160156250
1	0	0	1	0	0	29678100	0	0	29678100	0	0	/css/slider.php
1	0	0	1	0	0	29701593	0	0	29701593	0	0	/class-db.php
1	0	0	1	3	0	29689592	29751334	0	29689592	29749167	0	/green.php
1	1	0	0	0	29675262	0	0	29675262	0	0	0	/2/wp-cron.php?doing_wp_cron=1780416731.1220650672912597656250
1	0	0	1	0	0	29678094	0	0	29678094	0	0	/wp-includes/block-patterns/autoload_classmap.php
1	1	0	0	0	29678123	0	0	29678123	0	0	0	/2/wp-cron.php?doing_wp_cron=1780588427.8375239372253417968750
1	0	0	1	0	0	29678108	0	0	29678108	0	0	/wp-admin/css/colors/ocean/alam.php
1	0	0	0	7	0	0	29679063	0	0	29674099	0	/wp-includes/ID3/
1	0	0	5	0	0	29698660	0	0	29675264	0	0	/bbn.php
1	0	0	0	1	0	0	29746264	0	0	29746264	0	/csa.php
1	0	0	1	0	0	29678118	0	0	29678118	0	0	/wp-content/plugins/so-pinyin-slugs/inc/main_json.php
1	0	0	4	0	0	29678094	0	0	29675098	0	0	/wp-includes/IXR/index.php
1	0	0	1	0	0	29678106	0	0	29678106	0	0	/wp-includes/class-wp-customize-manager-client.php
1	0	0	1	0	0	29678116	0	0	29678116	0	0	/wp-includes/wp-conflg.php
1	0	0	0	2	0	0	29747495	0	0	29747443	0	/CDX7.php
1	0	0	0	2	0	0	29747492	0	0	29747442	0	/gedim.php
1	0	0	1	0	0	29678119	0	0	29678119	0	0	/wp-content/plugins/awesome-coming-soon/come.php
1	0	0	0	2	0	0	29747495	0	0	29747442	0	/ws59.php
1	0	0	1	0	0	29689593	0	0	29689593	0	0	/ws60.php
1	0	0	1	0	0	29678108	0	0	29678108	0	0	/wp-includes/css/dist/footer-default.php
1	0	0	1	0	0	29740514	0	0	29740514	0	0	/wp-includes/ID3/getid3.lib-xml.php
1	1	0	0	0	29677211	0	0	29677211	0	0	0	/2/wp-cron.php?doing_wp_cron=1780533679.0963449478149414062500
1	0	0	0	1	0	0	29750390	0	0	29750390	0	/wp3.php
1	0	0	1	0	0	29701597	0	0	29701597	0	0	/wp-care.php
1	0	0	3	7	0	29740516	29767820	0	29713808	29744747	0	/xyn.php
1	0	0	1	1	0	29689591	29750391	0	29689591	29750391	0	/xxw.php
1	0	0	1	0	0	29678103	0	0	29678103	0	0	/litespeed.php
1	0	0	1	0	0	29678350	0	0	29678350	0	0	/bless5.php
1	0	0	0	2	0	0	29747492	0	0	29747441	0	/aligk.php
1	1	0	0	0	29694297	0	0	29694297	0	0	0	/2/wp-cron.php?doing_wp_cron=1781558835.0980129241943359375000
1	0	0	9	0	0	29679485	0	0	29674021	0	0	/wp-admin.php
1	1	0	0	0	29709530	0	0	29709530	0	0	0	/2/wp-cron.php?doing_wp_cron=1782472804.3044240474700927734375
1	0	0	1	0	0	29678114	0	0	29678114	0	0	/wp-configs.php
1	0	0	2	0	0	29693957	0	0	29692497	0	0	/spire.php
1	0	0	1	0	0	29678116	0	0	29678116	0	0	/wp-content/themes/twentytwentyfour/install.php
1	0	0	1	0	0	29678095	0	0	29678095	0	0	/vendor/phpunit/phpunit/src/Util/PHP/as.php
1	0	0	1	0	0	29678113	0	0	29678113	0	0	/wp-includes/SimplePie/login.php
1	0	0	11	3	0	29719607	29750390	0	29674017	29747441	0	/CDX2.php
1	0	0	1	0	0	29678112	0	0	29678112	0	0	/wp-content/plugins/pwnd/dedi1.php
1	0	0	0	4	0	0	29768844	0	0	29756925	0	/ws54.php
1	0	0	1	2	0	29701591	29755803	0	29701591	29752904	0	/oka3u7.php
1	1	0	0	0	29677923	0	0	29677923	0	0	0	/2/wp-cron.php?doing_wp_cron=1780576427.6056969165802001953125
1	0	0	2	0	0	29693955	0	0	29692496	0	0	/wolf.php
1	1	0	0	0	29765475	0	0	29765475	0	0	4428	/wholesale?product=womens-gaiter-chemise-2
1	0	0	0	1	0	0	29678109	0	0	29678109	0	/.well-known/acme-challenge/wp-login.php
1	0	0	1	0	0	29701599	0	0	29701599	0	0	/peptide1.php
1	1	0	0	0	29674109	0	0	29674109	0	0	0	/2/wp-cron.php?doing_wp_cron=1780347582.8486490249633789062500
1	0	0	1	0	0	29691979	0	0	29691979	0	0	http://www.raspinaclothing.com/news-sitemap.xml
1	1	0	0	0	29678104	0	0	29678104	0	0	0	/2/wp-cron.php?doing_wp_cron=1780587295.0340061187744140625000
1	1	0	0	0	29674102	0	0	29674102	0	0	0	/2/wp-cron.php?doing_wp_cron=1780347136.4253849983215332031250
1	1	0	0	0	29697224	0	0	29697224	0	0	0	/2/wp-cron.php?doing_wp_cron=1781734456.2703030109405517578125
1	1	0	0	0	29702852	0	0	29702852	0	0	0	/2/wp-cron.php?doing_wp_cron=1782072135.9346699714660644531250
1	1	0	0	0	29709514	0	0	29709514	0	0	0	/2/wp-cron.php?doing_wp_cron=1782471860.0613670349121093750000
1	0	0	7	1	0	29719598	29745195	0	29677598	29745195	0	/shell.php
1	0	0	2	0	0	29678120	0	0	29675195	0	0	/wp-content/plugins/ubh/
1	0	0	1	0	0	29678115	0	0	29678115	0	0	/uploads/lala.php
1	0	0	0	3	0	0	29751334	0	0	29749167	0	/15ds5ock.php
1	0	0	2	0	0	29679067	0	0	29674102	0	0	/wp-content/plugins/contact-form-7/admin/js/
1	0	0	1	4	0	29722527	29760771	0	29722527	29744883	0	/v543.php
1	0	0	0	1	0	0	29750391	0	0	29750391	0	/easy.php
1	0	0	1	3	0	29699050	29750391	0	29699050	29747442	0	/fetch.php
1	1	0	0	0	29692497	0	0	29692497	0	0	0	/2/wp-cron.php?doing_wp_cron=1781450866.3485701084136962890625
1	1	0	0	0	29678115	0	0	29678115	0	0	0	/2/wp-cron.php?doing_wp_cron=1780587910.9109280109405517578125
1	0	0	1	0	0	29691490	0	0	29691490	0	0	/ws48.php
1	1	0	0	0	29708412	0	0	29708412	0	0	0	/2/wp-cron.php?doing_wp_cron=1782405772.5929539203643798828125
1	0	0	6	1	0	29686885	29759161	0	29674550	29759161	0	/lock360.php
1	1	0	0	0	29718543	0	0	29718543	0	0	0	/2/wp-cron.php?doing_wp_cron=1783013598.8303079605102539062500
1	0	0	0	3	0	0	29760771	0	0	29746264	0	/loader.php
1	0	0	18	1	0	29740520	29750391	0	29674020	29750391	0	/mini.php
1	1	0	0	0	29708412	0	0	29708412	0	0	0	/2/wp-cron.php?doing_wp_cron=1782405723.1574599742889404296875
1	0	0	0	2	0	0	29755802	0	0	29752904	0	/tx58.php
1	0	0	2	0	0	29678121	0	0	29675202	0	0	/wp-content/themes/twentyfive/
1	0	0	2	0	0	29678092	0	0	29675173	0	0	/autoload_classmap/function.php
1	0	0	1	0	0	29701597	0	0	29701597	0	0	/bgbagbcw.php
1	0	0	0	3	0	0	29751334	0	0	29749167	0	/fsgdjkl.php
1	0	0	2	0	0	29678092	0	0	29675191	0	0	/wp-admin/js/wp-conflg.php
1	0	0	0	2	0	0	29747495	0	0	29747443	0	/dyxbc.php
1	1	0	0	0	29722527	0	0	29722527	0	0	0	/2/wp-cron.php?doing_wp_cron=1783252637.0325000286102294921875
1	0	0	1	0	0	29678348	0	0	29678348	0	0	/wp-at.php
1	0	0	1	0	0	29678102	0	0	29678102	0	0	/.well-known/classwithtostring.php
1	1	0	0	0	29775161	0	0	29775161	0	0	5573	/product/womens-wide-waistband-shorts
1	0	0	1	0	0	29678119	0	0	29678119	0	0	/wp-content/plugins/wp-help/admin/wp-fclass.php
1	0	0	0	1	0	0	29746519	0	0	29746519	0	/billur.php
1	1	0	0	0	29678111	0	0	29678111	0	0	0	/2/wp-cron.php?doing_wp_cron=1780587706.6997289657592773437500
1	0	0	2	0	0	29709529	0	0	29708413	0	0	/rrdbtjru.php
1	1	0	0	0	29715717	0	0	29715717	0	0	0	/2/wp-cron.php?doing_wp_cron=1782844069.2148869037628173828125
1	0	0	0	2	0	0	29767172	0	0	29744747	0	/584062352875874akp.php
1	0	0	3	4	0	29691506	29774905	0	29675875	29761343	0	/images/images/cache.php
1	0	0	0	2	0	0	29678092	0	0	29675173	0	/.well-known/pki-validation/index.php
1	0	0	1	0	0	29678115	0	0	29678115	0	0	/wp-content/themes/pridmag/admin-footer.php
1	1	0	0	0	29703323	0	0	29703323	0	0	0	/2/wp-cron.php?doing_wp_cron=1782100384.8448278903961181640625
1	1	0	0	0	29691143	0	0	29691143	0	0	0	/2/wp-cron.php?doing_wp_cron=1781369595.3999660015106201171875
1	0	0	14	1	0	29722538	29744884	0	29673817	29744884	0	/ccou.php
1	0	0	1	0	0	29678106	0	0	29678106	0	0	/js/js1.php
1	0	0	1	0	0	29678095	0	0	29678095	0	0	/wp-includes/SimplePie/applicationd.php
1	1	0	0	0	29775307	0	0	29775307	0	0	5151	/product/womens-pleated-top
1	1	0	0	0	29732875	0	0	29732875	0	0	0	/2/wp-cron.php?doing_wp_cron=1783873532.7840790748596191406250
1	0	0	1	0	0	29678100	0	0	29678100	0	0	/wp-includes/Text/about.php
1	0	0	2	0	0	29678092	0	0	29675172	0	0	/vendor/phpunit/phpunit/src/Util/PHP/ask.php
1	1	0	0	0	29694163	0	0	29694163	0	0	64	/.well-known/acme-challenge/JEWOU9YZ-THWNTJF3_MJR0-AS3EBVKD8
1	1	0	0	0	29775258	0	0	29775258	0	0	4447	/wholesale?product=womens-striped-gaiter-waist-sarafon
1	1	0	0	0	29691488	0	0	29691488	0	0	0	/2/wp-cron.php?doing_wp_cron=1781390326.9165570735931396484375
1	0	0	1	0	0	29699059	0	0	29699059	0	0	/rJs.php
1	1	0	0	0	29715717	0	0	29715717	0	0	0	/2/wp-cron.php?doing_wp_cron=1782844036.7765140533447265625000
1	1	0	0	0	29771113	0	0	29771113	0	0	5213	/product/womens-pants-andd-blouse-set
1	0	0	1	0	0	29678104	0	0	29678104	0	0	/infos.php
1	0	0	3	0	0	29675098	0	0	29675094	0	0	/wp-content/x/index.php
1	1	0	0	0	29691888	0	0	29691888	0	0	0	/2/wp-cron.php?doing_wp_cron=1781414283.2389190196990966796875
1	0	0	1	0	0	29678111	0	0	29678111	0	0	/wp-admin/css/about.php
1	0	0	0	17	0	0	29760771	0	0	29673816	0	/wp-admin/css/colors/blue/
1	0	0	0	3	0	0	29750390	0	0	29747441	0	/new3.php
1	0	0	0	1	0	0	29750390	0	0	29750390	0	/yjdit.php
1	1	0	0	0	29698655	0	0	29698655	0	0	0	/2/wp-cron.php?doing_wp_cron=1781820312.5205769538879394531250
1	0	0	1	0	0	29701593	0	0	29701593	0	0	/wp-zrercr.php
1	1	0	0	0	29719600	0	0	29719600	0	0	0	/2/wp-cron.php?doing_wp_cron=1783077032.8038070201873779296875
1	0	0	1	1	0	29722526	29744883	0	29722526	29744883	0	/blurbs.php
1	2	0	0	0	29775360	0	0	29759193	0	0	11424	/product/womens-tie-front-wrap-crop-blouse
1	0	0	1	0	0	29678101	0	0	29678101	0	0	/contacts.php
1	1	0	0	0	29694297	0	0	29694297	0	0	0	/2/wp-cron.php?doing_wp_cron=1781558870.7131650447845458984375
1	1	0	0	0	29691146	0	0	29691146	0	0	0	/2/wp-cron.php?doing_wp_cron=1781369778.2097620964050292968750
1	1	0	0	0	29733459	0	0	29733459	0	0	0	/2/wp-cron.php?doing_wp_cron=1783908594.4294810295104980468750
1	0	0	0	4	0	0	29679064	0	0	29674099	0	/wp-includes/customize/
1	0	0	2	0	0	29678090	0	0	29675164	0	0	/wp-includes/js/jquery/jquery.php
1	0	0	1	0	0	29701600	0	0	29701600	0	0	/lgr.php
1	2	0	0	0	29770507	0	0	29768834	0	0	9254	/catalog
1	0	0	2	0	0	29678120	0	0	29675197	0	0	/css/
1	0	0	12	5	0	29719601	29768844	0	29674009	29745195	0	/404.php
1	1	0	0	0	29680581	0	0	29680581	0	0	0	/2/wp-cron.php?doing_wp_cron=1780735910.3584361076354980468750
1	0	0	1	0	0	29678110	0	0	29678110	0	0	/wp-content/uploads/chosen.php
1	1	0	0	0	29691489	0	0	29691489	0	0	0	/2/wp-cron.php?doing_wp_cron=1781390390.9423561096191406250000
1	0	0	0	2	0	0	29678122	0	0	29675202	0	/wp-includes/js/dist/
1	0	0	0	2	0	0	29747492	0	0	29747442	0	/BhqKs28Cw94.php
1	2	0	0	0	29768834	0	0	29765574	0	0	8341	/about-us
1	0	0	2	0	0	29678123	0	0	29675211	0	0	/wp-includes/Requests/Utility/
1	0	0	1	3	0	29678095	29760771	0	29678095	29746264	0	/wp-includes/css/index.php
1	0	0	0	2	0	0	29747495	0	0	29747443	0	/3Cr1w6dfjTK.php
1	1	0	0	0	29707290	0	0	29707290	0	0	0	/2/wp-cron.php?doing_wp_cron=1782338426.8884060382843017578125
1	0	0	1	0	0	29678114	0	0	29678114	0	0	/wp-admin/js/cc.php
1	0	0	1	4	0	29699055	29760771	0	29699055	29752903	0	/il.php
1	1	0	0	0	29719603	0	0	29719603	0	0	0	/2/wp-cron.php?doing_wp_cron=1783077234.0485539436340332031250
1	0	0	1	0	0	29678105	0	0	29678105	0	0	/wp-admin/css/colors/modern/colors.css.php
1	0	0	1	0	0	29689587	0	0	29689587	0	0	/27kstv.php
1	0	0	1	0	0	29678107	0	0	29678107	0	0	/wp-includes/class-walker-comment-client.php
1	1	0	0	0	29702855	0	0	29702855	0	0	0	/2/wp-cron.php?doing_wp_cron=1782072315.2067298889160156250000
1	1	0	0	0	29696336	0	0	29696336	0	0	0	/2/wp-cron.php?doing_wp_cron=1781681208.6060481071472167968750
1	0	0	0	1	0	0	29759161	0	0	29759161	0	/123.php
1	0	0	2	0	0	29678124	0	0	29675212	0	0	/wp-admin/images/html-api/
1	0	0	1	0	0	29698872	0	0	29698872	0	0	/trx24.php
1	0	0	0	2	0	0	29755802	0	0	29752904	0	/s_8.php
1	0	0	1	0	0	29722109	0	0	29722109	0	0	/raw.php
1	1	0	0	0	29693745	0	0	29693745	0	0	0	/2/wp-cron.php?doing_wp_cron=1781525748.2552270889282226562500
1	0	0	1	0	0	29678096	0	0	29678096	0	0	/wp-admin/maint/themes.php
1	1	0	0	0	29678344	0	0	29678344	0	0	0	/2/wp-cron.php?doing_wp_cron=1780601652.3370420932769775390625
1	0	0	1	0	0	29689593	0	0	29689593	0	0	/zc-104.php
1	0	0	1	0	0	29701600	0	0	29701600	0	0	/Document-2026.php
1	0	0	0	2	0	0	29747492	0	0	29747441	0	/jtfocpif.php
1	1	0	0	0	29767162	0	0	29767162	0	0	15121	http://raspinaclothing.com/wishlist
1	0	0	1	0	0	29678114	0	0	29678114	0	0	/wp-admin/item.php
1	1	0	0	0	29698660	0	0	29698660	0	0	0	/2/wp-cron.php?doing_wp_cron=1781820646.0231010913848876953125
1	1	0	0	0	29689593	0	0	29689593	0	0	0	/2/wp-cron.php?doing_wp_cron=1781276634.2820730209350585937500
1	0	0	0	1	0	0	29750390	0	0	29750390	0	/oocnp.php
1	1	0	0	0	29691143	0	0	29691143	0	0	0	/2/wp-cron.php?doing_wp_cron=1781369634.3226060867309570312500
1	1	0	0	0	29678095	0	0	29678095	0	0	0	/2/wp-cron.php?doing_wp_cron=1780586715.2409000396728515625000
1	1	0	0	0	29692495	0	0	29692495	0	0	0	/2/wp-cron.php?doing_wp_cron=1781450727.4502589702606201171875
1	0	0	15	2	0	29703318	29755802	0	29673810	29752904	0	/samll.php
1	1	0	0	0	29722530	0	0	29722530	0	0	0	/2/wp-cron.php?doing_wp_cron=1783252819.1821379661560058593750
1	0	0	11	0	0	29722109	0	0	29673815	0	0	/wp-content/BypassBest.php
1	0	0	1	0	0	29722113	0	0	29722113	0	0	/main.php
1	0	0	0	3	0	0	29751334	0	0	29749167	0	/jnhddqyz.php
1	0	0	2	1	0	29715715	29755803	0	29701592	29755803	0	/zxcs.php
1	0	0	1	0	0	29698662	0	0	29698662	0	0	/f3027655e14136.php
1	0	0	0	1	0	0	29759161	0	0	29759161	0	/gt.php
1	0	0	1	0	0	29678118	0	0	29678118	0	0	/plus/90sec.php
1	1	0	0	0	29698871	0	0	29698871	0	0	0	/2/wp-cron.php?doing_wp_cron=1781833271.1817109584808349609375
1	1	0	0	0	29766782	0	0	29766782	0	0	6912	http://raspinaclothing.com/collection/summer-collection
1	1	0	0	0	29678096	0	0	29678096	0	0	0	/2/wp-cron.php?doing_wp_cron=1780586776.1206109523773193359375
1	1	0	0	0	29703326	0	0	29703326	0	0	0	/2/wp-cron.php?doing_wp_cron=1782100578.3629560470581054687500
1	1	0	0	0	29693763	0	0	29693763	0	0	0	/2/wp-cron.php?doing_wp_cron=1781526784.4670479297637939453125
1	1	0	0	0	29678098	0	0	29678098	0	0	0	/2/wp-cron.php?doing_wp_cron=1780586890.7624709606170654296875
1	0	0	5	1	0	29702853	29750390	0	29689591	29750390	0	/wen.php
1	1	0	0	0	29697225	0	0	29697225	0	0	0	/2/wp-cron.php?doing_wp_cron=1781734546.8334538936614990234375
1	0	0	0	12	0	0	29719601	0	0	29674018	0	/xmlrpc.php
1	0	0	1	0	0	29689591	0	0	29689591	0	0	/public/file.php
1	0	0	1	0	0	29740513	0	0	29740513	0	0	/wp-includes/class-walker-nav-menu-event.php
1	1	0	0	0	29699058	0	0	29699058	0	0	0	/2/wp-cron.php?doing_wp_cron=1781844536.1396360397338867187500
1	0	0	1	0	0	29678095	0	0	29678095	0	0	/go.php
1	0	0	1	0	0	29678100	0	0	29678100	0	0	/assets/bypass.php
1	0	0	1	0	0	29678107	0	0	29678107	0	0	/include/install.php
1	0	0	3	0	0	29698859	0	0	29692497	0	0	/fix.php
1	0	0	1	0	0	29678100	0	0	29678100	0	0	/wp-content/languages/plugins.php
1	0	0	4	1	0	29722528	29744883	0	29697214	29744883	0	/wp-admin/css/colors/coffee/wp-adochan.php
1	0	0	1	0	0	29678110	0	0	29678110	0	0	/wp-content/plugins/WordPressCore/include.php
1	0	0	3	0	0	29689878	0	0	29677927	0	0	/moshou.php
1	0	0	0	2	0	0	29747492	0	0	29747441	0	/106.php
1	0	0	8	0	0	29719610	0	0	29674100	0	0	/images/
1	0	0	0	11	0	0	29719603	0	0	29674012	0	/wp-config-sample.php
1	1	0	0	0	29775329	0	0	29775329	0	0	4445	/wholesale?product=womens-round-neck-top-with-open-v-back
1	1	0	0	0	29674100	0	0	29674100	0	0	0	/2/wp-cron.php?doing_wp_cron=1780347041.5630979537963867187500
1	0	0	4	0	0	29678107	0	0	29675097	0	0	/wp-admin/maint/admin.php
1	0	0	0	2	0	0	29747494	0	0	29747442	0	/wp-denmono.php
1	1	0	0	0	29678106	0	0	29678106	0	0	0	/2/wp-cron.php?doing_wp_cron=1780587407.9298150539398193359375
1	0	0	1	0	0	29740516	0	0	29740516	0	0	/wp-includes/query-array.php
1	0	0	2	0	0	29686889	0	0	29677209	0	0	/layout.php
1	0	0	0	1	0	0	29750390	0	0	29750390	0	/ws77.php?p=
1	0	0	1	0	0	29689594	0	0	29689594	0	0	/varb.php
1	0	0	1	0	0	29678343	0	0	29678343	0	0	/wehrman.php
1	0	0	20	1	0	29740521	29750391	0	29674010	29750391	0	/fs.php
1	0	0	11	1	0	29722529	29744883	0	29673808	29744883	0	/ha.php
1	0	0	4	2	0	29701594	29747494	0	29677930	29747442	0	/insta.php
1	1	0	0	0	29693954	0	0	29693954	0	0	0	/2/wp-cron.php?doing_wp_cron=1781538259.7169620990753173828125
1	0	0	1	0	0	29678352	0	0	29678352	0	0	/pouhg.php
1	0	0	1	0	0	29678107	0	0	29678107	0	0	/blog/signatur.php
1	1	0	0	0	29678107	0	0	29678107	0	0	0	/2/wp-cron.php?doing_wp_cron=1780587430.7601969242095947265625
1	0	0	1	0	0	29699058	0	0	29699058	0	0	/wp-rss2.php
1	0	0	0	3	0	0	29773945	0	0	29749492	0	/xmlrpc.php?rsd
1	0	0	17	6	0	29722535	29768844	0	29673815	29744883	0	/goods.php
1	0	0	1	0	0	29740515	0	0	29740515	0	0	/images/changetoavif.php
1	0	0	1	0	0	29678103	0	0	29678103	0	0	/wp-includes/SimplePie/Canonical.php
1	0	0	28	9	0	29722536	29768844	0	29673816	29744884	0	/chosen.php
1	1	0	0	0	29775294	0	0	29775294	0	0	7272	/shop?page=2
1	0	0	0	2	0	0	29678123	0	0	29675211	0	/wp-includes/js/imgareaselect/
1	0	0	1	0	0	29678110	0	0	29678110	0	0	/wp-includes/network.php
1	0	0	0	2	0	0	29747494	0	0	29747442	0	/coiuz.php
1	0	0	0	1	0	0	29746519	0	0	29746519	0	/2352356666.php
1	0	0	1	0	0	29740513	0	0	29740513	0	0	/wp-includes/img-stream.php
1	1	0	0	0	29689880	0	0	29689880	0	0	0	/2/wp-cron.php?doing_wp_cron=1781293855.0786049365997314453125
1	1	0	0	0	29678115	0	0	29678115	0	0	0	/2/wp-cron.php?doing_wp_cron=1780587915.7356390953063964843750
1	0	0	0	1	0	0	29746265	0	0	29746265	0	/wp-admin/wpyfiavs.php
1	0	0	1	0	0	29678113	0	0	29678113	0	0	/wp-content/plugins/seoo/alfa.php
1	1	0	0	0	29775394	0	0	29775394	0	0	5167	/product/womens-giter-waist-dress
1	0	0	14	4	0	29719608	29750391	0	29674019	29744747	0	/Ov-Simple1.php
1	0	0	0	2	0	0	29747495	0	0	29747442	0	/Spow_SRw.php
1	0	0	12	5	0	29722532	29760771	0	29673812	29744883	0	/pucci.php
1	0	0	1	0	0	29678116	0	0	29678116	0	0	/files.php 
1	0	0	1	0	0	29678102	0	0	29678102	0	0	/Simple.php
1	0	0	3	2	0	29689878	29747492	0	29677927	29747442	0	/zoper1.php
1	0	0	1	0	0	29678114	0	0	29678114	0	0	/wp-includes/ID3/module.audio-license.php
1	0	0	0	1	0	0	29744747	0	0	29744747	0	/twivahpi.php
1	0	0	1	0	0	29678100	0	0	29678100	0	0	/wp-admin/js/about.php
1	1	0	0	0	29719592	0	0	29719592	0	0	0	/2/wp-cron.php?doing_wp_cron=1783076571.7966289520263671875000
1	0	0	3	1	0	29740520	29750390	0	29708414	29750390	0	/iQps3ldefault.php
1	1	0	0	0	29697223	0	0	29697223	0	0	0	/2/wp-cron.php?doing_wp_cron=1781734400.7317140102386474609375
1	0	0	0	1	0	0	29773273	0	0	29773273	0	/curl/9848906b653a854c88dfa84e7b6a98fb346e3168cffaaa58dabc545122917e35
1	0	0	1	0	0	29699059	0	0	29699059	0	0	/fi.php
1	0	0	9	3	0	29719608	29751334	0	29674019	29749167	0	/byrgo.php
1	1	0	0	0	29677605	0	0	29677605	0	0	0	/2/wp-cron.php?doing_wp_cron=1780557310.8676009178161621093750
1	0	0	0	1	0	0	29759161	0	0	29759161	0	/taff.php
1	0	0	2	0	0	29678092	0	0	29675173	0	0	/css/admin.php
1	0	0	0	1	0	0	29755803	0	0	29755803	0	/verako.php
1	0	0	2	0	0	29709529	0	0	29708414	0	0	/dxipc.php
1	1	0	0	0	29677930	0	0	29677930	0	0	0	/2/wp-cron.php?doing_wp_cron=1780576846.6999530792236328125000
1	0	0	3	0	0	29689880	0	0	29677930	0	0	/3369.php
1	0	0	1	0	0	29678117	0	0	29678117	0	0	/libraries/joomla/jmails.php
1	0	0	1	0	0	29691978	0	0	29691978	0	0	http://raspinaclothing.com/robots.txt
1	0	0	2	0	0	29676743	0	0	29676094	0	0	/secrets.yml
1	1	0	0	0	29706948	0	0	29706948	0	0	0	/2/wp-cron.php?doing_wp_cron=1782317887.2914640903472900390625
1	1	0	0	0	29690455	0	0	29690455	0	0	0	/2/wp-cron.php?doing_wp_cron=1781328311.5085079669952392578125
1	0	0	3	0	0	29703316	0	0	29697215	0	0	/heat3.php
1	0	0	1	0	0	29678113	0	0	29678113	0	0	/wp-includes/customize/chosen.php
1	0	0	1	0	0	29678112	0	0	29678112	0	0	/wp-includes/customize/class-wp-customize-background-position-control-variable.php
1	0	0	11	0	0	29703320	0	0	29673812	0	0	/mode.php
1	0	0	2	0	0	29709528	0	0	29708413	0	0	/wgvsn.php
1	0	0	1	0	0	29678115	0	0	29678115	0	0	/wp-includes/style-engine/dedi1.php
1	0	0	4	5	0	29722529	29760771	0	29697216	29744883	0	/mosty.php
1	0	0	1	0	0	29691488	0	0	29691488	0	0	/gaza.php
1	0	0	2	0	0	29693956	0	0	29692496	0	0	/s-axi.php
1	1	0	0	0	29719603	0	0	29719603	0	0	0	/2/wp-cron.php?doing_wp_cron=1783077229.8478510379791259765625
1	0	0	1	1	0	29722536	29744884	0	29722536	29744884	0	/w1php
1	0	0	10	0	0	29703319	0	0	29673811	0	0	/t3s.php
1	0	0	0	3	0	0	29751334	0	0	29749167	0	/sxdfrt.php
1	0	0	0	2	0	0	29678093	0	0	29675192	0	/wp-admin/wp-login.php
1	0	0	1	0	0	29678104	0	0	29678104	0	0	/wp-admin/css/colors/blue/xboom.php
1	0	0	0	3	0	0	29760771	0	0	29746264	0	/sym403.php
1	1	0	0	0	29719609	0	0	29719609	0	0	0	/2/wp-cron.php?doing_wp_cron=1783077590.0678279399871826171875
1	0	0	2	0	0	29678122	0	0	29675202	0	0	/tinyfilemanager/
1	0	0	0	3	0	0	29751334	0	0	29749167	0	/cwclass.php
1	0	0	1	1	0	29722525	29744883	0	29722525	29744883	0	/k2.php
1	0	0	1	0	0	29678350	0	0	29678350	0	0	/hello.php
1	0	0	7	4	0	29702849	29760771	0	29677207	29746264	0	/acp.php
1	1	0	0	0	29678099	0	0	29678099	0	0	0	/wp-includes/atomlib.php
1	1	0	0	0	29675164	0	0	29675164	0	0	0	/2/wp-cron.php?doing_wp_cron=1780410855.0790679454803466796875
1	0	0	1	0	0	29678102	0	0	29678102	0	0	/wp-content/plugins/erinyani/asasx.php
1	1	0	0	0	29717946	0	0	29717946	0	0	0	/2/wp-cron.php?doing_wp_cron=1782977781.9106760025024414062500
1	1	0	0	0	29675091	0	0	29675091	0	0	0	/2/wp-cron.php?doing_wp_cron=1780406470.1348080635070800781250
1	1	0	0	0	29678117	0	0	29678117	0	0	2	/wp-content/plugins/wps-hide-login/wps-hide-login.php
1	1	0	16	7	29677924	29722533	29768844	29677924	29673813	29744883	0	/bthil.php
1	0	0	1	0	0	29712004	0	0	29712004	0	0	/robots.txt?149.56.160.149
1	0	0	1	0	0	29678102	0	0	29678102	0	0	/wp-includes/js/tinymce/plugins/fullscreen/about.php
1	1	0	0	0	29703324	0	0	29703324	0	0	0	/2/wp-cron.php?doing_wp_cron=1782100494.6155929565429687500000
1	1	0	0	0	29698654	0	0	29698654	0	0	0	/2/wp-cron.php?doing_wp_cron=1781820251.9211080074310302734375
1	1	0	0	0	29687765	0	0	29687765	0	0	0	/2/wp-cron.php?doing_wp_cron=1781166919.1637599468231201171875
1	0	0	1	0	0	29678096	0	0	29678096	0	0	/wp-admin/css/colors/ocean/index.php
1	0	0	5	0	0	29709527	0	0	29697214	0	0	/asdf.php
1	1	0	0	0	29691894	0	0	29691894	0	0	0	/2/wp-cron.php?doing_wp_cron=1781414672.6166729927062988281250
1	0	0	1	0	0	29684460	0	0	29684460	0	0	/wp-includes/core.php
1	1	0	0	0	29673815	0	0	29673815	0	0	0	/2/wp-cron.php?doing_wp_cron=1780329911.7421441078186035156250
1	0	0	5	3	0	29691483	29751334	0	29677919	29749167	0	/cu.php
1	1	0	0	0	29678099	0	0	29678099	0	0	0	/2/wp-cron.php?doing_wp_cron=1780586980.2855639457702636718750
1	0	0	1	0	0	29678109	0	0	29678109	0	0	/wp-includes/autoload_classmap.php
1	0	0	1	0	0	29678095	0	0	29678095	0	0	/wp-admin/css/colors/blue/ahax.php
1	1	0	0	0	29678349	0	0	29678349	0	0	0	/2/wp-cron.php?doing_wp_cron=1780601951.3098449707031250000000
1	1	0	0	0	29678117	0	0	29678117	0	0	0	/2/wp-cron.php?doing_wp_cron=1780588035.1299209594726562500000
1	0	0	9	0	0	29715714	0	0	29677921	0	0	/drykl.php
1	0	0	1	0	0	29699051	0	0	29699051	0	0	/lang/en.php
1	0	0	2	0	0	29678093	0	0	29675192	0	0	/wp-content/plugins/autoload_classmap.php
1	0	0	0	5	0	0	29678120	0	0	29675097	0	/wp-includes/js/crop/
1	1	0	0	0	29774984	0	0	29774984	0	0	6915	/collection/dress?page=3
1	1	0	0	0	29675264	0	0	29675264	0	0	0	/2/wp-cron.php?doing_wp_cron=1780416881.1775350570678710937500
1	0	0	0	1	0	0	29770552	0	0	29770552	0	/index.phpm=Home&c=Index&a=fk_tp_fp_not_exist
1	1	0	0	0	29769383	0	0	29769383	0	0	6497	/collection/dress?page=2
1	1	0	0	0	29688418	0	0	29688418	0	0	0	/2/wp-cron.php?doing_wp_cron=1781206119.7717099189758300781250
1	0	0	0	1	0	0	29746264	0	0	29746264	0	/aunmc.php
1	0	0	3	0	0	29675098	0	0	29675091	0	0	/gelay.php
1	0	0	1	0	0	29678101	0	0	29678101	0	0	/wp-content/uploads/content.php
1	0	0	4	4	0	29702855	29751334	0	29678346	29744747	0	/asasx.php
1	0	0	5	1	0	29722538	29744884	0	29697224	29744884	0	/admin.php?
1	0	0	0	1	0	0	29745196	0	0	29745196	0	/htaccess.php
1	1	0	0	0	29719604	0	0	29719604	0	0	0	/2/wp-cron.php?doing_wp_cron=1783077271.8428769111633300781250
1	0	0	5	0	0	29698660	0	0	29675263	0	0	/cabs.php
1	0	0	1	0	0	29678115	0	0	29678115	0	0	/assets/content.php
1	0	0	2	0	0	29678124	0	0	29676096	0	0	/wp-content/themes/hideo/
1	0	0	3	3	0	29722528	29755803	0	29697214	29744883	0	/by.php
1	0	0	0	2	0	0	29747492	0	0	29747442	0	/wp-ccv.php
1	0	0	0	5	0	0	29678120	0	0	29675095	0	/wp-includes/images/smilies/
1	0	0	0	2	0	0	29747491	0	0	29747441	0	/defeg.php
1	0	0	4	0	0	29719596	0	0	29677211	0	0	/plugins.php
1	0	0	1	0	0	29678097	0	0	29678097	0	0	/wp-content/wso.php
1	0	0	1	0	0	29678105	0	0	29678105	0	0	/images/buy.php
1	0	0	1	0	0	29678115	0	0	29678115	0	0	/wp-content/click.php
1	1	0	0	0	29679064	0	0	29679064	0	0	0	/2/wp-cron.php?doing_wp_cron=1780644885.5082659721374511718750
1	0	0	1	0	0	29678109	0	0	29678109	0	0	/admin.php 
1	0	0	4	0	0	29702856	0	0	29678347	0	0	/333.php
1	0	0	4	1	0	29702854	29750390	0	29689593	29750390	0	/wp-blogs.php
1	0	0	4	2	0	29686888	29747492	0	29675192	29747442	0	/wp-class.php
1	0	0	2	0	0	29709528	0	0	29708413	0	0	/lufix.php
1	0	0	0	4	0	0	29679066	0	0	29674102	0	/wp-includes/style-engine/
1	0	0	0	2	0	0	29747494	0	0	29747442	0	/5tdwvyWnTbRiMS8f18HXNBbALHKB5t4j.php
1	1	0	0	0	29719276	0	0	29719276	0	0	0	/2/wp-cron.php?doing_wp_cron=1783057605.0578548908233642578125
1	1	0	0	0	29712434	0	0	29712434	0	0	0	/2/wp-cron.php?doing_wp_cron=1782647073.6180100440979003906250
1	0	0	15	1	0	29740520	29750390	0	29674019	29750390	0	/db.php
1	0	0	0	1	0	0	29746264	0	0	29746264	0	/iywwi.php
1	0	0	2	0	0	29676743	0	0	29676094	0	0	/v1/graphql
1	1	0	0	0	29689585	0	0	29689585	0	0	0	/2/wp-cron.php?doing_wp_cron=1781276156.4973568916320800781250
1	1	0	0	0	29722532	0	0	29722532	0	0	0	/2/wp-cron.php?doing_wp_cron=1783252929.2166070938110351562500
1	1	0	0	0	29699053	0	0	29699053	0	0	0	/2/wp-cron.php?doing_wp_cron=1781844191.6713058948516845703125
1	1	0	0	0	29775399	0	0	29775399	0	0	4431	/wholesale?product=womens-simple-basic-chemise
1	0	0	0	1	0	0	29678114	0	0	29678114	0	/wp-admin/setup-config.php
1	0	0	3	2	0	29702850	29755803	0	29689874	29752904	0	/info2.php
1	1	0	0	0	29674009	0	0	29674009	0	0	0	/2/wp-cron.php?doing_wp_cron=1780341550.8409550189971923828125
1	0	0	1	0	0	29715710	0	0	29715710	0	0	/yanz.php
1	0	0	1	0	0	29722107	0	0	29722107	0	0	/about.php?
1	0	0	2	0	0	29678089	0	0	29675159	0	0	/wp-content/plugins/pwnd/pwnd.php
1	0	0	1	0	0	29715709	0	0	29715709	0	0	/mmrp.php
1	0	0	2	0	0	29678121	0	0	29675197	0	0	/wp-content/plugins/wp-theme-editor/
1	0	0	1	7	0	29719593	29768844	0	29719593	29749167	0	/edit-tags.php
1	1	0	0	0	29775072	0	0	29775072	0	0	4436	/wholesale?product=womens-polka-dot-chemise
1	0	0	2	0	0	29674408	0	0	29673808	0	0	/anisogamete.php
1	1	0	0	0	29675875	0	0	29675875	0	0	0	/2/wp-cron.php?doing_wp_cron=1780453546.4429979324340820312500
1	0	0	2	0	0	29676743	0	0	29676094	0	0	/__/firebase/init.json
1	0	0	2	0	0	29678090	0	0	29675159	0	0	/wp-includes/IXR/fix.php7
1	0	0	3	2	0	29693957	29747495	0	29678351	29747443	0	/fff.php
1	0	0	0	2	0	0	29747494	0	0	29747442	0	/wp-moonka.php
1	0	0	1	0	0	29678110	0	0	29678110	0	0	/page.php
1	1	0	0	0	29673818	0	0	29673818	0	0	0	/2/wp-cron.php?doing_wp_cron=1780330121.8185529708862304687500
1	1	0	10	0	29693747	29715717	0	29693747	29673808	0	0	/wander.php
1	0	0	1	0	0	29678093	0	0	29678093	0	0	/wp-includes/infi.php
1	0	0	0	2	0	0	29679067	0	0	29674103	0	/wp-content/plugins/woocommerce/assets/js/
1	0	0	4	0	0	29678098	0	0	29675092	0	0	/wp-admin/network/index.php
1	0	0	1	0	0	29678102	0	0	29678102	0	0	/wp-content/themes/pridmag/waf_defender.php
1	1	0	0	0	29694303	0	0	29694303	0	0	0	/2/wp-cron.php?doing_wp_cron=1781559228.2669100761413574218750
1	0	0	1	0	0	29678344	0	0	29678344	0	0	/forbidals.php
1	1	0	0	0	29703322	0	0	29703322	0	0	0	/2/wp-cron.php?doing_wp_cron=1782100336.8021790981292724609375
1	0	0	2	0	0	29676743	0	0	29676094	0	0	/sitemap.xml
1	1	0	0	0	29775361	0	0	29775361	0	0	4420	/wholesale?product=womens-plaid-dress
1	1	0	0	0	29740523	0	0	29740523	0	0	0	/2/wp-cron.php?doing_wp_cron=1784332406.7958369255065917968750
1	0	0	1	0	0	29678103	0	0	29678103	0	0	/wp-admin/css/colors/light/colors.min.php
1	1	0	0	0	29775364	0	0	29775364	0	0	4449	/wholesale?product=womens-wide-stripe-short-sleeve-crop-blouse
1	0	0	18	9	0	29719609	29768844	0	29674019	29746264	0	/as.php
1	0	0	5	0	0	29689880	0	0	29677206	0	0	/zo.php
1	1	0	0	0	29697215	0	0	29697215	0	0	0	/2/wp-cron.php?doing_wp_cron=1781733916.6608259677886962890625
1	0	0	3	0	0	29719597	0	0	29677597	0	0	/lab.php
1	0	0	2	0	0	29678089	0	0	29675159	0	0	/wp-content/plugins/core-plugin/include.php
1	0	0	1	0	0	29678095	0	0	29678095	0	0	/wp-includes/PHPMailer/about.php
1	1	0	0	0	29698870	0	0	29698870	0	0	0	/2/wp-cron.php?doing_wp_cron=1781833254.1411170959472656250000
1	0	0	2	0	0	29678121	0	0	29675197	0	0	/wp-content/themes/twentytwentythree/patterns/
1	1	0	0	0	29694310	0	0	29694310	0	0	0	/2/wp-cron.php?doing_wp_cron=1781559646.9561140537261962890625
1	0	0	3	0	0	29703316	0	0	29697215	0	0	/sukce.php
1	1	0	0	0	29689588	0	0	29689588	0	0	0	/2/wp-cron.php?doing_wp_cron=1781276297.1437139511108398437500
1	0	0	2	6	0	29709528	29755802	0	29708411	29746264	0	/ctex1.php
1	1	0	0	0	29693955	0	0	29693955	0	0	0	/2/wp-cron.php?doing_wp_cron=1781538313.4130949974060058593750
1	0	0	0	2	0	0	29747492	0	0	29747442	0	/ovajkgsbb.php
1	0	0	1	0	0	29678103	0	0	29678103	0	0	/wp-includes/ID3/module.audio-video.riff-set.php
1	0	0	13	0	0	29719597	0	0	29674019	0	0	/an.php
1	0	0	0	4	0	0	29760771	0	0	29752904	0	/nwflm.php
1	0	0	2	0	0	29715714	0	0	29691484	0	0	/obfuscate.php
1	1	0	0	0	29679474	0	0	29679474	0	0	0	/2/wp-cron.php?doing_wp_cron=1780669450.7076170444488525390625
1	1	0	0	0	29701594	0	0	29701594	0	0	0	/2/wp-cron.php?doing_wp_cron=1781996695.1917660236358642578125
1	0	0	1	0	0	29678119	0	0	29678119	0	0	/wp-content/plugins/envato-market/inc/class-envato-market-github.php
1	1	0	0	0	29693956	0	0	29693956	0	0	0	/2/wp-cron.php?doing_wp_cron=1781538359.5417029857635498046875
1	0	0	0	1	0	0	29773311	0	0	29773311	0	/media/system/js/core.js
1	0	0	1	0	0	29678097	0	0	29678097	0	0	/blog/wp-admin/about.php
1	0	0	1	0	0	29678108	0	0	29678108	0	0	/wp-content/plugins/about.php
1	0	0	1	0	0	29740514	0	0	29740514	0	0	/wp-admin/includes/ws.php
1	1	0	0	0	29722528	0	0	29722528	0	0	0	/2/wp-cron.php?doing_wp_cron=1783252712.2590460777282714843750
1	1	0	0	0	29674227	0	0	29674227	0	0	0	/2/wp-cron.php?doing_wp_cron=1780354634.2416479587554931640625
1	0	0	0	6	0	0	29760771	0	0	29747442	0	/ai.php
1	0	0	2	0	0	29678091	0	0	29675172	0	0	/wp-includes/class.api.php
1	0	0	0	4	0	0	29760771	0	0	29752904	0	/orange3.php
1	1	0	0	0	29701592	0	0	29701592	0	0	0	/2/wp-cron.php?doing_wp_cron=1781996551.5793409347534179687500
1	0	0	1	3	0	29677958	29760771	0	29677958	29746264	0	/black.php
1	0	0	1	0	0	29715712	0	0	29715712	0	0	/wp-pp.php
1	0	0	0	1	0	0	29746519	0	0	29746519	0	/mimpi.php
1	0	0	1	0	0	29678115	0	0	29678115	0	0	/wp-includes/css/install.php
1	0	0	2	2	0	29691486	29747491	0	29689591	29747441	0	/byypas.php
1	0	0	0	4	0	0	29760771	0	0	29752903	0	/zip-onee.php
1	0	0	0	1	0	0	29767457	0	0	29767457	0	/media/wp-includes/wlwmanifest.xml
1	1	0	0	0	29691979	0	0	29691979	0	0	0	/2/wp-cron.php?doing_wp_cron=1781419761.9004149436950683593750
1	0	0	0	3	0	0	29751334	0	0	29749167	0	/beerd.php
1	1	0	0	0	29691485	0	0	29691485	0	0	0	/2/wp-cron.php?doing_wp_cron=1781390146.9760539531707763671875
1	1	0	0	0	29674549	0	0	29674549	0	0	0	/2/wp-cron.php?doing_wp_cron=1780373981.6061580181121826171875
1	0	0	1	0	0	29677957	0	0	29677957	0	0	/blog.php7
1	1	0	0	0	29719612	0	0	29719612	0	0	0	/2/wp-cron.php?doing_wp_cron=1783077723.2526829242706298828125
1	1	0	0	0	29676743	0	0	29676743	0	0	0	/2/wp-cron.php?doing_wp_cron=1780505596.8392169475555419921875
1	1	0	0	0	29678107	0	0	29678107	0	0	0	/2/wp-cron.php?doing_wp_cron=1780587435.9016129970550537109375
1	1	0	0	0	29769641	0	0	29769641	0	0	4442	/wholesale?product=womens-satin-knot-chemise
1	0	0	1	0	0	29701593	0	0	29701593	0	0	/0c.php
1	1	0	0	0	29719840	0	0	29719840	0	0	0	/2/wp-cron.php?doing_wp_cron=1783091423.1351399421691894531250
1	0	0	1	0	0	29691979	0	0	29691979	0	0	http://www.raspinaclothing.com/sitemap.xml
1	1	0	0	0	29697215	0	0	29697215	0	0	0	/2/wp-cron.php?doing_wp_cron=1781733951.4168000221252441406250
1	1	0	0	0	29701592	0	0	29701592	0	0	0	/2/wp-cron.php?doing_wp_cron=1781996569.9442889690399169921875
1	1	0	0	0	29775390	0	0	29775390	0	0	4427	/wholesale?product=womens-gaiter-tunic
1	0	0	1	0	0	29699052	0	0	29699052	0	0	/bnn_.php
1	0	0	1	0	0	29701594	0	0	29701594	0	0	/ad.php
1	0	0	0	1	0	0	29750391	0	0	29750391	0	/xr.php
1	1	0	0	0	29698656	0	0	29698656	0	0	0	/2/wp-cron.php?doing_wp_cron=1781820415.1993598937988281250000
1	0	0	0	2	0	0	29755802	0	0	29752904	0	/xageg.php
1	0	0	0	1	0	0	29746519	0	0	29746519	0	/hp3.php
1	0	0	0	2	0	0	29747492	0	0	29747441	0	/ibano.php
1	1	0	0	0	29677084	0	0	29677084	0	0	0	/2/wp-cron.php?doing_wp_cron=1780526040.7864959239959716796875
1	1	0	0	0	29775401	0	0	29775401	0	0	4429	/wholesale?product=womens-side-slit-blouse
1	0	0	1	1	0	29722528	29744883	0	29722528	29744883	0	/alls.php
1	1	0	0	0	29716877	0	0	29716877	0	0	0	/2/wp-cron.php?doing_wp_cron=1782913666.4487869739532470703125
1	0	0	3	0	0	29702849	0	0	29699052	0	0	/xml.php
1	0	0	0	3	0	0	29760771	0	0	29746265	0	/fffm.php
1	0	0	19	1	0	29719600	29759161	0	29674020	29759161	0	/system_log.php
1	1	0	0	0	29697217	0	0	29697217	0	0	0	/2/wp-cron.php?doing_wp_cron=1781734075.1073410511016845703125
1	0	0	0	7	0	0	29679066	0	0	29674102	0	/wp-includes/block-supports/
1	0	0	0	1	0	0	29750390	0	0	29750390	0	/f2.php
1	1	0	0	0	29709529	0	0	29709529	0	0	0	/2/wp-cron.php?doing_wp_cron=1782472794.9282140731811523437500
1	1	0	0	0	29775387	0	0	29775387	0	0	4469	/wholesale?product=womens-colorful-stone-print-wrap-crop-top
1	0	0	1	0	0	29678108	0	0	29678108	0	0	/wp-admin/css/colors/ectoplasm/content.php
1	1	0	0	0	29674030	0	0	29674030	0	0	0	/2/wp-cron.php?doing_wp_cron=1780342833.5217490196228027343750
1	1	0	0	0	29775396	0	0	29775396	0	0	4435	/wholesale?product=womens-raglan-sleeve-slit-dress
1	1	0	0	0	29673815	0	0	29673815	0	0	0	/2/wp-cron.php?doing_wp_cron=1780329916.2337429523468017578125
1	1	0	0	0	29775094	0	0	29775094	0	0	6840	/collection/spring-collection?page=2
1	0	0	0	1	0	0	29750391	0	0	29750391	0	/maraz.php
1	0	0	0	2	0	0	29678123	0	0	29675212	0	/wp-includes/blocks/archives/
1	1	0	0	0	29703326	0	0	29703326	0	0	0	/2/wp-cron.php?doing_wp_cron=1782100617.6322770118713378906250
1	0	0	0	3	0	0	29751334	0	0	29749167	0	/vopxx.php
1	1	0	0	0	29686887	0	0	29686887	0	0	0	/2/wp-cron.php?doing_wp_cron=1781114238.3678629398345947265625
1	1	0	0	0	29702849	0	0	29702849	0	0	0	/2/wp-cron.php?doing_wp_cron=1782071994.7915630340576171875000
1	1	0	0	0	29775361	0	0	29775361	0	0	4446	/wholesale?product=womens-front-pleater-top
1	0	0	1	0	0	29722111	0	0	29722111	0	0	/c.php?p=
1	0	0	2	0	0	29699059	0	0	29674548	0	0	/c99.php
1	1	0	0	0	29710616	0	0	29710616	0	0	0	/2/wp-cron.php?doing_wp_cron=1782538018.9112000465393066406250
1	1	0	0	0	29675254	0	0	29675254	0	0	0	/2/wp-cron.php?doing_wp_cron=1780416257.6517889499664306640625
1	1	0	0	0	29699056	0	0	29699056	0	0	0	/2/wp-cron.php?doing_wp_cron=1781844414.6735749244689941406250
1	1	0	0	0	29775399	0	0	29775399	0	0	5532	/product/womens-pleated-tie-neck-blouse
1	0	0	1	0	0	29678119	0	0	29678119	0	0	/wp-content/uploads/link.php
1	0	0	2	0	0	29676033	0	0	29676033	0	0	/.env.example
1	1	0	0	0	29699052	0	0	29699052	0	0	0	/2/wp-cron.php?doing_wp_cron=1781844132.3744299411773681640625
1	0	0	7	0	0	29698653	0	0	29673811	0	0	/half.php
1	0	0	9	0	0	29719609	0	0	29674020	0	0	/option.php
1	1	0	0	0	29674692	0	0	29674692	0	0	0	/2/wp-cron.php?doing_wp_cron=1780382561.1436839103698730468750
1	0	0	1	0	0	29678118	0	0	29678118	0	0	/wp-content/plugins/hello-plus/classes/ehp-sarang.php
1	1	0	0	0	29722538	0	0	29722538	0	0	0	/2/wp-cron.php?doing_wp_cron=1783253282.8778619766235351562500
1	0	0	0	3	0	0	29755802	0	0	29746264	0	/39.php
1	1	0	0	0	29691489	0	0	29691489	0	0	0	/2/wp-cron.php?doing_wp_cron=1781390395.6785349845886230468750
1	0	0	0	2	0	0	29747492	0	0	29747441	0	/htzevfl4k9ey5hoaywdwiCdefault.php
1	0	0	13	5	0	29722536	29760771	0	29673816	29744884	0	/hypo.php
1	1	0	0	0	29698864	0	0	29698864	0	0	0	/2/wp-cron.php?doing_wp_cron=1781832887.2312309741973876953125
1	1	0	0	0	29699059	0	0	29699059	0	0	0	/2/wp-cron.php?doing_wp_cron=1781844587.4182579517364501953125
1	1	0	0	0	29693750	0	0	29693750	0	0	0	/2/wp-cron.php?doing_wp_cron=1781526049.8452029228210449218750
1	0	0	12	0	0	29719608	0	0	29674018	0	0	/xwx1.php
1	0	0	8	0	0	29719610	0	0	29674100	0	0	/vendor/
1	0	0	3	0	0	29678349	0	0	29675173	0	0	/wp-content/uploads/admin.php
1	0	0	0	2	0	0	29747495	0	0	29747443	0	/kduhq.php
1	0	0	1	0	0	29719596	0	0	29719596	0	0	/wp-activate.php
1	0	0	0	1	0	0	29746265	0	0	29746265	0	/file88.php
1	0	0	1	1	0	29689874	29755803	0	29689874	29755803	0	/olik.php
1	0	0	1	0	0	29699059	0	0	29699059	0	0	/5index.php
1	0	0	1	0	0	29678110	0	0	29678110	0	0	/wp-content/admin-footer.php
1	1	0	0	0	29674550	0	0	29674550	0	0	0	/2/wp-cron.php?doing_wp_cron=1780374015.7451150417327880859375
1	1	0	0	0	29715709	0	0	29715709	0	0	0	/2/wp-cron.php?doing_wp_cron=1782843595.8331489562988281250000
1	0	0	11	1	0	29722531	29744883	0	29673810	29744883	0	/koala.php
1	0	0	0	1	0	0	29759161	0	0	29759161	0	/wsx.php
1	1	0	0	0	29775366	0	0	29775366	0	0	5555	/product/womens-round-neck-top-with-open-v-back
1	1	0	0	0	29698861	0	0	29698861	0	0	0	/2/wp-cron.php?doing_wp_cron=1781832678.4094970226287841796875
1	0	0	3	0	0	29719599	0	0	29677599	0	0	/control.php
1	0	0	2	0	0	29678090	0	0	29675164	0	0	/wp-includes/js/jquery/suggest.php
1	1	0	0	0	29694029	0	0	29694029	0	0	0	/2/wp-cron.php?doing_wp_cron=1781542780.2519938945770263671875
1	0	0	2	0	0	29678089	0	0	29675159	0	0	/modules/mod_simplefileuploadv1.3/elements/udd.php
1	0	0	1	0	0	29678097	0	0	29678097	0	0	/.well-known/radio.php
1	1	0	0	0	29686891	0	0	29686891	0	0	0	/2/wp-cron.php?doing_wp_cron=1781114510.9767329692840576171875
1	1	0	0	0	29722107	0	0	29722107	0	0	0	/2/wp-cron.php?doing_wp_cron=1783227436.5936970710754394531250
1	0	0	1	6	0	29740519	29760771	0	29740519	29744747	0	/002.php
1	0	0	2	0	0	29678121	0	0	29675202	0	0	/wp-content/themes/twentytwentytwo/assets/fonts/
1	0	0	1	0	0	29698662	0	0	29698662	0	0	/orm.php
1	1	0	0	0	29693746	0	0	29693746	0	0	0	/2/wp-cron.php?doing_wp_cron=1781525776.7736430168151855468750
1	1	0	0	0	29708410	0	0	29708410	0	0	0	/2/wp-cron.php?doing_wp_cron=1782405639.7755041122436523437500
1	1	0	0	0	29678344	0	0	29678344	0	0	0	/2/wp-cron.php?doing_wp_cron=1780601695.6944589614868164062500
1	0	0	1	0	0	29678114	0	0	29678114	0	0	/wp-includes/block-bindings/imagess.php
1	0	0	1	5	0	29678348	29760771	0	29678348	29746264	0	/yas.php
1	0	0	6	0	0	29722106	0	0	29673807	0	0	/wss.php
1	0	0	0	2	0	0	29678121	0	0	29675197	0	/wp-admin/css/colors/ocean/
1	1	0	0	0	29693956	0	0	29693956	0	0	0	/2/wp-cron.php?doing_wp_cron=1781538371.2727110385894775390625
1	1	0	0	0	29692496	0	0	29692496	0	0	0	/2/wp-cron.php?doing_wp_cron=1781450778.7797999382019042968750
1	0	0	1	4	0	29678120	29768844	0	29678120	29756925	0	/wp-includes/Requests/library/index.php
1	0	0	5	3	0	29702851	29751334	0	29675098	29749167	0	/epinyins.php
1	0	0	1	0	0	29701596	0	0	29701596	0	0	/xper.php
1	1	0	0	0	29770545	0	0	29770545	0	0	5683	/product/womens-hi-low-wrap-blouse
1	0	0	1	0	0	29740516	0	0	29740516	0	0	/wp-includes/IXR/class-IXR-clientmulticall-trigger.php
1	1	0	0	0	29763228	0	0	29763228	0	0	48745	/assets/images/brand/raspina-logo.png?135.148.195.1
1	0	0	0	2	0	0	29747492	0	0	29747441	0	/dgmry.php
1	0	0	1	0	0	29678097	0	0	29678097	0	0	/.well-known/index.php
1	0	0	1	0	0	29678099	0	0	29678099	0	0	/wp-includes/rest-api/autoload_classmap.php
1	0	0	1	1	0	29740521	29750391	0	29740521	29750391	0	/browse.php
1	0	0	0	1	0	0	29750391	0	0	29750391	0	/ava.php
1	1	0	0	0	29775009	0	0	29775009	0	0	4440	/wholesale?product=womens-flared-sleeve-blouse
1	0	0	2	0	0	29678120	0	0	29675197	0	0	/wp-includes/blocks/table/int/tmpl/
1	0	0	1	0	0	29678116	0	0	29678116	0	0	/wp-includes/theme-compat/db.php
1	1	0	0	0	29719598	0	0	29719598	0	0	0	/2/wp-cron.php?doing_wp_cron=1783076935.3691101074218750000000
1	0	0	1	0	0	29678116	0	0	29678116	0	0	/wp-content/themes/twentytwentytwo/as.php
1	0	0	2	0	0	29686883	0	0	29677201	0	0	/core/init.php
1	1	0	0	0	29775401	0	0	29775401	0	0	5200	/product/womens-diplomat-collar-chemise
1	0	0	2	0	0	29686890	0	0	29677210	0	0	/wp-theme.php
1	0	0	2	0	0	29678090	0	0	29675164	0	0	/wp-includes/PHPMailer/options.php
1	0	0	0	2	0	0	29747492	0	0	29747442	0	/bfasb.php
1	0	0	1	0	0	29678096	0	0	29678096	0	0	/wp-content/themes/twentytwentytwo/assets/fonts/index.php
1	0	0	1	0	0	29678116	0	0	29678116	0	0	/wp-content/uploads/install.php
1	0	0	0	2	0	0	29747492	0	0	29747441	0	/dawvg.php
1	1	0	0	0	29698872	0	0	29698872	0	0	0	/2/wp-cron.php?doing_wp_cron=1781833368.4651780128479003906250
1	1	0	0	0	29698870	0	0	29698870	0	0	0	/2/wp-cron.php?doing_wp_cron=1781833246.7021670341491699218750
1	0	0	0	2	0	0	29747495	0	0	29747442	0	/saorix1.php
1	0	0	0	4	0	0	29679067	0	0	29674102	0	/wp-content/plugins/classic-editor/
1	1	0	0	0	29720109	0	0	29720109	0	0	0	/2/wp-cron.php?doing_wp_cron=1783107565.2109520435333251953125
1	1	0	0	0	29714494	0	0	29714494	0	0	0	/2/wp-cron.php?doing_wp_cron=1782770657.1189351081848144531250
1	0	0	0	4	0	0	29768844	0	0	29756925	0	/wp-admin/wp.php
1	0	0	1	0	0	29678109	0	0	29678109	0	0	/wp-content/plugins/pwnd-1/kurd.php
1	0	0	1	1	0	29740520	29750391	0	29740520	29750391	0	/ioxi.php
1	0	0	0	2	0	0	29747493	0	0	29747442	0	/fsjzs.php
1	0	0	0	2	0	0	29747494	0	0	29747442	0	/lmlwpbmm.php
1	0	0	1	0	0	29715711	0	0	29715711	0	0	/c4.php
1	0	0	1	0	0	29678109	0	0	29678109	0	0	/wp-content/themes/twentytwentyfour/patterns/content-type.php
1	0	0	1	0	0	29678106	0	0	29678106	0	0	/images/install.php
1	0	0	0	2	0	0	29747492	0	0	29747441	0	/zc-243.php
1	0	0	3	0	0	29719597	0	0	29677597	0	0	/asw.php
1	0	0	1	0	0	29678094	0	0	29678094	0	0	/wp-user.php
1	0	0	5	0	0	29689879	0	0	29677205	0	0	/wp-kz.php
1	1	0	0	0	29675099	0	0	29675099	0	0	0	/2/wp-cron.php?doing_wp_cron=1780406955.7158880233764648437500
1	0	0	2	0	0	29678120	0	0	29675197	0	0	/wp-content/plugins/pwnd/
1	0	0	3	1	0	29702855	29750390	0	29689586	29750390	0	/SrHD3odefault.php
1	0	0	0	15	0	0	29744884	0	0	29673820	0	/wp-admin/css/colors/sunrise/
1	0	0	5	1	0	29686883	29745196	0	29675098	29745196	0	/xmrlpc.php
1	0	0	1	0	0	29678107	0	0	29678107	0	0	/about/goods.php
1	0	0	1	0	0	29678096	0	0	29678096	0	0	/blog/wp-content/about.php
1	0	0	3	1	0	29719600	29759161	0	29677600	29759161	0	/v.php
1	1	0	0	0	29676840	0	0	29676840	0	0	0	/2/wp-cron.php?doing_wp_cron=1780511449.9874229431152343750000
1	0	0	0	2	0	0	29747495	0	0	29747443	0	/abpxrnwe.php
1	0	0	0	2	0	0	29678093	0	0	29675193	0	/wp-content/plugins/dummyyummy/wp-signup.php
1	1	0	0	0	29678110	0	0	29678110	0	0	1406	/wp-admin/install.php
1	1	0	0	0	29698865	0	0	29698865	0	0	0	/2/wp-cron.php?doing_wp_cron=1781832920.4617640972137451171875
1	1	0	0	0	29689592	0	0	29689592	0	0	0	/2/wp-cron.php?doing_wp_cron=1781276566.8696730136871337890625
1	1	0	0	0	29724260	0	0	29724260	0	0	0	/2/wp-cron.php?doing_wp_cron=1783356629.6909539699554443359375
1	1	0	0	0	29675211	0	0	29675211	0	0	0	/2/wp-cron.php?doing_wp_cron=1780413670.2548220157623291015625
1	0	0	1	0	0	29716880	0	0	29716880	0	0	/WordPress
1	2	0	0	0	29775127	0	0	29759212	0	0	11153	/product/womens-round-neck-pleated-sleeve-blouse
1	1	0	0	0	29693748	0	0	29693748	0	0	0	/2/wp-cron.php?doing_wp_cron=1781525926.2849969863891601562500
1	1	0	0	0	29675192	0	0	29675192	0	0	0	/2/wp-cron.php?doing_wp_cron=1780412561.0760068893432617187500
1	0	0	1	0	0	29689589	0	0	29689589	0	0	/5b9ac.php
1	1	0	0	0	29708773	0	0	29708773	0	0	0	/2/wp-cron.php?doing_wp_cron=1782427424.4179248809814453125000
1	0	0	0	1	0	0	29755803	0	0	29755803	0	/wp-pownton.php
1	0	0	2	0	0	29678121	0	0	29675202	0	0	/.bod/.ll/
1	0	0	2	0	0	29678124	0	0	29676096	0	0	/wp-includes/theme-compat/network/
1	0	0	0	4	0	0	29679066	0	0	29674102	0	/wp-includes/PHPMailer/
1	0	0	0	3	0	0	29760771	0	0	29746264	0	/wp-admin/js/widget/
1	0	0	3	1	0	29702854	29767820	0	29689592	29767820	0	/ajax.php
1	0	0	1	0	0	29678117	0	0	29678117	0	0	/wp-content/plugins/wp-security-scan/secure.php
1	0	0	2	0	0	29715715	0	0	29691485	0	0	/wp-wlx.php
1	0	0	0	1	0	0	29759161	0	0	29759161	0	/wsd.php
1	0	0	2	0	0	29693956	0	0	29692496	0	0	/wp-scanner.php
1	1	0	0	0	29716339	0	0	29716339	0	0	0	/2/wp-cron.php?doing_wp_cron=1782881358.2294878959655761718750
1	1	0	0	0	29722534	0	0	29722534	0	0	0	/2/wp-cron.php?doing_wp_cron=1783253090.3512890338897705078125
1	0	0	16	1	0	29719608	29759161	0	29674019	29759161	0	/12.php
1	1	0	0	0	29699053	0	0	29699053	0	0	0	/2/wp-cron.php?doing_wp_cron=1781844199.6291658878326416015625
1	1	0	0	0	29719597	0	0	29719597	0	0	0	/2/wp-cron.php?doing_wp_cron=1783076852.5285580158233642578125
1	0	0	0	3	0	0	29751334	0	0	29749167	0	/wp-class-20260318124352.php
1	0	0	1	0	0	29691490	0	0	29691490	0	0	/admlo.php
1	0	0	12	1	0	29722538	29744884	0	29673817	29744884	0	/aa2.php
1	0	0	1	0	0	29678106	0	0	29678106	0	0	/wp-includes/css/dist/require-dynamic-blocks.php
1	1	0	0	0	29679065	0	0	29679065	0	0	0	/2/wp-cron.php?doing_wp_cron=1780644946.9157760143280029296875
1	0	0	0	1	0	0	29750391	0	0	29750391	0	/logs1.php
1	0	0	1	0	0	29678108	0	0	29678108	0	0	/vendor/phpunit/phpunit/src/Util/PHP/files.php
1	0	0	5	0	0	29719840	0	0	29678530	0	0	/wp
1	0	0	0	2	0	0	29773945	0	0	29767457	0	/site/wp-includes/wlwmanifest.xml
1	0	0	13	7	0	29740518	29760771	0	29674011	29746264	0	/file61.php
1	0	0	4	0	0	29702854	0	0	29678101	0	0	/l.php
1	1	0	0	0	29681894	0	0	29681894	0	0	0	/2/wp-cron.php?doing_wp_cron=1780814698.7650599479675292968750
1	1	0	0	0	29698868	0	0	29698868	0	0	0	/2/wp-cron.php?doing_wp_cron=1781833098.7464289665222167968750
1	0	0	12	5	0	29719601	29768844	0	29674009	29745195	0	/php8.php
1	1	0	0	0	29691144	0	0	29691144	0	0	0	/2/wp-cron.php?doing_wp_cron=1781369655.7859420776367187500000
1	0	0	1	0	0	29689590	0	0	29689590	0	0	/maul.php
1	1	0	0	0	29678348	0	0	29678348	0	0	0	/2/wp-cron.php?doing_wp_cron=1780601927.1514360904693603515625
1	1	0	0	0	29691488	0	0	29691488	0	0	0	/2/wp-cron.php?doing_wp_cron=1781390331.3437080383300781250000
1	0	0	0	2	0	0	29747494	0	0	29747442	0	/wwdgl.php
1	0	0	2	1	0	29699057	29750391	0	29678351	29750391	0	/06.php
1	0	0	1	0	0	29678109	0	0	29678109	0	0	/wp-includes/widgets/class-wp-widget-meta-request.php
1	0	0	1	0	0	29678119	0	0	29678119	0	0	/assets/bootstrap-fileupload/lock2.php
1	0	0	13	8	0	29740521	29768844	0	29674011	29745195	0	/a7.php
1	0	0	1	0	0	29678109	0	0	29678109	0	0	/wp-includes/widgets/av.php
1	0	0	3	0	0	29675098	0	0	29675093	0	0	/cah.php
1	0	0	1	0	0	29678107	0	0	29678107	0	0	/js/content-type.php
1	0	0	2	0	0	29679064	0	0	29674099	0	0	/ALFA_DATA/
1	0	0	2	0	0	29678092	0	0	29675172	0	0	/templates/beez/index.php
1	1	0	0	0	29689586	0	0	29689586	0	0	0	/2/wp-cron.php?doing_wp_cron=1781276214.6112020015716552734375
1	2	0	0	0	29775399	0	0	29759223	0	0	8852	/wholesale?product=womens-tie-front-wrap-crop-blouse
1	0	0	0	13	0	0	29744883	0	0	29673812	0	/wp-includes/blocks/buttons/
1	0	0	0	2	0	0	29745196	0	0	29745195	0	/g.php
1	1	0	0	0	29678092	0	0	29678092	0	0	0	/2/wp-cron.php?doing_wp_cron=1780586535.9239900112152099609375
1	1	0	0	0	29775388	0	0	29775388	0	0	5549	/product/womens-long-skirt
1	0	0	1	0	0	29678114	0	0	29678114	0	0	/wp-includes/default-filters-edit.php
1	0	0	2	0	0	29678121	0	0	29675202	0	0	/wp-content/ALFA_DATA/alfacgiapi/
1	0	0	0	1	0	0	29678109	0	0	29678109	0	/.well-known/pki-validation/webdb.php
1	0	0	1	0	0	29699049	0	0	29699049	0	0	/01.php
1	1	0	0	0	29686884	0	0	29686884	0	0	0	/2/wp-cron.php?doing_wp_cron=1781114058.4678928852081298828125
1	0	0	7	1	0	29722539	29744884	0	29673819	29744884	0	/a2.php
1	1	0	0	0	29722530	0	0	29722530	0	0	0	/2/wp-cron.php?doing_wp_cron=1783252856.7476480007171630859375
1	1	0	0	0	29702849	0	0	29702849	0	0	0	/2/wp-cron.php?doing_wp_cron=1782071989.9078879356384277343750
1	0	0	1	0	0	29678097	0	0	29678097	0	0	/blog/wp-includes/about.php
1	0	0	1	0	0	29740514	0	0	29740514	0	0	/wp-includes/pomo/translations-character.php
1	1	0	0	0	29719604	0	0	29719604	0	0	0	/2/wp-cron.php?doing_wp_cron=1783077245.3356599807739257812500
1	0	0	1	0	0	29678116	0	0	29678116	0	0	/wp-content/uploads/uploads.php
1	1	0	0	0	29694296	0	0	29694296	0	0	0	/2/wp-cron.php?doing_wp_cron=1781558807.2801671028137207031250
1	0	0	0	4	0	0	29760771	0	0	29746264	0	/wp-css.php
1	0	0	1	0	0	29678115	0	0	29678115	0	0	/wp-includes/aw.php
1	1	0	0	0	29719609	0	0	29719609	0	0	0	/2/wp-cron.php?doing_wp_cron=1783077552.0382881164550781250000
1	1	0	0	0	29674416	0	0	29674416	0	0	0	/2/wp-cron.php?doing_wp_cron=1780365977.2851300239562988281250
1	1	0	0	0	29703318	0	0	29703318	0	0	0	/2/wp-cron.php?doing_wp_cron=1782100112.7023260593414306640625
1	1	0	0	0	29678119	0	0	29678119	0	0	0	/2/wp-cron.php?doing_wp_cron=1780588187.7765569686889648437500
1	1	0	0	0	29677928	0	0	29677928	0	0	0	/2/wp-cron.php?doing_wp_cron=1780576730.4056320190429687500000
1	1	0	0	0	29677204	0	0	29677204	0	0	0	/2/wp-cron.php?doing_wp_cron=1780533256.0487248897552490234375
1	0	0	0	2	0	0	29747494	0	0	29747442	0	/sktjlh5u.php
1	0	0	4	1	0	29740521	29750390	0	29678108	29750390	0	/b.php
1	0	0	21	4	0	29722532	29760771	0	29673812	29744883	0	/wp-temp.php
1	0	0	1	0	0	29699058	0	0	29699058	0	0	/contact-us.php
1	0	0	0	2	0	0	29747492	0	0	29747441	0	/499.php
1	1	0	0	0	29703317	0	0	29703317	0	0	0	/2/wp-cron.php?doing_wp_cron=1782100051.4464190006256103515625
1	0	0	2	0	0	29676743	0	0	29676094	0	0	/webpack-stats.json
1	0	0	2	4	0	29678091	29768845	0	29675172	29756925	0	/wp-includes/fonts/index.php
1	0	0	0	13	0	0	29744884	0	0	29673815	0	/cgi-bin/admin.php
1	0	0	1	0	0	29678101	0	0	29678101	0	0	/wp-admin/css/colors/blue/abc.php
1	0	0	1	0	0	29678115	0	0	29678115	0	0	/assets/images/cloud.php
1	0	0	0	2	0	0	29747492	0	0	29747442	0	/sh.php
1	1	0	0	0	29715709	0	0	29715709	0	0	0	/2/wp-cron.php?doing_wp_cron=1782843555.3319549560546875000000
1	1	0	0	0	29775364	0	0	29775364	0	0	5672	/product/womens-big-plaid-sarafon
1	0	0	1	0	0	29699055	0	0	29699055	0	0	/wp-is.php
1	0	0	1	0	0	29678103	0	0	29678103	0	0	/wp-includes/interactivity-api/interactivity-api-class.php
1	0	0	2	0	0	29693955	0	0	29692496	0	0	/cxl.php
1	0	0	1	0	0	29678097	0	0	29678097	0	0	/wp-includes/blocks/about.php
1	0	0	0	1	0	0	29678094	0	0	29678094	0	/cgi-bin/class.api.php
1	1	0	0	0	29719610	0	0	29719610	0	0	0	/2/wp-cron.php?doing_wp_cron=1783077632.0603559017181396484375
1	0	0	14	1	0	29722531	29744883	0	29673811	29744883	0	/wp-includes/ID3/about.php
1	0	0	0	8	0	0	29760771	0	0	29674099	0	/wp-includes/css/
1	0	0	0	2	0	0	29747492	0	0	29747441	0	/jid0mtxz.php
1	1	0	0	0	29722529	0	0	29722529	0	0	0	/2/wp-cron.php?doing_wp_cron=1783252794.3954439163208007812500
1	1	0	0	0	29699050	0	0	29699050	0	0	0	/2/wp-cron.php?doing_wp_cron=1781844012.1070148944854736328125
1	0	0	1	0	0	29678114	0	0	29678114	0	0	/assets/av.php
1	0	0	11	5	0	29722112	29768844	0	29675264	29750390	0	/bgymj.php
1	0	0	1	0	0	29678099	0	0	29678099	0	0	/wp-content/uploads/bypass.php
1	1	0	0	0	29719602	0	0	29719602	0	0	0	/2/wp-cron.php?doing_wp_cron=1783077126.2072010040283203125000
1	0	0	2	0	0	29678101	0	0	29677957	0	0	/filefuns.php
1	0	0	1	0	0	29678094	0	0	29678094	0	0	/wp-admin/js/widgets/bypass.php
1	0	0	0	5	0	0	29678121	0	0	29675096	0	/wp-admin/js/widgets/
1	0	0	1	0	0	29678118	0	0	29678118	0	0	/wp-content/plugins/three-column-screen-layout/db.php
1	0	0	1	0	0	29678119	0	0	29678119	0	0	/libraries/legacy/updates.php
1	0	0	13	2	0	29740520	29750390	0	29674020	29744747	0	/tool.php
1	2	0	0	0	29694173	0	0	29694173	0	0	174	/.well-known/acme-challenge/41ua4ayl4EoeI4hxikoc39-LnXK5jU4-Fnng-jL2F68
1	1	0	0	0	29698650	0	0	29698650	0	0	0	/2/wp-cron.php?doing_wp_cron=1781820053.7131350040435791015625
1	1	0	0	0	29675172	0	0	29675172	0	0	0	/2/wp-cron.php?doing_wp_cron=1780411330.9554569721221923828125
1	1	0	0	0	29693756	0	0	29693756	0	0	0	/2/wp-cron.php?doing_wp_cron=1781526380.1479299068450927734375
1	0	0	1	0	0	29678101	0	0	29678101	0	0	/.well-known/acme-challenge/file.php
1	0	0	2	0	0	29678089	0	0	29675159	0	0	/wp-content/themes/pridmag/db.php?u
1	1	0	0	0	29715753	0	0	29715753	0	0	0	/2/wp-cron.php?doing_wp_cron=1782846187.2531030178070068359375
1	1	0	0	0	29674549	0	0	29674549	0	0	0	/2/wp-cron.php?doing_wp_cron=1780373952.1993539333343505859375
1	0	0	1	0	0	29678106	0	0	29678106	0	0	/.tmb/doc.php
1	0	0	11	1	0	29722538	29744884	0	29673817	29744884	0	/xamp.php
1	0	0	1	0	0	29677009	0	0	29677009	0	0	/wp-content/plugins/kirki/readme.txt
1	1	0	0	0	29689874	0	0	29689874	0	0	0	/2/wp-cron.php?doing_wp_cron=1781293491.2561609745025634765625
1	1	0	0	0	29694299	0	0	29694299	0	0	0	/2/wp-cron.php?doing_wp_cron=1781558984.2676439285278320312500
1	0	0	0	3	0	0	29773945	0	0	29749492	0	/wp2/wp-includes/wlwmanifest.xml
1	2	0	0	0	29770109	0	0	29766970	0	0	73188	/assets/images/catalog/womens-tie-front-stand-collar-blouse/01-6784.webp
1	0	0	1	0	0	29740515	0	0	29740515	0	0	/wp-includes/class-wp-http-ixr-client-old.php
1	0	0	0	2	0	0	29678122	0	0	29675202	0	/wp-includes/js/tinymce/utils/
1	0	0	1	0	0	29678105	0	0	29678105	0	0	/xex.php
1	0	0	2	0	0	29678120	0	0	29675197	0	0	/wp-content/themes/tflow/
1	0	0	1	0	0	29678119	0	0	29678119	0	0	/themes/fitnessbase/404.php
1	1	0	0	0	29678348	0	0	29678348	0	0	0	/2/wp-cron.php?doing_wp_cron=1780601896.7208619117736816406250
1	1	0	0	0	29770109	0	0	29770109	0	0	28838	/assets/images/catalog/womens-leaf-print-button-front-v-neck-tunic/01-6771.webp?135.148.195.1
1	0	0	2	0	0	29678123	0	0	29675211	0	0	/themes/seotheme/
1	1	0	0	0	29679676	0	0	29679676	0	0	0	/2/wp-cron.php?doing_wp_cron=1780681573.0743520259857177734375
1	0	0	1	0	0	29678115	0	0	29678115	0	0	/wp-includes/IXR/db.php
1	1	0	0	0	29702857	0	0	29702857	0	0	0	/2/wp-cron.php?doing_wp_cron=1782072422.9287869930267333984375
1	1	0	0	0	29719602	0	0	29719602	0	0	0	/2/wp-cron.php?doing_wp_cron=1783077136.2426569461822509765625
1	1	0	0	0	29715718	0	0	29715718	0	0	0	/2/wp-cron.php?doing_wp_cron=1782844081.0967710018157958984375
1	0	0	1	0	0	29676094	0	0	29676094	0	0	/config/application.properties
1	0	0	0	3	0	0	29760771	0	0	29746264	0	/wp-post-data.php
1	0	0	1	0	0	29740512	0	0	29740512	0	0	/wp-includes/class-wp-comment-query-info.php
1	0	0	2	0	0	29678090	0	0	29675164	0	0	/wp-admin/file.php
1	0	0	2	0	0	29678089	0	0	29675158	0	0	/wp-content/edit-wolf.php
1	1	0	0	0	29678113	0	0	29678113	0	0	0	/2/wp-cron.php?doing_wp_cron=1780587796.5377309322357177734375
1	0	0	0	2	0	0	29747492	0	0	29747442	0	/bhigtouj.php
1	0	0	2	0	0	29678121	0	0	29675202	0	0	/blog/wp-content/
1	0	0	9	0	0	29719594	0	0	29674015	0	0	/as/chosen.php
1	0	0	0	1	0	0	29755803	0	0	29755803	0	/lol.php
1	1	0	0	0	29722535	0	0	29722535	0	0	0	/2/wp-cron.php?doing_wp_cron=1783253117.4562120437622070312500
1	1	0	0	0	29695188	0	0	29695188	0	0	0	/2/wp-cron.php?doing_wp_cron=1781612283.8827140331268310546875
1	1	0	0	0	29702850	0	0	29702850	0	0	0	/2/wp-cron.php?doing_wp_cron=1782072031.9518060684204101562500
1	1	0	0	0	29679472	0	0	29679472	0	0	0	/2/wp-cron.php?doing_wp_cron=1780669339.7763509750366210937500
1	1	0	0	0	29678098	0	0	29678098	0	0	0	/2/wp-cron.php?doing_wp_cron=1780586927.3901970386505126953125
1	0	0	1	0	0	29678119	0	0	29678119	0	0	/wp-includes/mer_gagal.php
1	1	0	0	0	29698650	0	0	29698650	0	0	0	/2/wp-cron.php?doing_wp_cron=1781820012.1858758926391601562500
1	1	0	0	0	29775233	0	0	29775233	0	0	5582	/product/womens-patterned-guipure-lace-v-neck-strap-top
1	0	0	0	15	0	0	29744883	0	0	29673812	0	/wp-includes/blocks/details/
1	1	0	0	0	29703320	0	0	29703320	0	0	0	/2/wp-cron.php?doing_wp_cron=1782100231.9561910629272460937500
1	2	0	0	0	29694173	0	0	29694173	0	0	174	/.well-known/acme-challenge/hehTnBJdTssgGmG5eIeZtwRi_BoE46-fUOdIt9O7fgE
1	2	0	0	0	29694173	0	0	29694173	0	0	174	/.well-known/acme-challenge/8bFzRnxZKYvL4blvhSRgKqykJuI0kn-3OAIeeG6gueA
1	0	0	1	0	0	29715711	0	0	29715711	0	0	/sitemap.php
1	0	0	1	0	0	29678113	0	0	29678113	0	0	/wp-content/as.php
1	0	0	9	0	0	29719603	0	0	29674012	0	0	/log.php
1	0	0	5	0	0	29698661	0	0	29675265	0	0	/shoyo.php
1	0	0	3	2	0	29689873	29755802	0	29677919	29752904	0	/206.php
1	0	0	1	0	0	29713169	0	0	29713169	0	0	/feed/
1	0	0	1	0	0	29678101	0	0	29678101	0	0	/images/js1.php
1	1	0	0	0	29698024	0	0	29698024	0	0	0	/2/wp-cron.php?doing_wp_cron=1781782442.6471529006958007812500
1	1	0	0	0	29715771	0	0	29715771	0	0	0	/2/wp-cron.php?doing_wp_cron=1782847282.9148850440979003906250
1	1	0	0	0	29678110	0	0	29678110	0	0	0	/2/wp-cron.php?doing_wp_cron=1780587610.9935529232025146484375
1	0	0	0	2	0	0	29747492	0	0	29747441	0	/lupo.php
1	1	0	0	0	29686890	0	0	29686890	0	0	0	/2/wp-cron.php?doing_wp_cron=1781114411.0426089763641357421875
1	1	0	0	0	29734200	0	0	29734200	0	0	0	/2/wp-cron.php?doing_wp_cron=1783953032.4685540199279785156250
1	0	0	1	0	0	29689591	0	0	29689591	0	0	/a5e0a.php
1	0	0	2	0	0	29678091	0	0	29675172	0	0	/mah/function.php
1	0	0	1	0	0	29678345	0	0	29678345	0	0	/wuasr.php
1	0	0	0	4	0	0	29760771	0	0	29752904	0	/1xmomo.php
1	0	0	1	0	0	29701598	0	0	29701598	0	0	/cc3.php
1	1	0	0	0	29677611	0	0	29677611	0	0	0	/2/wp-cron.php?doing_wp_cron=1780557707.6073219776153564453125
1	1	0	0	0	29699056	0	0	29699056	0	0	0	/2/wp-cron.php?doing_wp_cron=1781844376.2782969474792480468750
1	0	0	1	0	0	29740512	0	0	29740512	0	0	/cache-compat-constructor.php
1	0	0	11	3	0	29722530	29759161	0	29673809	29744883	0	/201.php
1	0	0	5	1	0	29719596	29759161	0	29675172	29759161	0	/bypass.php
1	1	0	0	0	29701594	0	0	29701594	0	0	0	/2/wp-cron.php?doing_wp_cron=1781996671.1223750114440917968750
1	0	0	1	0	0	29678112	0	0	29678112	0	0	/wp-content/themes/tflow/av.php
1	0	0	2	0	0	29715713	0	0	29691485	0	0	/autovirgi.php
1	0	0	0	1	0	0	29750391	0	0	29750391	0	/0x0x.php
1	1	0	0	0	29722527	0	0	29722527	0	0	0	/2/wp-cron.php?doing_wp_cron=1783252653.3304901123046875000000
1	0	0	1	0	0	29678351	0	0	29678351	0	0	/kolda.php
1	0	0	1	0	0	29678108	0	0	29678108	0	0	/wp-includes/images/crystal/lrs_dage.php
1	0	0	4	0	0	29678098	0	0	29675099	0	0	/wp-includes/style-engine/autoload_classmap.php
1	0	0	2	0	0	29693955	0	0	29692496	0	0	/momo.php
1	0	0	2	0	0	29678089	0	0	29675159	0	0	/wp-admin/images/bootstrap.php
1	0	0	2	4	0	29689594	29768844	0	29689589	29756925	0	/nw.php
1	0	0	0	5	0	0	29760771	0	0	29746264	0	/wp-file-120.php
1	0	0	1	0	0	29701600	0	0	29701600	0	0	/userini.php
1	0	0	1	0	0	29715711	0	0	29715711	0	0	/file11.php
1	0	0	1	1	0	29722527	29744883	0	29722527	29744883	0	/green3.php?p=
1	0	0	2	0	0	29678091	0	0	29675164	0	0	/wp-includes/customize/index.php
1	0	0	1	0	0	29678101	0	0	29678101	0	0	/wp-includes/sitemaps/autoload_classmap.php
1	0	0	2	2	0	29691487	29747495	0	29689594	29747443	0	/ws88.php
1	0	0	1	0	0	29678114	0	0	29678114	0	0	/images/as.php
1	0	0	0	2	0	0	29678123	0	0	29675212	0	/wp-includes/js/tinymce/themes/inlite/
1	1	0	0	0	29678087	0	0	29678087	0	0	0	/2/wp-cron.php?doing_wp_cron=1780586267.5477740764617919921875
1	1	0	0	0	29775402	0	0	29775402	0	0	4440	/wholesale?product=womens-gaiter-sleeve-tunic
1	0	0	2	0	0	29693955	0	0	29692495	0	0	/loxico93.php
1	1	0	0	0	29695837	0	0	29695837	0	0	0	/2/wp-cron.php?doing_wp_cron=1781651232.1206700801849365234375
1	0	0	3	0	0	29719840	0	0	29678530	0	0	/blog
1	0	0	2	0	0	29678122	0	0	29675210	0	0	/wp-includes/assets/wp-includes/assets/
1	0	0	1	0	0	29678105	0	0	29678105	0	0	/wp-content/upgrade/wp-conflg.php
1	1	0	0	0	29690691	0	0	29690691	0	0	0	/2/wp-cron.php?doing_wp_cron=1781342484.8069779872894287109375
1	0	0	5	5	0	29693955	29760771	0	29677920	29746264	0	/flox.php
1	1	0	0	0	29674099	0	0	29674099	0	0	0	/2/wp-cron.php?doing_wp_cron=1780346981.5503330230712890625000
1	1	0	0	0	29678112	0	0	29678112	0	0	0	/2/wp-cron.php?doing_wp_cron=1780587766.4652218818664550781250
1	1	0	0	0	29691147	0	0	29691147	0	0	0	/2/wp-cron.php?doing_wp_cron=1781369836.6543209552764892578125
1	0	0	1	0	0	29691979	0	0	29691979	0	0	http://www.raspinaclothing.com/wp-sitemap.xml
1	0	0	1	4	0	29701595	29750390	0	29701595	29744747	0	/wziar1.php
1	0	0	2	1	0	29722528	29744883	0	29698859	29744883	0	/FAQ.php?p=
1	0	0	3	2	0	29702856	29747491	0	29689594	29747441	0	/csv.php
1	1	0	0	0	29678093	0	0	29678093	0	0	0	/2/wp-cron.php?doing_wp_cron=1780586590.2701649665832519531250
1	0	0	2	1	0	29693955	29750391	0	29692496	29750391	0	/h2a2ck.php
1	1	0	0	0	29682371	0	0	29682371	0	0	0	/2/wp-cron.php?doing_wp_cron=1780843314.4993989467620849609375
1	0	0	1	0	0	29678108	0	0	29678108	0	0	/wp-content/waf_defender.php
1	1	0	0	0	29679479	0	0	29679479	0	0	0	/2/wp-cron.php?doing_wp_cron=1780669751.4563848972320556640625
1	0	0	0	3	0	0	29751334	0	0	29749167	0	/2nzyHnOkEg.php
1	0	0	10	8	0	29719603	29768845	0	29674011	29744747	0	/ws83.php
1	0	0	1	0	0	29678114	0	0	29678114	0	0	/wp-includes/customize/class-wp-customize-selective-refresh-library.php
1	1	0	0	0	29708413	0	0	29708413	0	0	0	/2/wp-cron.php?doing_wp_cron=1782405836.7587349414825439453125
1	0	0	1	0	0	29678101	0	0	29678101	0	0	/.well-known/acme-challenge/admin.php
1	1	0	0	0	29678100	0	0	29678100	0	0	0	/2/wp-cron.php?doing_wp_cron=1780587015.4553570747375488281250
1	0	0	1	0	0	29715717	0	0	29715717	0	0	/wp-lvminl.php
1	0	0	0	1	0	0	29767820	0	0	29767820	0	/yj09.php
1	1	0	0	0	29674021	0	0	29674021	0	0	0	/2/wp-cron.php?doing_wp_cron=1780342275.6568050384521484375000
1	0	0	2	0	0	29678124	0	0	29676096	0	0	/assets/bootstrap-fileupload/
1	0	0	1	0	0	29699051	0	0	29699051	0	0	/ract.php
1	1	0	0	0	29678115	0	0	29678115	0	0	0	/2/wp-cron.php?doing_wp_cron=1780587946.1765949726104736328125
1	0	0	2	0	0	29693957	0	0	29692498	0	0	/cakr3xr4.php
1	0	0	1	0	0	29678098	0	0	29678098	0	0	/wp-admin/css/wp-conflg.php
1	0	0	4	4	0	29689878	29751334	0	29677928	29746265	0	/cilus.php
1	1	0	0	0	29775332	0	0	29775332	0	0	4431	/wholesale?product=womens-giter-waist-dress
1	0	0	1	0	0	29678117	0	0	29678117	0	0	/images/file.php
1	0	0	0	1	0	0	29678097	0	0	29678097	0	/wp-includes/certificates/wp-login.php
1	0	0	3	2	0	29689880	29755802	0	29677931	29752904	0	/aj12.php
1	0	0	1	0	0	29713809	0	0	29713809	0	0	/5.php
1	1	0	0	0	29678093	0	0	29678093	0	0	0	/2/wp-cron.php?doing_wp_cron=1780586628.9497680664062500000000
1	1	0	0	0	29686883	0	0	29686883	0	0	0	/2/wp-cron.php?doing_wp_cron=1781114036.6887269020080566406250
1	0	0	2	0	0	29678090	0	0	29675164	0	0	/filemanager.php
1	0	0	12	3	0	29719604	29747492	0	29674012	29745195	0	/ws77.php
1	0	0	1	0	0	29678115	0	0	29678115	0	0	/wp-admin/css/adminfusm.php
1	0	0	0	3	0	0	29751334	0	0	29749167	0	/pxx.php
1	1	0	0	0	29689880	0	0	29689880	0	0	0	/2/wp-cron.php?doing_wp_cron=1781293847.7170329093933105468750
1	0	0	3	0	0	29686887	0	0	29677206	0	0	/tiny.php
1	0	0	1	0	0	29678113	0	0	29678113	0	0	/wp-admin/css/chosen.php
1	1	0	0	0	29719609	0	0	29719609	0	0	0	/2/wp-cron.php?doing_wp_cron=1783077558.7795228958129882812500
1	1	0	0	0	29694163	0	0	29694163	0	0	64	/.well-known/acme-challenge/RZSW3ZWC6610W7NYAD64L36QH1K88DRN
1	0	0	0	3	0	0	29751334	0	0	29749167	0	/C1.php
1	0	0	14	3	0	29722536	29760771	0	29673815	29744884	0	/wp-includes/Text/Diff/Engine/about.php
1	0	0	16	1	0	29722539	29744884	0	29673819	29744884	0	/file6.php
1	1	0	0	0	29694307	0	0	29694307	0	0	0	/2/wp-cron.php?doing_wp_cron=1781559442.6385900974273681640625
1	1	0	0	0	29679487	0	0	29679487	0	0	0	/2/wp-cron.php?doing_wp_cron=1780670237.9618918895721435546875
1	0	0	17	1	0	29719602	29750390	0	29674010	29750390	0	/sid3.php
1	0	0	1	0	0	29678097	0	0	29678097	0	0	/wp-content/themes/twentyfive/include.php
1	0	0	0	3	0	0	29750390	0	0	29747441	0	/packsin1.php
1	1	0	0	0	29698872	0	0	29698872	0	0	0	/2/wp-cron.php?doing_wp_cron=1781833332.7637369632720947265625
1	0	0	1	0	0	29715715	0	0	29715715	0	0	/wp-tkdc.php
1	0	0	0	3	0	0	29751334	0	0	29749167	0	/lmutxdvyp7u5yksqke8ozbjgCdefault.php
1	2	0	0	0	29770109	0	0	29753200	0	0	25844	/assets/images/catalog/womens-chiffon-top-whith-pleated-shoulders/01-6858.webp
1	1	0	0	0	29769237	0	0	29769237	0	0	5707	/product/womens-gaiter-sleeve-tunic
1	0	0	1	0	0	29678093	0	0	29678093	0	0	/ms-themes.php
1	1	0	0	0	29678767	0	0	29678767	0	0	0	/2/wp-cron.php?doing_wp_cron=1780627069.3916630744934082031250
1	1	0	0	0	29677657	0	0	29677657	0	0	0	/2/wp-cron.php?doing_wp_cron=1780560428.1685218811035156250000
1	0	0	0	5	0	0	29760771	0	0	29752903	0	/file1.php
1	0	0	4	0	0	29679065	0	0	29674100	0	0	/vendor/phpunit/phpunit/src/Util/PHP/
1	0	0	0	2	0	0	29678123	0	0	29675212	0	/wp-includes/js/plupload/
1	0	0	1	0	0	29678106	0	0	29678106	0	0	/wp-content/bypass_1.php
1	2	0	0	0	29775402	0	0	29768834	0	0	7598	/privacy
1	0	0	1	0	0	29678106	0	0	29678106	0	0	/ALFA_DATA/alfacgiapi/all.php
1	0	0	1	0	0	29678116	0	0	29678116	0	0	/worm0.PhP7
1	1	0	37	19	29692796	29740215	29769206	29692796	29674130	29746003	0	/wp-content/plugins/fix/up.php
1	0	0	1	2	0	29691485	29750391	0	29691485	29744747	0	/ws66.php
1	0	0	0	4	0	0	29679066	0	0	29674102	0	/wp-includes/block-patterns/
1	0	0	1	0	0	29689591	0	0	29689591	0	0	/wp9.php
1	0	0	4	0	0	29701591	0	0	29677923	0	0	/wp-indx.php
1	0	0	13	1	0	29741803	29744448	0	29674692	29744448	0	/index.php?rest_route=/wp/v2/plugins
1	1	0	0	0	29775401	0	0	29775401	0	0	5524	/product/womens-2ps-blouse
1	1	0	0	0	29694296	0	0	29694296	0	0	0	/2/wp-cron.php?doing_wp_cron=1781558811.5470259189605712890625
1	1	0	0	0	29678104	0	0	29678104	0	0	0	/2/wp-cron.php?doing_wp_cron=1780587286.5950129032135009765625
1	0	0	1	0	0	29740512	0	0	29740512	0	0	/wp-includes/class-wp-xmlrpc-server-time.php
1	0	0	6	5	0	29715712	29760771	0	29692497	29746264	0	/mg.php
1	0	0	3	1	0	29701592	29750391	0	29677206	29750391	0	/s1.php
1	1	0	0	0	29770741	0	0	29770741	0	0	4435	/wholesale?product=womens-pleated-tie-neck-blouse
1	0	0	1	0	0	29678106	0	0	29678106	0	0	/wp-admin/maint/repairs.php
1	1	0	0	0	29674551	0	0	29674551	0	0	0	/2/wp-cron.php?doing_wp_cron=1780374071.6220240592956542968750
1	0	0	1	0	0	29701599	0	0	29701599	0	0	/mixer-jp.php
1	1	0	3	1	29746264	29740519	29750391	29746264	29675164	29750391	5601	/inc.php
1	1	0	0	0	29775363	0	0	29775363	0	0	4435	/wholesale?product=womens-snake-patern-blouse
1	0	0	2	0	0	29709528	0	0	29708412	0	0	/ovaaotqdq.php
1	0	0	2	0	0	29679064	0	0	29674099	0	0	/www/
1	0	0	0	2	0	0	29747492	0	0	29747441	0	/RIP.php
1	0	0	1	0	0	29678110	0	0	29678110	0	0	/wp-admin/user/header.php
1	0	0	1	0	0	29678112	0	0	29678112	0	0	/wp-includes/images/include.php
1	0	0	0	2	0	0	29747495	0	0	29747442	0	/xxivicLhot.php
1	1	0	0	0	29691486	0	0	29691486	0	0	0	/2/wp-cron.php?doing_wp_cron=1781390172.4993131160736083984375
1	0	0	2	0	0	29699053	0	0	29678350	0	0	/wp4.php
1	1	0	0	0	29689587	0	0	29689587	0	0	0	/2/wp-cron.php?doing_wp_cron=1781276270.4062879085540771484375
1	0	0	23	1	0	29722536	29744884	0	29673816	29744884	0	/xxx.php
1	5	0	0	0	29748434	0	0	29746167	0	0	58334	/assets/js/site.js
1	0	0	2	2	0	29715711	29747492	0	29691486	29747441	0	/x123.php
1	0	0	1	0	0	29678112	0	0	29678112	0	0	/wp-admin/network/chosen.php
1	0	0	1	0	0	29678094	0	0	29678094	0	0	/wp-content/uploads/wp.php
1	0	0	3	0	0	29675100	0	0	29675099	0	0	/wp-includes/SimplePie/admin.php
1	0	0	1	1	0	29722527	29744883	0	29722527	29744883	0	/get.php
1	0	0	5	0	0	29689879	0	0	29677209	0	0	/ggb.php
1	0	0	2	2	0	29722526	29767820	0	29715717	29744883	0	/scxy.php
1	0	0	3	1	0	29689874	29767820	0	29677921	29767820	0	/img.php
1	0	0	1	0	0	29678348	0	0	29678348	0	0	/database.php
1	1	0	0	0	29768844	0	0	29768844	0	0	971	/admin/login?next=/admin/controller/extension
1	0	0	0	2	0	0	29747494	0	0	29747442	0	/CDX3.php
1	0	0	1	0	0	29699052	0	0	29699052	0	0	/mal.php
1	0	0	1	0	0	29699051	0	0	29699051	0	0	/lp6.php
1	0	0	0	2	0	0	29678122	0	0	29675202	0	/wp-includes/interactivity-api/
1	0	0	0	4	0	0	29679066	0	0	29674102	0	/wp-includes/sitemaps/
1	0	0	0	4	0	0	29760771	0	0	29752904	0	/asd67.php
1	1	0	0	0	29678112	0	0	29678112	0	0	0	/2/wp-cron.php?doing_wp_cron=1780587730.2251260280609130859375
1	0	0	0	2	0	0	29747492	0	0	29747441	0	/wgift1.php
1	1	0	0	0	29775394	0	0	29775394	0	0	4463	/wholesale?product=womens-distressed-turn-down-collar-tunic-top
1	1	0	0	0	29678103	0	0	29678103	0	0	0	/2/wp-cron.php?doing_wp_cron=1780587192.0132288932800292968750
1	0	0	1	0	0	29699052	0	0	29699052	0	0	/ellv3.php
1	0	0	1	0	0	29689594	0	0	29689594	0	0	/public/wp-blog.php
1	0	0	1	0	0	29678111	0	0	29678111	0	0	/vendor/phpunit/phpunit/src/Util/PHP/install.php
1	0	0	0	2	0	0	29678124	0	0	29676097	0	/wp-includes/blocks/site-title/
1	1	0	0	0	29691141	0	0	29691141	0	0	0	/2/wp-cron.php?doing_wp_cron=1781369479.2597739696502685546875
1	0	0	1	0	0	29689587	0	0	29689587	0	0	/3us0dk.php
1	0	0	1	0	0	29678098	0	0	29678098	0	0	/wp-content/uploads/wp-conflg.php
1	0	0	2	0	0	29678121	0	0	29675202	0	0	/wp-content/themes/twentytwentyfour/
1	0	0	1	0	0	29740514	0	0	29740514	0	0	/wp-includes/class-wp-application-password.php
1	0	0	1	0	0	29699057	0	0	29699057	0	0	/lf.php
1	0	0	3	0	0	29699054	0	0	29675173	0	0	/wp_wlx.php
1	0	0	0	3	0	0	29751334	0	0	29749167	0	/dgs.php
1	1	0	0	0	29775391	0	0	29775391	0	0	4446	/wholesale?product=womens-wide-cuff-blouse-with-back-pleat
1	0	0	1	0	0	29678102	0	0	29678102	0	0	/small.php
1	0	0	1	0	0	29678117	0	0	29678117	0	0	/wp-content/plugins/pwnd/file-js.php
1	0	0	5	0	0	29698651	0	0	29675253	0	0	/htt.php
1	0	0	1	0	0	29678096	0	0	29678096	0	0	/.well-known/acme-challenge/license.php
1	0	0	0	3	0	0	29751334	0	0	29749167	0	/widgets-form.php
1	0	0	0	1	0	0	29767820	0	0	29767820	0	/i99z7zzbwtpteujvv6s8hiCdefault.php?p=
1	0	0	10	0	0	29719599	0	0	29674018	0	0	/ws49.php
1	0	0	3	0	0	29703317	0	0	29697216	0	0	/ultradybbuks.php
1	0	0	0	1	0	0	29750390	0	0	29750390	0	/tx79.php?p=
1	1	0	0	0	29677186	0	0	29677186	0	0	0	/2/wp-cron.php?doing_wp_cron=1780532203.0995509624481201171875
1	0	0	1	0	0	29678094	0	0	29678094	0	0	/assets/images/doc.php
1	1	0	0	0	29693957	0	0	29693957	0	0	0	/2/wp-cron.php?doing_wp_cron=1781538439.6623940467834472656250
1	1	0	0	0	29775392	0	0	29775392	0	0	5171	/product/womens-simple-basic-chemise
1	1	0	0	0	29699059	0	0	29699059	0	0	0	/2/wp-cron.php?doing_wp_cron=1781844555.8235700130462646484375
1	0	0	1	0	0	29678107	0	0	29678107	0	0	/about/function.php 
1	0	0	0	3	0	0	29751334	0	0	29749167	0	/cdn3.php
1	0	0	15	1	0	29740521	29750390	0	29673816	29750390	0	/kj.php
1	0	0	9	1	0	29699051	29746519	0	29673819	29746519	0	/la.php
1	0	0	1	4	0	29701594	29760771	0	29701594	29746264	0	/js.php
1	0	0	2	0	0	29678092	0	0	29675192	0	0	/wp-content/themes/chosen.php
1	1	0	0	0	29697217	0	0	29697217	0	0	0	/2/wp-cron.php?doing_wp_cron=1781734066.1761660575866699218750
1	2	0	0	0	29770109	0	0	29753200	0	0	27640	/assets/images/catalog/womens-pleated-stand-collar-blouse/01-6855.webp
1	1	0	0	0	29775134	0	0	29775134	0	0	5564	/product/womens-pleated-stand-collar-blouse
1	1	0	0	0	29715711	0	0	29715711	0	0	0	/2/wp-cron.php?doing_wp_cron=1782843662.3314599990844726562500
1	0	0	1	0	0	29678100	0	0	29678100	0	0	/index2.php
1	0	0	1	0	0	29678108	0	0	29678108	0	0	/wp-content/content.php
1	1	0	0	0	29775398	0	0	29775398	0	0	5164	/product/womens-necktie-collar-chemise
1	0	0	2	0	0	29678124	0	0	29675212	0	0	/wp-content/plugins/shell/
1	0	0	1	0	0	29701594	0	0	29701594	0	0	/aaww.php
1	1	0	0	0	29775401	0	0	29775401	0	0	5185	/product/womens-gaiter-chemise-2
1	0	0	1	0	0	29699053	0	0	29699053	0	0	/elect.php
1	1	0	0	0	29703323	0	0	29703323	0	0	0	/2/wp-cron.php?doing_wp_cron=1782100396.7017381191253662109375
1	1	0	0	0	29678345	0	0	29678345	0	0	0	/2/wp-cron.php?doing_wp_cron=1780601718.0726969242095947265625
1	0	0	0	2	0	0	29747495	0	0	29747442	0	/iindv.php
1	0	0	2	0	0	29678124	0	0	29676097	0	0	/wp-content/themes/service-finder/admin/
1	1	0	0	0	29775401	0	0	29775401	0	0	4432	/wholesale?product=womens-diplomat-collar-chemise
1	1	0	0	0	29775393	0	0	29775393	0	0	5182	/product/womens-snake-patern-blouse
1	0	0	1	0	0	29678109	0	0	29678109	0	0	/wp-includes/IXR/xsec1.php
1	1	0	0	0	29694295	0	0	29694295	0	0	0	/2/wp-cron.php?doing_wp_cron=1781558751.1109690666198730468750
1	0	0	2	0	0	29679066	0	0	29674101	0	0	/wp-content/themes/twentytwenty/
1	0	0	2	0	0	29678092	0	0	29675172	0	0	/components/com_jea/views/form/tmpl/size.php
1	0	0	1	0	0	29678117	0	0	29678117	0	0	/wp-includes/css/dist/user.php
1	0	0	1	0	0	29678108	0	0	29678108	0	0	/wp-content/upgrade/pdf.php
1	1	0	0	0	29674410	0	0	29674410	0	0	0	/2/wp-cron.php?doing_wp_cron=1780365620.0660769939422607421875
1	0	0	1	0	0	29678098	0	0	29678098	0	0	/wp-includes/plugins.php
1	0	0	2	0	0	29678123	0	0	29675211	0	0	/wp-content/themes/Avada/licensing/
1	1	0	0	0	29775402	0	0	29775402	0	0	4426	/wholesale?product=womens-midi-sarafon
1	0	0	1	0	0	29678105	0	0	29678105	0	0	/vendor/phpunit/phpunit/src/Util/PHP/admin-footer.php
1	0	0	0	3	0	0	29750390	0	0	29747442	0	/wp-content/OMrMKfSU.php
1	0	0	0	1	0	0	29750391	0	0	29750391	0	/gdn.php
1	0	0	2	0	0	29678120	0	0	29675195	0	0	/wp-content/plugins/seoplugins/
1	0	0	1	0	0	29701601	0	0	29701601	0	0	/fs8.php
1	0	0	0	1	0	0	29744747	0	0	29744747	0	/wyzer3.php
1	0	0	2	0	0	29679064	0	0	29674100	0	0	/uploads/
1	0	0	9	1	0	29719602	29745195	0	29674010	29745195	0	/ws38.php
1	0	0	2	0	0	29678092	0	0	29675172	0	0	/css/css.php
1	0	0	1	0	0	29678106	0	0	29678106	0	0	/wp-content/edit.php
1	0	0	8	0	0	29726509	0	0	29675507	0	0	/2/
1	0	0	1	0	0	29677957	0	0	29677957	0	0	/compatibility.php
1	0	0	1	0	0	29678098	0	0	29678098	0	0	/wp-content.php
1	0	0	2	0	0	29691483	0	0	29678352	0	0	/new4.php
1	0	0	1	0	0	29678342	0	0	29678342	0	0	/favicon.php
1	0	0	3	0	0	29718525	0	0	29717946	0	0	/administrator/
1	0	0	14	1	0	29719606	29745195	0	29674016	29745195	0	/test1.php
1	0	0	0	2	0	0	29747495	0	0	29747443	0	/kthusnjbc8ab0jiryls2jinCdefault.php
1	0	0	1	0	0	29674551	0	0	29674551	0	0	/dev.php
1	0	0	1	0	0	29678101	0	0	29678101	0	0	/wp-admin/css/about.php7
1	0	0	1	0	0	29678109	0	0	29678109	0	0	/wp-content/languages/radio.php
1	0	0	1	0	0	29678094	0	0	29678094	0	0	/wp-content/themes/twentytwentythree/patterns/index.php
1	0	0	1	0	0	29678117	0	0	29678117	0	0	/wp-includes/html-api/index.php
1	0	0	1	0	0	29678112	0	0	29678112	0	0	/wp-includes/assets/about5.php
1	1	0	0	0	29775401	0	0	29775401	0	0	4451	/wholesale?product=womens-kimono-tunic-whith-smocked-waist
1	1	0	0	0	29698872	0	0	29698872	0	0	0	/2/wp-cron.php?doing_wp_cron=1781833337.2741720676422119140625
1	0	0	12	5	0	29722530	29760771	0	29673810	29744883	0	/ingfo.php
1	1	0	0	0	29719603	0	0	29719603	0	0	0	/2/wp-cron.php?doing_wp_cron=1783077211.7819008827209472656250
1	0	0	1	0	0	29678113	0	0	29678113	0	0	/wp-content/mu-plugins/index.php
1	0	0	0	4	0	0	29760771	0	0	29752903	0	/fine.php
1	1	0	0	0	29709529	0	0	29709529	0	0	0	/2/wp-cron.php?doing_wp_cron=1782472775.8156690597534179687500
1	0	0	2	0	0	29699048	0	0	29678101	0	0	/wp-content/languages/index.php
1	1	0	0	0	29678117	0	0	29678117	0	0	0	/2/wp-cron.php?doing_wp_cron=1780588066.2673439979553222656250
1	0	0	2	0	0	29703317	0	0	29697216	0	0	/2222.php
1	0	0	1	0	0	29678118	0	0	29678118	0	0	/wp-includes/blocks/nextpage/index.php
1	1	0	0	0	29675202	0	0	29675202	0	0	0	/2/wp-cron.php?doing_wp_cron=1780413137.1086869239807128906250
1	0	0	32	11	0	29740518	29768844	0	29673813	29744747	0	/about.php
1	0	0	0	4	0	0	29760771	0	0	29746264	0	/yawa.php
1	0	0	4	1	0	29722529	29744883	0	29697215	29744883	0	/greap.php
1	0	0	2	0	0	29699055	0	0	29678112	0	0	/blog.php
1	0	0	1	0	0	29678102	0	0	29678102	0	0	/wp-includes/SimplePie/Cache/upfile.php
1	1	0	0	0	29699053	0	0	29699053	0	0	0	/2/wp-cron.php?doing_wp_cron=1781844234.1696300506591796875000
1	0	0	1	0	0	29678100	0	0	29678100	0	0	/wp-content/uploads/2023/05/404.php
1	0	0	0	1	0	0	29770552	0	0	29770552	0	/index.php/fk/tp/fp/probe
1	0	0	0	2	0	0	29747494	0	0	29747442	0	/abhjr.php
1	1	0	0	0	29697224	0	0	29697224	0	0	0	/2/wp-cron.php?doing_wp_cron=1781734441.2205429077148437500000
1	0	0	2	1	0	29709528	29750390	0	29708412	29750390	0	/shadow.php
1	0	0	6	1	0	29722530	29744883	0	29673808	29744883	0	/seiso.php
1	0	0	1	0	0	29678107	0	0	29678107	0	0	/wp-includes/assets/db.php
1	0	0	1	0	0	29678098	0	0	29678098	0	0	/wp-admin/images/index.php
1	0	0	0	13	0	0	29744883	0	0	29673811	0	/wp-includes/blocks/post-comments-form/
1	1	0	0	0	29737402	0	0	29737402	0	0	0	/2/wp-cron.php?doing_wp_cron=1784145151.3677949905395507812500
1	0	0	0	3	0	0	29751334	0	0	29749167	0	/wkogn.php
1	0	0	0	1	0	0	29746519	0	0	29746519	0	/else1.php
1	0	0	0	1	0	0	29746519	0	0	29746519	0	/inso.php
1	0	0	1	0	0	29678118	0	0	29678118	0	0	/wp-content/upgrade-temp-backup/about.php
1	0	0	1	0	0	29678119	0	0	29678119	0	0	/css/autoload_classmap.php
1	0	0	13	1	0	29719607	29745196	0	29674018	29745196	0	/buy.php
1	0	0	1	0	0	29691484	0	0	29691484	0	0	/tymn.php
1	0	0	1	0	0	29678105	0	0	29678105	0	0	/wordpress/wp-content/uploads/install.php
1	0	0	1	0	0	29678102	0	0	29678102	0	0	/wp-admin/maint/cong.php
1	0	0	0	1	0	0	29678110	0	0	29678110	0	/wp-admin/css/wp-login.php
1	1	0	0	0	29691139	0	0	29691139	0	0	0	/2/wp-cron.php?doing_wp_cron=1781369395.0396559238433837890625
1	0	0	0	1	0	0	29767172	0	0	29767172	0	/aOQK7jQ9.php
1	0	0	1	0	0	29678119	0	0	29678119	0	0	/wp-includes/SimplePie/src/Decode/HTML/sitemaps.php
1	1	0	0	0	29677597	0	0	29677597	0	0	0	/2/wp-cron.php?doing_wp_cron=1780556836.9918770790100097656250
1	1	0	0	0	29734481	0	0	29734481	0	0	0	/2/wp-cron.php?doing_wp_cron=1783969897.0176870822906494140625
1	1	0	0	0	29719599	0	0	29719599	0	0	0	/2/wp-cron.php?doing_wp_cron=1783076956.6343009471893310546875
1	1	0	0	0	29719592	0	0	29719592	0	0	0	/2/wp-cron.php?doing_wp_cron=1783076542.5940649509429931640625
1	0	0	2	0	0	29679066	0	0	29674101	0	0	/images/stories/
1	1	0	0	0	29693749	0	0	29693749	0	0	0	/2/wp-cron.php?doing_wp_cron=1781525963.9861900806427001953125
1	0	0	1	0	0	29678100	0	0	29678100	0	0	/wp-admin/defaults.php
1	0	0	10	0	0	29703325	0	0	29673818	0	0	/hg.php
1	0	0	2	0	0	29693956	0	0	29692497	0	0	/spawns.php
1	1	0	0	0	29722539	0	0	29722539	0	0	0	/2/wp-cron.php?doing_wp_cron=1783253394.3524839878082275390625
1	0	0	1	0	0	29678101	0	0	29678101	0	0	/repeater.php
1	1	0	0	0	29770109	0	0	29770109	0	0	56094	/assets/images/catalog/womens-turn-down-collar-blouse-with-wide-cuffs/01-6783.webp
1	1	0	0	0	29698655	0	0	29698655	0	0	0	/2/wp-cron.php?doing_wp_cron=1781820347.1152920722961425781250
1	1	0	0	0	29673874	0	0	29673874	0	0	0	/2/wp-cron.php?doing_wp_cron=1780333482.6498439311981201171875
1	0	0	1	0	0	29678345	0	0	29678345	0	0	/wp-slss.php
1	0	0	3	0	0	29678102	0	0	29673808	0	0	/mariju.php
1	0	0	12	2	0	29722534	29767820	0	29673814	29744883	0	/classwithtostring.php?p=
1	0	0	7	3	0	29740516	29767820	0	29697215	29744883	0	/biufile.php
1	1	0	0	0	29703324	0	0	29703324	0	0	0	/2/wp-cron.php?doing_wp_cron=1782100490.0806770324707031250000
1	0	0	2	0	0	29678122	0	0	29675210	0	0	/ALFA_DATA/alfacgiapi/
1	1	0	0	0	29719521	0	0	29719521	0	0	0	/2/wp-cron.php?doing_wp_cron=1783072316.3160181045532226562500
1	1	0	0	0	29701598	0	0	29701598	0	0	0	/2/wp-cron.php?doing_wp_cron=1781996882.1252129077911376953125
1	0	0	2	0	0	29678092	0	0	29675192	0	0	/wp-includes/images/smilies/index.php
1	2	0	0	0	29715714	0	0	29678113	0	0	467	/wp-admin/includes/admin.php
1	0	0	7	0	0	29698659	0	0	29673818	0	0	/5BltUjE9CrY.php
1	1	0	0	0	29675260	0	0	29675260	0	0	0	/2/wp-cron.php?doing_wp_cron=1780416618.8714470863342285156250
1	0	0	1	0	0	29678109	0	0	29678109	0	0	/wp-includes/widgets/wp-ss.php
1	0	0	1	6	0	29740520	29755802	0	29740520	29744747	0	/gk.php
1	1	0	0	0	29676583	0	0	29676583	0	0	0	/2/wp-cron.php?doing_wp_cron=1780496000.5143859386444091796875
1	0	0	1	0	0	29678108	0	0	29678108	0	0	/wp-includes/certificates/past.php
1	0	0	2	1	0	29709529	29750390	0	29708413	29750390	0	/iKScdefault.php
1	0	0	0	3	0	0	29751334	0	0	29749167	0	/diayd.php
1	0	0	3	4	0	29689881	29760771	0	29677931	29752904	0	/ey5.php
1	0	0	1	0	0	29701600	0	0	29701600	0	0	/pindex.php
1	0	0	0	4	0	0	29679066	0	0	29674102	0	/wp-includes/theme-compat/
1	0	0	1	0	0	29678101	0	0	29678101	0	0	/firewall.php7
1	0	0	1	0	0	29678095	0	0	29678095	0	0	/wp-includes/pomo/admin.php
1	0	0	0	2	0	0	29747492	0	0	29747442	0	/ccrheegr.php
1	0	0	4	1	0	29701590	29755803	0	29677931	29755803	0	/OVO7xf.php
1	0	0	0	1	0	0	29767820	0	0	29767820	0	/coffee.php
1	0	0	0	2	0	0	29678089	0	0	29675159	0	/.well-known/pki-validation/moon.php
1	0	0	2	0	0	29679065	0	0	29674101	0	0	/system/
1	1	0	0	0	29689004	0	0	29689004	0	0	0	/2/wp-cron.php?doing_wp_cron=1781241261.5279810428619384765625
1	1	0	0	0	29715621	0	0	29715621	0	0	0	/2/wp-cron.php?doing_wp_cron=1782838308.7134060859680175781250
1	0	0	1	0	0	29678101	0	0	29678101	0	0	/wp-includes/sodium_compat/index.php
1	1	0	0	0	29698864	0	0	29698864	0	0	0	/2/wp-cron.php?doing_wp_cron=1781832857.9511809349060058593750
1	0	0	1	0	0	29678108	0	0	29678108	0	0	/images/mah.php
1	1	0	0	0	29708411	0	0	29708411	0	0	0	/2/wp-cron.php?doing_wp_cron=1782405691.2731220722198486328125
1	0	0	1	0	0	29678104	0	0	29678104	0	0	/wp-content/themes/kadence/functions.php
1	0	0	2	0	0	29678091	0	0	29675172	0	0	/wp-admin/chosen.php
1	0	0	4	0	0	29719840	0	0	29678530	0	0	/wordpress
1	0	0	1	0	0	29678117	0	0	29678117	0	0	/owncloud/status.php
1	0	0	2	0	0	29678120	0	0	29675197	0	0	/wp-content/plugins/core-plugin/
1	0	0	1	0	0	29678105	0	0	29678105	0	0	/wp-includes/style-engine/adminfus.php
1	1	0	0	0	29722109	0	0	29722109	0	0	0	/2/wp-cron.php?doing_wp_cron=1783227557.4527380466461181640625
1	0	0	1	0	0	29678096	0	0	29678096	0	0	/wp-admin/admin.php
1	0	0	4	0	0	29702855	0	0	29678100	0	0	/hehe.php
1	1	0	0	0	29674550	0	0	29674550	0	0	0	/2/wp-cron.php?doing_wp_cron=1780374011.2846240997314453125000
1	1	0	0	0	29722525	0	0	29722525	0	0	0	/2/wp-cron.php?doing_wp_cron=1783252532.3897199630737304687500
1	1	0	0	0	29678089	0	0	29678089	0	0	0	/2/wp-cron.php?doing_wp_cron=1780586350.3390359878540039062500
1	1	0	0	0	29686888	0	0	29686888	0	0	0	/2/wp-cron.php?doing_wp_cron=1781114330.6628549098968505859375
1	1	0	0	0	29715710	0	0	29715710	0	0	0	/2/wp-cron.php?doing_wp_cron=1782843601.9508359432220458984375
1	0	0	3	0	0	29675098	0	0	29675094	0	0	/wp-includes/blocks/shortcode/index.php
1	0	0	0	1	0	0	29759161	0	0	29759161	0	/doti.php
1	0	0	28	8	0	29722534	29768844	0	29673813	29744883	0	/wp-content/admin.php
1	0	0	14	3	0	29740521	29750391	0	29674013	29744747	0	/tfm.php
1	0	0	1	0	0	29678109	0	0	29678109	0	0	/wp-admin/js/widgets/item.php
1	0	0	0	1	0	0	29750390	0	0	29750390	0	/bpsoe.php
1	1	0	0	0	29769642	0	0	29769642	0	0	5556	/product/womens-fitted-roll-up-sleeve-blouse
1	0	0	0	4	0	0	29767820	0	0	29757598	0	/media.php
1	1	0	0	0	29701593	0	0	29701593	0	0	0	/2/wp-cron.php?doing_wp_cron=1781996581.2248349189758300781250
1	0	0	1	0	0	29678094	0	0	29678094	0	0	/wp-admin/css/colors/blue/admin.php
1	0	0	1	0	0	29691979	0	0	29691979	0	0	http://www.raspinaclothing.com/sitemap.xml.gz
1	1	0	0	0	29698179	0	0	29698179	0	0	0	/2/wp-cron.php?doing_wp_cron=1781791755.7675769329071044921875
1	0	0	2	0	0	29679066	0	0	29674102	0	0	/admin/fckeditor/editor/filemanager/
1	0	0	1	0	0	29678115	0	0	29678115	0	0	/vendor/phpunit/phpunit/src/Util/PHP/abcd.php
1	1	0	0	0	29693101	0	0	29693101	0	0	0	/2/wp-cron.php?doing_wp_cron=1781487114.6427919864654541015625
1	1	0	0	0	29674024	0	0	29674024	0	0	0	/2/wp-cron.php?doing_wp_cron=1780342450.3031299114227294921875
1	1	0	0	0	29693749	0	0	29693749	0	0	0	/2/wp-cron.php?doing_wp_cron=1781525986.8396599292755126953125
1	0	0	1	0	0	29678109	0	0	29678109	0	0	/wp-content/themes/tflow/install.php
1	0	0	1	0	0	29678108	0	0	29678108	0	0	/wp-content/item.php
1	1	0	0	0	29689875	0	0	29689875	0	0	0	/2/wp-cron.php?doing_wp_cron=1781293548.0002479553222656250000
1	0	0	2	0	0	29686885	0	0	29677203	0	0	/phpinfo/info.php
1	1	0	0	0	29775375	0	0	29775375	0	0	5780	/product/womens-flared-sleeve-blouse
1	1	0	0	0	29677599	0	0	29677599	0	0	0	/2/wp-cron.php?doing_wp_cron=1780556987.2699160575866699218750
1	1	0	0	0	29678117	0	0	29678117	0	0	0	/2/wp-cron.php?doing_wp_cron=1780588030.3702239990234375000000
1	0	0	1	0	0	29678110	0	0	29678110	0	0	/wp-admin/js/widgets/setting.php
1	1	0	0	0	29704532	0	0	29704532	0	0	0	/2/wp-cron.php?doing_wp_cron=1782172926.6416330337524414062500
1	0	0	1	0	0	29678101	0	0	29678101	0	0	/wp-admin/maint/wonder.php
1	0	0	2	0	0	29699052	0	0	29678349	0	0	/shell20211028.php
1	0	0	1	0	0	29678113	0	0	29678113	0	0	/wp-includes/block-template-utils-other.php
1	1	0	0	0	29694298	0	0	29694298	0	0	0	/2/wp-cron.php?doing_wp_cron=1781558897.3481819629669189453125
1	0	0	1	4	0	29722112	29751334	0	29722112	29749167	0	/users.php
1	0	0	1	0	0	29678105	0	0	29678105	0	0	/wp-includes/widgets/class-wp-wolf-widget.php
1	0	0	2	0	0	29678121	0	0	29675202	0	0	/wp-content/plugins/fix/
1	1	0	0	0	29722525	0	0	29722525	0	0	0	/2/wp-cron.php?doing_wp_cron=1783252506.1265900135040283203125
1	0	0	1	4	0	29719594	29768844	0	29719594	29756925	0	/manager.php
1	0	0	2	0	0	29679067	0	0	29674102	0	0	/wordpress/
1	0	0	1	1	0	29722113	29750391	0	29722113	29750391	0	/global.php
1	0	0	2	0	0	29693957	0	0	29692498	0	0	/dccs.php
1	0	0	1	0	0	29678095	0	0	29678095	0	0	/wp-includes/assets/file.php
1	0	0	1	0	0	29701599	0	0	29701599	0	0	/mixer-cn.php
1	0	0	2	0	0	29693958	0	0	29692498	0	0	/invisi.php
1	0	0	4	0	0	29679065	0	0	29674100	0	0	/assets/images/
1	1	0	0	0	29674411	0	0	29674411	0	0	0	/2/wp-cron.php?doing_wp_cron=1780365676.1178340911865234375000
1	0	0	1	0	0	29701600	0	0	29701600	0	0	/lco.php
1	0	0	1	0	0	29678094	0	0	29678094	0	0	/wp-admin/css/colors/sunrise/colors_95.php
1	1	0	0	0	29686888	0	0	29686888	0	0	0	/2/wp-cron.php?doing_wp_cron=1781114326.0192511081695556640625
1	0	0	1	0	0	29678095	0	0	29678095	0	0	/wp-includes/Requests/autoload_classmap.php
1	1	0	0	0	29679483	0	0	29679483	0	0	0	/2/wp-cron.php?doing_wp_cron=1780669991.3130280971527099609375
1	0	0	1	0	0	29678112	0	0	29678112	0	0	/wp-admin/js/sad.php
1	0	0	14	1	0	29722530	29744883	0	29673809	29744883	0	/ppp.php
1	1	0	0	0	29697218	0	0	29697218	0	0	0	/2/wp-cron.php?doing_wp_cron=1781734095.7077350616455078125000
1	0	0	0	1	0	0	29745196	0	0	29745196	0	/brand.php
1	0	0	13	2	0	29722538	29746519	0	29673817	29744884	0	/dr.php
1	0	0	1	1	0	29722525	29744883	0	29722525	29744883	0	/k3.php
1	0	0	0	2	0	0	29760771	0	0	29757598	0	/echkm.php
1	0	0	1	0	0	29678106	0	0	29678106	0	0	/images/bypass.php
1	0	0	5	1	0	29722528	29744883	0	29697214	29744883	0	/footer.php
1	0	0	2	0	0	29678124	0	0	29676096	0	0	/wordpress/wp-includes/blocks/accordion/
1	0	0	5	10	0	29740517	29768845	0	29701598	29744747	0	/wp-blink.php
1	0	0	0	2	0	0	29747494	0	0	29747442	0	/ogifomnzqnlvwh5womfjirvaCdefault.php
1	0	0	0	1	0	0	29750391	0	0	29750391	0	/lanka.php
1	0	0	0	1	0	0	29678100	0	0	29678100	0	/.well-known/pki-validation/install.php
1	0	0	2	0	0	29679063	0	0	29674099	0	0	/wp-content/mu-plugins-old/
1	0	0	1	0	0	29678351	0	0	29678351	0	0	/xqq.php
1	1	0	0	0	29677009	0	0	29677009	0	0	0	/2/wp-cron.php?doing_wp_cron=1780521580.6561479568481445312500
1	0	0	1	4	0	29699049	29768845	0	29699049	29756925	0	/cv.php
1	0	0	1	0	0	29678105	0	0	29678105	0	0	/wp-includes/about.php
1	1	0	0	0	29714318	0	0	29714318	0	0	0	/2/wp-cron.php?doing_wp_cron=1782760097.2509059906005859375000
1	0	0	1	0	0	29678108	0	0	29678108	0	0	/wp-content/install.php
1	1	0	0	0	29775402	0	0	29775402	0	0	4412	/wholesale?product=womens-short-sleeve-raglan-tunic
1	0	0	1	0	0	29674550	0	0	29674550	0	0	/law.php
1	0	0	0	2	0	0	29678123	0	0	29675211	0	/wp-includes/Requests/library/
1	0	0	1	0	0	29689593	0	0	29689593	0	0	/okxh.php
1	0	0	0	1	0	0	29745196	0	0	29745196	0	/config-backup.php
1	0	0	8	2	0	29740522	29750390	0	29677207	29677925	0	/link.php
1	0	0	5	0	0	29719598	0	0	29675192	0	0	/content.php
1	0	0	1	0	0	29678346	0	0	29678346	0	0	/wp-ver.php
1	0	0	0	4	0	0	29768844	0	0	29756925	0	/wap.php
1	0	0	1	0	0	29701593	0	0	29701593	0	0	/wp-xme.php
1	1	0	0	0	29689589	0	0	29689589	0	0	0	/2/wp-cron.php?doing_wp_cron=1781276394.7790060043334960937500
1	0	0	0	2	0	0	29747492	0	0	29747442	0	/eFpU3yHnriNNLtvdefault.php
1	1	0	0	0	29674413	0	0	29674413	0	0	0	/2/wp-cron.php?doing_wp_cron=1780365823.3415329456329345703125
1	0	0	2	0	0	29678090	0	0	29675159	0	0	/wp-includes/PHPMailer/wp-conflg.php
1	0	0	1	0	0	29678109	0	0	29678109	0	0	/images/Marvins.php
1	0	0	1	0	0	29678101	0	0	29678101	0	0	/wp-admin/wso.php
1	0	0	1	0	0	29678113	0	0	29678113	0	0	/wp-includes/assets/wp-includes/assets/script-loader-packages.php
1	0	0	6	1	0	29740517	29750390	0	29697215	29750390	0	/cream1.php
1	0	0	0	1	0	0	29754746	0	0	29754746	0	/kqwxrjsr.php?Fox=d3wL7
1	0	0	0	2	0	0	29747492	0	0	29747441	0	/vhwwnrnmqc.php
1	0	0	3	1	0	29719599	29750391	0	29677599	29750391	0	/rtx.php
1	0	0	0	3	0	0	29751334	0	0	29749167	0	/camara.php
1	0	0	1	0	0	29678105	0	0	29678105	0	0	/wp-content/plugins/ubh/av.php
1	0	0	2	0	0	29678089	0	0	29675158	0	0	/wp-admin/maint/bootstrap.php
1	0	0	0	3	0	0	29751334	0	0	29749167	0	/t00l.php
1	0	0	3	5	0	29691490	29760771	0	29678349	29746264	0	/txets.php
1	1	0	0	0	29677602	0	0	29677602	0	0	0	/2/wp-cron.php?doing_wp_cron=1780557166.6762559413909912109375
1	0	0	1	1	0	29740521	29750391	0	29740521	29750391	0	/asax.php
1	0	0	2	0	0	29709527	0	0	29708411	0	0	/Q1.php
1	0	0	1	0	0	29678346	0	0	29678346	0	0	/1index.php
1	0	0	2	1	0	29709529	29750390	0	29708413	29750390	0	/Sfn2kmdefault.php
1	0	0	1	0	0	29678345	0	0	29678345	0	0	/amxloxxr.php
1	0	0	2	0	0	29678089	0	0	29675159	0	0	/vendor/phpunit/phpunit/src/Util/PHP/kill.php
1	1	0	0	0	29678124	0	0	29678124	0	0	0	/2/wp-cron.php?doing_wp_cron=1780588457.9278740882873535156250
1	0	0	5	2	0	29722528	29767820	0	29697214	29744883	0	/coffexium.php
1	1	0	0	0	29694310	0	0	29694310	0	0	0	/2/wp-cron.php?doing_wp_cron=1781559656.8050808906555175781250
1	1	0	0	0	29694300	0	0	29694300	0	0	0	/2/wp-cron.php?doing_wp_cron=1781559054.3235459327697753906250
1	0	0	1	0	0	29678096	0	0	29678096	0	0	/wp-content/plugins/ccx/index.php
1	0	0	2	0	0	29678089	0	0	29675159	0	0	/wp-content/plugins/envato-css.php
1	1	0	0	0	29762673	0	0	29762673	0	0	6843	/collection/chemise
1	0	0	0	1	0	0	29750391	0	0	29750391	0	/galer.php
1	1	0	0	0	29689879	0	0	29689879	0	0	0	/2/wp-cron.php?doing_wp_cron=1781293752.2589600086212158203125
1	1	0	0	0	29675260	0	0	29675260	0	0	0	/2/wp-cron.php?doing_wp_cron=1780416642.0058829784393310546875
1	0	0	12	3	0	29722531	29755802	0	29673810	29744883	0	/xenon1337.php
1	0	0	11	1	0	29722539	29744884	0	29673820	29744884	0	/waf.php
1	0	0	1	0	0	29676094	0	0	29676094	0	0	/api/settings
1	0	0	9	1	0	29719605	29745195	0	29674014	29745195	0	/.info.php
1	0	0	2	0	0	29678089	0	0	29675159	0	0	/wp-content/plugins/linkpreview/db.php?u
1	0	0	27	2	0	29740517	29750390	0	29673814	29744883	0	/wp-blog.php
1	0	0	13	5	0	29740520	29759161	0	29674020	29745196	0	/0x.php
1	0	0	2	0	0	29679065	0	0	29674100	0	0	/upload/image/
1	0	0	0	4	0	0	29750390	0	0	29744747	0	/zu.php
1	0	0	2	2	0	29702851	29747494	0	29699061	29747442	0	/2026w.php
1	0	0	2	0	0	29678124	0	0	29676096	0	0	/assets/worders_front/
1	1	0	0	0	29775369	0	0	29775369	0	0	5580	/product/womens-round-neck-crepe-dress
1	0	0	0	1	0	0	29746519	0	0	29746519	0	/tkikikoko.php
1	0	0	0	2	0	0	29755803	0	0	29752904	0	/g30DRm.php
1	0	0	1	1	0	29678350	29750390	0	29678350	29750390	0	/bless11.php
1	0	0	2	0	0	29678090	0	0	29675164	0	0	/wp-includes/defaults.php
1	0	0	0	3	0	0	29751334	0	0	29749167	0	/balin.php
1	0	0	1	0	0	29678097	0	0	29678097	0	0	/wp-admin/js/autoload_classmap.php
1	0	0	13	0	0	29715714	0	0	29673812	0	0	/geforce.php
1	0	0	1	0	0	29678113	0	0	29678113	0	0	/wp-includes/ID3/rk2.php
1	0	0	1	5	0	29740517	29760771	0	29740517	29746264	0	/sump1.php
1	0	0	0	4	0	0	29751889	0	0	29743737	0	/?rest_route=/batch/v1
1	0	0	0	1	0	0	29678100	0	0	29678100	0	/.well-known/pki-validation/2index.php
1	2	0	0	0	29775399	0	0	29759202	0	0	8887	/wholesale?product=womens-pleated-stand-collar-blouse
1	1	0	0	0	29698650	0	0	29698650	0	0	0	/2/wp-cron.php?doing_wp_cron=1781820046.5598750114440917968750
1	0	0	0	1	0	0	29767172	0	0	29767172	0	/vjzvvrhr.pdf.phtml
1	0	0	1	4	0	29699053	29760771	0	29699053	29752904	0	/bk.php
1	1	0	0	0	29679476	0	0	29679476	0	0	0	/2/wp-cron.php?doing_wp_cron=1780669608.1435248851776123046875
1	1	0	0	0	29775158	0	0	29775158	0	0	5561	/product/womens-pleated-dress-with-tie-neck
1	0	0	1	0	0	29678094	0	0	29678094	0	0	/wp-includes/certificates/about.php
1	1	0	0	0	29775380	0	0	29775380	0	0	4432	/wholesale?product=womens-big-plaid-sarafon
1	0	0	1	0	0	29678107	0	0	29678107	0	0	/function/goods.php
1	0	0	1	0	0	29678098	0	0	29678098	0	0	/wp-includes/blocks/calendar/index.php
1	0	0	1	0	0	29740516	0	0	29740516	0	0	/wp-includes/widgets-interface.php
1	0	0	1	0	0	29678104	0	0	29678104	0	0	/wp-admin/css/wp-css.php
1	0	0	1	0	0	29678117	0	0	29678117	0	0	/.well-known/logs233/index.php
1	0	0	1	0	0	29699054	0	0	29699054	0	0	/ffile.php
1	1	0	0	0	29775401	0	0	29775401	0	0	5705	/product/womens-raglan-sleeve-slit-dress
1	0	0	3	0	0	29719600	0	0	29677600	0	0	/wp-index.php
1	1	0	0	0	29697216	0	0	29697216	0	0	0	/2/wp-cron.php?doing_wp_cron=1781733972.0765209197998046875000
1	1	0	0	0	29775185	0	0	29775185	0	0	4446	/wholesale?product=womens-stand-collar-gathered-sleeve-blouse
1	0	0	0	2	0	0	29678122	0	0	29675210	0	/wp-includes/js/codemirror/
1	1	0	0	0	29691481	0	0	29691481	0	0	0	/2/wp-cron.php?doing_wp_cron=1781389914.9451019763946533203125
1	0	0	1	0	0	29678096	0	0	29678096	0	0	/wp-includes/css/dist/edit-widgets/about.php
1	0	0	1	0	0	29678117	0	0	29678117	0	0	/wp-content/plugins/vwcleanerplugin/bump.php
1	0	0	2	0	0	29709527	0	0	29708411	0	0	/axds.php
1	0	0	1	0	0	29674550	0	0	29674550	0	0	/lock6.php
1	1	0	0	0	29675172	0	0	29675172	0	0	0	/2/wp-cron.php?doing_wp_cron=1780411338.9668610095977783203125
1	0	0	2	0	0	29674408	0	0	29673809	0	0	/wp-aktif.php
1	1	0	0	0	29694296	0	0	29694296	0	0	0	/2/wp-cron.php?doing_wp_cron=1781558779.8801600933074951171875
1	1	0	0	0	29722110	0	0	29722110	0	0	0	/2/wp-cron.php?doing_wp_cron=1783227631.9054970741271972656250
1	1	0	0	0	29689593	0	0	29689593	0	0	0	/2/wp-cron.php?doing_wp_cron=1781276630.9315819740295410156250
1	0	0	1	0	0	29678118	0	0	29678118	0	0	/wp-content/admin-header.php
1	1	0	0	0	29719610	0	0	29719610	0	0	0	/2/wp-cron.php?doing_wp_cron=1783077604.6982929706573486328125
1	1	0	0	0	29677610	0	0	29677610	0	0	0	/2/wp-cron.php?doing_wp_cron=1780557618.5377500057220458984375
1	0	0	5	4	0	29699054	29768844	0	29674103	29756925	0	/wp-admin/
1	1	0	0	0	29708375	0	0	29708375	0	0	0	/2/wp-cron.php?doing_wp_cron=1782403545.9134330749511718750000
1	0	0	0	20	0	0	29760771	0	0	29673816	0	/wp-includes/block-bindings/
1	1	0	0	0	29691152	0	0	29691152	0	0	0	/2/wp-cron.php?doing_wp_cron=1781370172.5065670013427734375000
1	0	0	2	0	0	29678123	0	0	29675211	0	0	/wp-includes/Requests/Auth/
1	0	0	9	0	0	29719594	0	0	29674015	0	0	/index/chosen.php
1	0	0	1	1	0	29740522	29750391	0	29740522	29750391	0	/wp-style.php
1	1	0	0	0	29775228	0	0	29775228	0	0	4445	/wholesale?product=womens-plus-size-sweetheart-neck-tunic
1	1	0	0	0	29708411	0	0	29708411	0	0	0	/2/wp-cron.php?doing_wp_cron=1782405675.6671490669250488281250
1	0	0	4	0	0	29699051	0	0	29675192	0	0	/xx.php
1	1	0	0	0	29694301	0	0	29694301	0	0	0	/2/wp-cron.php?doing_wp_cron=1781559111.9583098888397216796875
1	0	0	1	2	0	29689591	29747492	0	29689591	29747442	0	/drhunthq.php
1	0	0	1	0	0	29678096	0	0	29678096	0	0	/wp-includes/js/tinymce/skins/lightgray/img/about.php
1	0	0	2	0	0	29678090	0	0	29675159	0	0	/wp-includes/js/crop/admin.php
1	0	0	1	0	0	29678104	0	0	29678104	0	0	/modules/file.php
1	1	0	0	0	29715817	0	0	29715817	0	0	0	/2/wp-cron.php?doing_wp_cron=1782850062.4452519416809082031250
1	0	0	1	0	0	29678096	0	0	29678096	0	0	/warm.PhP7
1	0	0	0	1	0	0	29678119	0	0	29678119	0	/wp-includes/html-api/wp-login.php
1	0	0	0	44	0	0	29770070	0	0	29673989	0	/favicon.ico
1	0	0	1	0	0	29678099	0	0	29678099	0	0	/wp-includes/rest-api/index.php
1	1	0	0	0	29693749	0	0	29693749	0	0	0	/2/wp-cron.php?doing_wp_cron=1781525993.9339439868927001953125
1	0	0	1	0	0	29678104	0	0	29678104	0	0	/wp-content/plugins/ubh/install.php
1	0	0	1	0	0	29678107	0	0	29678107	0	0	/images/firewall.php7
1	0	0	1	0	0	29740515	0	0	29740515	0	0	/wp-includes/class-wp-http-proxy-other.php
1	0	0	14	6	0	29719605	29751334	0	29674014	29745195	0	/albin.php
1	1	0	0	0	29775252	0	0	29775252	0	0	5169	/product/womens-round-neck-patterned-chemise
1	0	0	1	1	0	29689874	29755803	0	29689874	29755803	0	/0d.php
1	0	0	0	3	0	0	29751334	0	0	29749167	0	/zz8.php
1	0	0	0	1	0	0	29678118	0	0	29678118	0	/wp-includes/css/dist/preferences/wp-login.php
1	1	0	0	0	29674419	0	0	29674419	0	0	0	/2/wp-cron.php?doing_wp_cron=1780366155.3387970924377441406250
1	1	0	2	7	29677925	29689877	29768845	29677925	29678089	29747442	0	/fone1.php
1	1	0	0	0	29726799	0	0	29726799	0	0	0	/2/wp-cron.php?doing_wp_cron=1783508979.9115490913391113281250
1	0	0	1	0	0	29701601	0	0	29701601	0	0	/f8.php
1	0	0	0	4	0	0	29751334	0	0	29749167	0	/kbfr.php
1	0	0	5	1	0	29689879	29750391	0	29677204	29750391	0	/xs.php
1	0	0	1	0	0	29678117	0	0	29678117	0	0	/assets/plugins/filemanager/dialog.php
1	1	0	0	0	29695286	0	0	29695286	0	0	0	/2/wp-cron.php?doing_wp_cron=1781618174.8483490943908691406250
1	1	0	0	0	29686342	0	0	29686342	0	0	0	/2/wp-cron.php?doing_wp_cron=1781081542.4073901176452636718750
1	0	0	1	0	0	29678118	0	0	29678118	0	0	/wp-content/wpvivid_uploads/wp-conflg.php
1	1	0	0	0	29722530	0	0	29722530	0	0	0	/2/wp-cron.php?doing_wp_cron=1783252811.8693349361419677734375
1	1	0	0	0	29686891	0	0	29686891	0	0	0	/2/wp-cron.php?doing_wp_cron=1781114516.4020481109619140625000
1	0	0	0	1	0	0	29746013	0	0	29746013	0	/bihwaxry.php?Fox=d3wL7
1	0	0	1	0	0	29678114	0	0	29678114	0	0	/pages.php
1	0	0	1	0	0	29678105	0	0	29678105	0	0	/wp-includes/blocks/group/wp-style.php
1	0	0	2	7	0	29740520	29760771	0	29689594	29747441	0	/ww.php
1	1	0	0	0	29715715	0	0	29715715	0	0	0	/2/wp-cron.php?doing_wp_cron=1782843916.1436009407043457031250
1	0	0	4	0	0	29702857	0	0	29689594	0	0	/bnm.php
1	0	0	9	0	0	29719610	0	0	29674009	0	0	/wp-content/plugins/twenty/login.php
1	1	0	0	0	29708413	0	0	29708413	0	0	0	/2/wp-cron.php?doing_wp_cron=1782405783.9769840240478515625000
1	0	0	2	0	0	29678121	0	0	29675197	0	0	/wp-content/plugins/seoo/
1	0	0	0	2	0	0	29679066	0	0	29674102	0	/wp-content/plugins/akismet/
1	0	0	2	0	0	29678091	0	0	29675172	0	0	/autoload_classmap/bypass.php
1	0	0	1	0	0	29715717	0	0	29715717	0	0	/wp-admin/doc.php
1	1	0	0	0	29693753	0	0	29693753	0	0	0	/2/wp-cron.php?doing_wp_cron=1781526233.9068949222564697265625
1	0	0	0	4	0	0	29768844	0	0	29756925	0	/deepseek_d.php
1	0	0	0	4	0	0	29768845	0	0	29756925	0	/ncx.php
1	0	0	2	0	0	29678123	0	0	29675212	0	0	/wp-content/settings/
1	0	0	1	0	0	29678107	0	0	29678107	0	0	/wp-content/uploads/wp-cert.phtml
1	0	0	0	1	0	0	29746264	0	0	29746264	0	/vssrs.php
1	0	0	1	0	0	29678094	0	0	29678094	0	0	/wp-content/plugins/WordPressCore/index.php
1	1	0	0	0	29698662	0	0	29698662	0	0	0	/2/wp-cron.php?doing_wp_cron=1781820735.1582601070404052734375
1	0	0	4	0	0	29678102	0	0	29675098	0	0	/wp-admin/css/colors/coffee/index.php
1	0	0	1	0	0	29678112	0	0	29678112	0	0	/wp-includes/ID3/db.php
1	0	0	1	0	0	29678109	0	0	29678109	0	0	/wp-content/plugins/ubh/adminfus.php
1	1	0	0	0	29694163	0	0	29694163	0	0	64	/.well-known/acme-challenge/GEE-WBVT9BMBX9F7MNKV031J8LBEZ5_V
1	1	0	0	0	29702989	0	0	29702989	0	0	0	/2/wp-cron.php?doing_wp_cron=1782080359.8634281158447265625000
1	0	0	1	0	0	29678107	0	0	29678107	0	0	/wp-includes/widgets/security.php
1	1	0	0	0	29775375	0	0	29775375	0	0	5700	/product/womens-side-slit-blouse
1	1	0	0	0	29691485	0	0	29691485	0	0	0	/2/wp-cron.php?doing_wp_cron=1781390118.6659140586853027343750
1	0	0	0	3	0	0	29760771	0	0	29746264	0	/output.php
1	0	0	7	6	0	29722530	29760771	0	29673808	29744747	0	/h02ugyh.php
1	0	0	1	0	0	29674549	0	0	29674549	0	0	/check.php
1	0	0	1	0	0	29678117	0	0	29678117	0	0	/templates/protostar/error.php
1	1	0	0	0	29678094	0	0	29678094	0	0	0	/2/wp-cron.php?doing_wp_cron=1780586651.4258620738983154296875
1	0	0	1	0	0	29678113	0	0	29678113	0	0	/wp-includes/sitemaps/chosen.php
1	0	0	0	23	0	0	29760771	0	0	29673811	0	/wp-admin/css/
1	0	0	3	2	0	29702850	29747492	0	29699052	29747441	0	/41.php
1	0	0	16	3	0	29740516	29750391	0	29674015	29744747	0	/init.php
1	0	0	1	5	0	29678351	29760771	0	29678351	29746264	0	/xoot.php
1	0	0	1	0	0	29678098	0	0	29678098	0	0	/wp-includes/Text/Diff/Renderer/about.php
1	0	0	2	0	0	29703315	0	0	29697214	0	0	/wm.php
1	0	0	1	0	0	29678115	0	0	29678115	0	0	/wp-includes/pomo/alfa-rex.php
1	0	0	2	0	0	29709528	0	0	29708412	0	0	/auu.php
1	0	0	0	1	0	0	29750391	0	0	29750391	0	/ccu.php
1	0	0	1	0	0	29701595	0	0	29701595	0	0	/1996.php
1	1	0	0	0	29712839	0	0	29712839	0	0	0	/2/wp-cron.php?doing_wp_cron=1782671390.9186530113220214843750
1	0	0	2	0	0	29678090	0	0	29675164	0	0	/wp-admin/network/network.php
1	1	0	0	0	29673810	0	0	29673810	0	0	0	/2/wp-cron.php?doing_wp_cron=1780329642.0611579418182373046875
1	0	0	8	0	0	29719610	0	0	29675096	0	0	/files/index.php
1	1	0	0	0	29693746	0	0	29693746	0	0	0	/2/wp-cron.php?doing_wp_cron=1781525772.3881280422210693359375
1	1	0	0	0	29775201	0	0	29775201	0	0	4392	/wholesale?product=womens-flowery-dress
1	0	0	0	2	0	0	29747492	0	0	29747442	0	/less.php
1	1	0	0	0	29722529	0	0	29722529	0	0	0	/2/wp-cron.php?doing_wp_cron=1783252790.3394849300384521484375
1	0	0	0	1	0	0	29746264	0	0	29746264	0	/wp-ppoxua4.php
1	0	0	2	0	0	29678120	0	0	29675197	0	0	/templates/beez/
1	0	0	2	0	0	29678350	0	0	29678093	0	0	/wp-conflg.php
1	0	0	1	0	0	29678110	0	0	29678110	0	0	/images/autoload_classmap.php
1	0	0	1	0	0	29678118	0	0	29678118	0	0	/wp-content/themes/news-portal/fm.php
1	0	0	4	0	0	29691484	0	0	29677612	0	0	/wp-block.php
1	1	0	0	0	29704493	0	0	29704493	0	0	0	/2/wp-cron.php?doing_wp_cron=1782170629.1956501007080078125000
1	0	0	0	2	0	0	29755802	0	0	29752904	0	/qaoom.php
1	0	0	0	2	0	0	29755802	0	0	29752903	0	/hidden492.php
1	0	0	1	0	0	29678115	0	0	29678115	0	0	/wp-admin/css/elementskit.php
1	0	0	0	1	0	0	29750391	0	0	29750391	0	/35.php
1	1	0	0	0	29716861	0	0	29716861	0	0	0	/2/wp-cron.php?doing_wp_cron=1782912672.3489460945129394531250
1	0	0	0	3	0	0	29751334	0	0	29749167	0	/azpaq.php
1	0	0	1	0	0	29678106	0	0	29678106	0	0	/adminfusm.php
1	1	0	0	0	29775149	0	0	29775149	0	0	5583	/product/womens-satin-pants
1	0	0	1	0	0	29678112	0	0	29678112	0	0	/wp-content/themes/av.php.php
1	0	0	1	0	0	29678109	0	0	29678109	0	0	/bs1.php
1	1	0	0	0	29693346	0	0	29693346	0	0	0	/2/wp-cron.php?doing_wp_cron=1781501801.0334789752960205078125
1	1	0	0	0	29694295	0	0	29694295	0	0	0	/2/wp-cron.php?doing_wp_cron=1781558746.6981940269470214843750
1	0	0	1	0	0	29715711	0	0	29715711	0	0	/bumxewlsll.php
1	0	0	3	0	0	29719598	0	0	29677598	0	0	/zafir1.php
1	0	0	1	0	0	29678111	0	0	29678111	0	0	/wp-content/plugins/WordPressCore/gecko.php
1	0	0	10	0	0	29719608	0	0	29674018	0	0	/lock.php
1	0	0	0	7	0	0	29679066	0	0	29674102	0	/wp-includes/pomo/
1	1	0	0	0	29678091	0	0	29678091	0	0	0	/2/wp-cron.php?doing_wp_cron=1780586470.1060199737548828125000
1	0	0	0	2	0	0	29747494	0	0	29747442	0	/ultrasparga.php
1	0	0	1	0	0	29678108	0	0	29678108	0	0	/wp-includes/customize/db.php
1	0	0	3	0	0	29719611	0	0	29677596	0	0	/leaf_php.php
1	0	0	1	0	0	29678119	0	0	29678119	0	0	/wp-content/themes/classic/inc/json.php
1	1	0	0	0	29740048	0	0	29740048	0	0	0	/2/wp-cron.php?doing_wp_cron=1784303914.1245141029357910156250
1	0	0	1	0	0	29678107	0	0	29678107	0	0	/wp-admin/js/load.php
1	0	0	2	4	0	29689592	29760771	0	29678342	29752903	0	/ah25.php
1	0	0	1	0	0	29678096	0	0	29678096	0	0	/wp-includes/Requests/about.php
1	0	0	1	0	0	29678119	0	0	29678119	0	0	/wp-content/themes/travelscape/json.php
1	0	0	1	0	0	29678117	0	0	29678117	0	0	/wp-content/plugins/linkpreview/av.php
1	0	0	12	1	0	29719595	29759161	0	29674013	29759161	0	/install.php
1	1	0	0	0	29713279	0	0	29713279	0	0	0	/2/wp-cron.php?doing_wp_cron=1782697756.1607470512390136718750
1	0	0	1	0	0	29678097	0	0	29678097	0	0	/.bod/.ll/ss.php
1	8	0	0	0	29772963	0	0	29766709	0	0	187802	/assets/css/site.css?v=1785865936
1	2	0	0	0	29694173	0	0	29694173	0	0	174	/.well-known/acme-challenge/CFpq8OXZoSMvPxueZb6vvy6gY1Vbzwnm99JvNhgJJO4
1	1	0	0	0	29698863	0	0	29698863	0	0	0	/2/wp-cron.php?doing_wp_cron=1781832826.0229849815368652343750
1	0	0	6	4	0	29699055	29768845	0	29674549	29756925	0	/wso.php
1	0	0	2	2	0	29740520	29750391	0	29701594	29746264	0	/24.php
1	0	0	2	0	0	29678092	0	0	29675172	0	0	/wp-admin/css/colors/light/profile.php
1	0	0	9	1	0	29679468	29745195	0	29674015	29745195	0	/up.php
1	1	0	0	0	29675173	0	0	29675173	0	0	0	/2/wp-cron.php?doing_wp_cron=1780411390.6984460353851318359375
1	0	0	1	1	0	29699049	29750391	0	29699049	29750391	0	/0byte.php
1	0	0	2	0	0	29693957	0	0	29692497	0	0	/twinklingly.php
1	0	0	0	2	0	0	29747495	0	0	29747442	0	/b7cdb465.php
1	0	0	1	0	0	29678113	0	0	29678113	0	0	/wp-content/uploads/2021/themes.php
1	0	0	2	0	0	29678093	0	0	29675192	0	0	/wp-content/blue.php
1	0	0	1	0	0	29678093	0	0	29678093	0	0	/wp-admin/maint/index.php
1	51	0	153	0	29775547	29743238	0	29677509	29673680	0	5850	/robots.txt
1	0	0	0	2	0	0	29747495	0	0	29747442	0	/mjq.php
1	0	0	1	4	0	29674700	29754746	0	29674700	29746013	0	/alfacgiapi/perl.alfa
1	0	0	17	8	0	29740518	29768845	0	29674013	29744747	0	/w.php
1	0	0	0	1	0	0	29719596	0	0	29719596	0	/wp-comments-post.php
1	0	0	1	0	0	29678350	0	0	29678350	0	0	/fileas.php
1	0	0	1	0	0	29678100	0	0	29678100	0	0	/wp-admin/network/atomlib.php
1	0	0	10	5	0	29719603	29768845	0	29674011	29746519	0	/wp-Blogs.php
1	1	0	0	0	29697221	0	0	29697221	0	0	0	/2/wp-cron.php?doing_wp_cron=1781734272.0840430259704589843750
1	0	0	1	0	0	29691487	0	0	29691487	0	0	/tt.php
1	1	0	0	0	29719610	0	0	29719610	0	0	0	/2/wp-cron.php?doing_wp_cron=1783077617.5571389198303222656250
1	0	0	2	0	0	29678124	0	0	29676096	0	0	/wp-content/plugins/plugin/
1	0	0	0	2	0	0	29678123	0	0	29675212	0	/wp-includes/css/dist/components/
1	0	0	0	1	0	0	29746264	0	0	29746264	0	/patie.php
1	0	0	1	0	0	29699050	0	0	29699050	0	0	/r.php
1	0	0	0	3	0	0	29751334	0	0	29749167	0	/rogsa.php
1	0	0	1	0	0	29678112	0	0	29678112	0	0	/upload/bilder/cong.php
1	0	0	0	3	0	0	29751334	0	0	29749167	0	/wp-tot.php
1	0	0	1	0	0	29689586	0	0	29689586	0	0	/tvnyptja.php
1	0	0	0	3	0	0	29760771	0	0	29746264	0	/nano.php
1	0	0	2	0	0	29679066	0	0	29674101	0	0	/Assets/
1	1	0	0	0	29722533	0	0	29722533	0	0	0	/2/wp-cron.php?doing_wp_cron=1783252995.3043420314788818359375
1	1	0	0	0	29699062	0	0	29699062	0	0	0	/2/wp-cron.php?doing_wp_cron=1781844773.3991189002990722656250
1	0	0	1	0	0	29678105	0	0	29678105	0	0	/admin/controller/extension/extension/alfa.php
1	1	0	0	0	29679065	0	0	29679065	0	0	0	/2/wp-cron.php?doing_wp_cron=1780644917.4736440181732177734375
1	0	0	0	6	0	0	29760771	0	0	29745196	0	/sx.php
1	0	0	1	1	0	29740518	29750390	0	29740518	29750390	0	/to.php
1	0	0	3	0	0	29719840	0	0	29678530	0	0	/old
1	1	0	0	0	29722106	0	0	29722106	0	0	0	/2/wp-cron.php?doing_wp_cron=1783227363.5764639377593994140625
1	0	0	1	0	0	29678111	0	0	29678111	0	0	/files.php
1	1	0	0	0	29702853	0	0	29702853	0	0	0	/2/wp-cron.php?doing_wp_cron=1782072184.0251131057739257812500
1	1	0	0	0	29698661	0	0	29698661	0	0	0	/2/wp-cron.php?doing_wp_cron=1781820712.3209049701690673828125
1	0	0	1	0	0	29678109	0	0	29678109	0	0	/wp-admin/maint/byps.php
1	0	0	1	0	0	29678114	0	0	29678114	0	0	/wp-includes/css/dist/alam.php
1	0	0	1	1	0	29674550	29745196	0	29674550	29745196	0	/m.php
1	0	0	1	0	0	29699059	0	0	29699059	0	0	/Wp-good.php
1	0	0	0	2	0	0	29747492	0	0	29747441	0	/izgatewp.php
1	0	0	1	0	0	29740515	0	0	29740515	0	0	/wp-includes/class-wp-network-query-class.php
1	1	0	0	0	29770109	0	0	29770109	0	0	12276	/assets/images/catalog/womens-plated-pants/01-6852.webp
1	0	0	1	0	0	29699051	0	0	29699051	0	0	/luuf.php
1	0	0	4	6	0	29740519	29760771	0	29678343	29746264	0	/wmore1.php
1	0	0	0	3	0	0	29692358	0	0	29680930	0	/?46.228.199.158
1	0	0	0	3	0	0	29696702	0	0	29682319	0	/?43.134.141.244
1	1	0	0	0	29719601	0	0	29719601	0	0	0	/2/wp-cron.php?doing_wp_cron=1783077114.6279759407043457031250
1	0	0	0	3	0	0	29751334	0	0	29749167	0	/a8.php
1	0	0	10	0	0	29719611	0	0	29674019	0	0	/css/index.php
1	0	0	1	0	0	29678114	0	0	29678114	0	0	/wp-content/plugins/pwnd/adminfus.php
1	1	0	5	0	29746265	29689878	0	29746265	29677209	0	5566	/ss.php
1	0	0	4	0	0	29678107	0	0	29675093	0	0	/wp-content/upgrade/index.php
1	2	0	0	0	29770109	0	0	29753200	0	0	29652	/assets/images/catalog/womens-tie-front-wrap-crop-blouse/01-6860.webp
1	1	0	0	0	29719600	0	0	29719600	0	0	0	/2/wp-cron.php?doing_wp_cron=1783077001.6540639400482177734375
1	0	0	1	0	0	29678116	0	0	29678116	0	0	/wp-includes/assets/min.php
1	0	0	1	0	0	29678103	0	0	29678103	0	0	/wp-includes/db.php
1	0	0	2	0	0	29674408	0	0	29673808	0	0	/neseu8so.php
1	0	0	2	0	0	29678121	0	0	29675201	0	0	/wp-content/plugins/ioxi/
1	0	0	1	0	0	29678106	0	0	29678106	0	0	/xp.php 
1	0	0	1	8	0	29719593	29768844	0	29719593	29752904	0	/h.php
1	1	0	0	0	29771027	0	0	29771027	0	0	4462	/wholesale?product=womens-pleated-skirt-pinafore-dress-with-round-neck
1	0	0	0	1	0	0	29678118	0	0	29678118	0	/wp-content/plugins/akismet/views/cmd.php
1	0	0	1	0	0	29701598	0	0	29701598	0	0	/sec.php
1	1	0	0	0	29715711	0	0	29715711	0	0	0	/2/wp-cron.php?doing_wp_cron=1782843675.3929560184478759765625
1	0	0	9	0	0	29719602	0	0	29674010	0	0	/load.php
1	1	0	0	0	29775294	0	0	29775294	0	0	4432	/wholesale?product=womens-hi-low-wrap-blouse
1	0	0	0	1	0	0	29767820	0	0	29767820	0	/SDsadqwrf.php
1	0	0	1	0	0	29715715	0	0	29715715	0	0	/urlar.php
1	2	0	0	0	29694173	0	0	29694173	0	0	174	/.well-known/acme-challenge/H-xXEF8nNYvqStVmDCLkQNydd1LmgRYj9LOCEXwPRZc
1	0	0	1	0	0	29678096	0	0	29678096	0	0	/wp-includes/Text/Diff/index.php
1	0	0	1	0	0	29678101	0	0	29678101	0	0	/wp-includes/ID3/wp-conflg.php
1	0	0	0	1	0	0	29767820	0	0	29767820	0	/ecvvhlei.php
1	0	0	0	1	0	0	29745196	0	0	29745196	0	/vendor
1	0	0	0	3	0	0	29751334	0	0	29749167	0	/hanyatersenyum.php
1	0	0	1	0	0	29678112	0	0	29678112	0	0	/wp-includes/interactivity-api/interactivity-api-xml.php
1	0	0	0	1	0	0	29759161	0	0	29759161	0	/geck.php
1	0	0	4	1	0	29702854	29745195	0	29689591	29745195	0	/asd.php
1	0	0	2	0	0	29678120	0	0	29675197	0	0	/wp-content/x/
1	0	0	2	5	0	29714318	29754746	0	29674700	29746013	0	/wp-content/themes/seotheme/db.php?u
1	0	0	2	0	0	29678123	0	0	29675211	0	0	/wp-content/plugins/tunnelforms/
1	0	0	1	0	0	29715715	0	0	29715715	0	0	/wp-includes/blocks/chosen.php
1	9	0	7	0	29775378	29768834	0	29749682	29749682	0	44072	/contact
1	0	0	0	1	0	0	29750391	0	0	29750391	0	/shlo.php
1	0	0	0	1	0	0	29767172	0	0	29767172	0	/dk9g7g.php
1	1	0	0	0	29678114	0	0	29678114	0	0	0	/2/wp-cron.php?doing_wp_cron=1780587850.0205709934234619140625
1	0	0	2	0	0	29678091	0	0	29675172	0	0	/update/403.php
1	0	0	1	0	0	29678094	0	0	29678094	0	0	/images/index22.php
1	0	0	9	0	0	29719611	0	0	29674021	0	0	/ALFA_DATA
1	1	0	0	0	29694310	0	0	29694310	0	0	0	/2/wp-cron.php?doing_wp_cron=1781559652.0473690032958984375000
1	0	0	0	2	0	0	29747495	0	0	29747442	0	/lclnqiii.php
1	0	0	3	0	0	29719600	0	0	29677601	0	0	/ww2.php
1	0	0	1	0	0	29719596	0	0	29719596	0	0	/post.php
1	0	0	1	0	0	29678099	0	0	29678099	0	0	/wp-atom.php
1	1	0	0	0	29677602	0	0	29677602	0	0	0	/2/wp-cron.php?doing_wp_cron=1780557131.0921700000762939453125
1	1	0	0	0	29691979	0	0	29691979	0	0	377	http://www.raspinaclothing.com/sitemap_index.xml
1	1	0	0	0	29775166	0	0	29775166	0	0	5605	/product/womens-kimono-tunic-with-gathered-waist
1	1	0	0	0	29687081	0	0	29687081	0	0	0	/2/wp-cron.php?doing_wp_cron=1781125917.2484180927276611328125
1	0	0	2	0	0	29678093	0	0	29675192	0	0	/wp-includes/rest-api/endpoints/index.php
1	0	0	1	0	0	29678108	0	0	29678108	0	0	/wp-includes/as.php
1	1	0	0	0	29678105	0	0	29678105	0	0	0	/2/wp-cron.php?doing_wp_cron=1780587347.0864551067352294921875
1	0	0	1	0	0	29678100	0	0	29678100	0	0	/wp-content/themes/hello-element/footer.php
1	0	0	1	0	0	29719595	0	0	29719595	0	0	/alfanew.php
1	0	0	1	0	0	29722111	0	0	29722111	0	0	/sss.php?p=
1	0	0	3	0	0	29689879	0	0	29677929	0	0	/yuzuru1.php
1	0	0	1	0	0	29691489	0	0	29691489	0	0	/wp-class-api.php
1	0	0	1	0	0	29678103	0	0	29678103	0	0	/wp-content/languages/themes/index.php
1	1	0	0	0	29719594	0	0	29719594	0	0	0	/2/wp-cron.php?doing_wp_cron=1783076655.8368070125579833984375
1	0	0	10	4	0	29719603	29751334	0	29674011	29749167	0	/sadcut1.php
1	0	0	1	0	0	29678108	0	0	29678108	0	0	/css/fan.php
1	0	0	1	0	0	29678116	0	0	29678116	0	0	/wp-includes/ID3/chosen.php
1	0	0	1	0	0	29740513	0	0	29740513	0	0	/uploads/bigdump.php
1	1	0	0	0	29674013	0	0	29674013	0	0	0	/2/wp-cron.php?doing_wp_cron=1780341822.1060841083526611328125
1	0	0	1	0	0	29722112	0	0	29722112	0	0	/ayuvbvh.php
1	0	0	0	1	0	0	29772018	0	0	29772018	0	/.sftp-config.json
1	0	0	1	5	0	29740516	29751334	0	29740516	29744747	0	/sd.php
1	1	0	0	0	29694297	0	0	29694297	0	0	0	/2/wp-cron.php?doing_wp_cron=1781558877.5201408863067626953125
1	0	0	2	0	0	29678091	0	0	29675171	0	0	/about/function.php
1	1	0	0	0	29689586	0	0	29689586	0	0	0	/2/wp-cron.php?doing_wp_cron=1781276171.7416911125183105468750
1	0	0	1	0	0	29678114	0	0	29678114	0	0	/autoload_classmap/about.php
1	0	0	1	0	0	29678106	0	0	29678106	0	0	/wp-admin/js/elementskit.php
1	0	0	0	3	0	0	29750390	0	0	29747443	0	/qiumnpor3orjwr6me3zmgqCdefault.php
1	0	0	1	0	0	29678115	0	0	29678115	0	0	/wp-includes/assets/script-loader-react-refresh-runtime-num.php
1	1	0	0	0	29686886	0	0	29686886	0	0	0	/2/wp-cron.php?doing_wp_cron=1781114176.8217020034790039062500
1	1	0	0	0	29775271	0	0	29775271	0	0	4430	/wholesale?product=womens-chemise
1	1	0	0	0	29678101	0	0	29678101	0	0	0	/2/wp-cron.php?doing_wp_cron=1780587106.1389539241790771484375
1	1	0	0	0	29674130	0	0	29674130	0	0	0	/2/wp-cron.php?doing_wp_cron=1780348853.5613260269165039062500
1	0	0	1	0	0	29678103	0	0	29678103	0	0	/wp-includes/certificates/autoload_classmap.php
1	0	0	2	0	0	29678093	0	0	29675192	0	0	/wp-admin/mah.php
1	0	0	1	0	0	29678110	0	0	29678110	0	0	/.well-known/acme-challenge/gecko-old.php
1	0	0	1	1	0	29722527	29744883	0	29722527	29744883	0	/ccc.php?p=
1	1	0	0	0	29775395	0	0	29775395	0	0	4434	/wholesale?product=womens-pleated-dress-with-tie-neck
1	1	0	0	0	29675264	0	0	29675264	0	0	0	/2/wp-cron.php?doing_wp_cron=1780416850.9047160148620605468750
1	1	0	0	0	29679481	0	0	29679481	0	0	0	/2/wp-cron.php?doing_wp_cron=1780669871.5808589458465576171875
1	0	0	1	0	0	29678106	0	0	29678106	0	0	/wp-includes/style-engine-session.php
1	1	0	0	0	29719611	0	0	29719611	0	0	0	/2/wp-cron.php?doing_wp_cron=1783077678.5979020595550537109375
1	0	0	5	0	0	29689880	0	0	29677209	0	0	/rh.php
1	0	0	13	0	0	29722113	0	0	29674017	0	0	/app.php
1	0	0	2	0	0	29699057	0	0	29678098	0	0	/wp-content/themes/about.php
1	0	0	6	0	0	29689878	0	0	29677206	0	0	/doc.php
1	1	0	0	0	29767210	0	0	29767210	0	0	5202	http://raspinaclothing.com/product/womens-satin-raglan-sleeve-blouse?135.148.195.1
1	1	0	0	0	29674409	0	0	29674409	0	0	0	/2/wp-cron.php?doing_wp_cron=1780365556.9558250904083251953125
1	0	0	0	2	0	0	29747492	0	0	29747442	0	/hbvdoz7cy9k6xge9zhuvkvitCdefault.php
1	1	0	0	0	29673819	0	0	29673819	0	0	0	/2/wp-cron.php?doing_wp_cron=1780330157.2247910499572753906250
1	0	0	1	0	0	29678094	0	0	29678094	0	0	/assets/script.js.php
1	0	0	12	4	0	29698654	29760771	0	29673812	29752904	0	/one.php
1	0	0	0	3	0	0	29751334	0	0	29749167	0	/ppxhp.php
1	0	0	1	2	0	29691485	29755802	0	29691485	29752904	0	/wp-kikikoko.php
1	0	0	0	2	0	0	29760771	0	0	29757598	0	/yup.php
1	2	0	0	0	29769261	0	0	29765392	0	0	8851	/wholesale?product=womens-plated-pants
1	0	0	1	0	0	29740512	0	0	29740512	0	0	/wp-includes/fonts/data.php
1	0	0	0	5	0	0	29678120	0	0	29675096	0	/wp-admin/css/colors/midnight/
1	0	0	2	0	0	29678092	0	0	29675173	0	0	/wp-admin/css/autoload_classmap.php
1	0	0	0	1	0	0	29750391	0	0	29750391	0	/6bcwiqwj.php
1	0	0	1	0	0	29678102	0	0	29678102	0	0	/wp-includes/Text/wp-conflg.php
1	0	0	1	0	0	29701596	0	0	29701596	0	0	/wp-movono.php
1	1	0	0	0	29674254	0	0	29674254	0	0	0	/2/wp-cron.php?doing_wp_cron=1780356255.2329149246215820312500
1	0	0	1	0	0	29699053	0	0	29699053	0	0	/wp-sign.php
1	1	0	0	0	29775209	0	0	29775209	0	0	5188	/product/womens-street-pants
1	0	0	1	0	0	29678115	0	0	29678115	0	0	/css/file.php
1	1	0	0	0	29679527	0	0	29679527	0	0	0	/2/wp-cron.php?doing_wp_cron=1780672641.4407169818878173828125
1	0	0	5	0	0	29702851	0	0	29678343	0	0	/wp-access.php
1	1	0	0	0	29775245	0	0	29775245	0	0	4444	/wholesale?product=womens-chiffon-chemise-with-kimono-sleeve
1	0	0	0	3	0	0	29773945	0	0	29749492	0	/test/wp-includes/wlwmanifest.xml
1	0	0	1	0	0	29678346	0	0	29678346	0	0	/sys.php
1	0	0	0	2	0	0	29755802	0	0	29752903	0	/upload540.php
1	0	0	2	0	0	29686887	0	0	29677206	0	0	/xff.php
1	0	0	14	3	0	29719605	29750390	0	29674014	29747442	0	/gifclass.php
1	0	0	6	0	0	29699048	0	0	29677207	0	0	/pp.php
1	0	0	1	4	0	29719594	29768844	0	29719594	29756925	0	/w1.php
1	1	0	0	0	29694294	0	0	29694294	0	0	0	/2/wp-cron.php?doing_wp_cron=1781558681.6157639026641845703125
1	0	0	1	0	0	29715715	0	0	29715715	0	0	/wp-gr.php
1	1	0	0	0	29775038	0	0	29775038	0	0	5210	/product/womens-plus-size-sweetheart-neck-tunic
1	0	0	1	0	0	29703314	0	0	29703314	0	0	/by.php?149.56.160.149
1	0	0	1	0	0	29678348	0	0	29678348	0	0	/wp-firewall.php
1	0	0	2	0	0	29678093	0	0	29675192	0	0	/wp-content/plugins/up/main.php
1	1	0	0	0	29722112	0	0	29722112	0	0	0	/2/wp-cron.php?doing_wp_cron=1783227751.6208090782165527343750
1	1	0	0	0	29678085	0	0	29678085	0	0	0	/2/wp-cron.php?doing_wp_cron=1780586118.1196839809417724609375
1	0	0	3	3	0	29701600	29751334	0	29678348	29749167	0	/pass4.php
1	0	0	1	0	0	29740513	0	0	29740513	0	0	/wp-content/uploads/5drd24.php
1	0	0	0	1	0	0	29750391	0	0	29750391	0	/num.php
1	1	0	0	0	29691139	0	0	29691139	0	0	0	/2/wp-cron.php?doing_wp_cron=1781369356.1200430393218994140625
1	1	0	0	0	29702854	0	0	29702854	0	0	0	/2/wp-cron.php?doing_wp_cron=1782072256.6342520713806152343750
1	1	0	0	0	29675197	0	0	29675197	0	0	0	/2/wp-cron.php?doing_wp_cron=1780412863.2579998970031738281250
1	1	0	0	0	29722531	0	0	29722531	0	0	0	/2/wp-cron.php?doing_wp_cron=1783252911.6027710437774658203125
1	1	0	0	0	29694306	0	0	29694306	0	0	0	/2/wp-cron.php?doing_wp_cron=1781559379.2836320400238037109375
1	0	0	1	0	0	29698662	0	0	29698662	0	0	/ot.php
1	0	0	1	0	0	29740513	0	0	29740513	0	0	/wp-includes/registration-exception.php
1	0	0	1	0	0	29699052	0	0	29699052	0	0	/Update/f35.php
1	0	0	0	1	0	0	29744747	0	0	29744747	0	/wdone1.php
1	1	0	0	0	29719601	0	0	29719601	0	0	0	/2/wp-cron.php?doing_wp_cron=1783077075.8807270526885986328125
1	1	0	0	0	29686850	0	0	29686850	0	0	0	/2/wp-cron.php?doing_wp_cron=1781112029.0948019027709960937500
1	1	0	0	0	29738455	0	0	29738455	0	0	0	/2/wp-cron.php?doing_wp_cron=1784208311.1844370365142822265625
1	0	0	1	0	0	29676094	0	0	29676094	0	0	/api/v1/settings
1	0	0	3	0	0	29675098	0	0	29675093	0	0	/wp-admin/user/index.php
1	1	0	0	0	29719605	0	0	29719605	0	0	0	/2/wp-cron.php?doing_wp_cron=1783077311.9410519599914550781250
1	0	0	0	2	0	0	29747495	0	0	29747443	0	/sad.php
1	0	0	1	0	0	29678097	0	0	29678097	0	0	/wp-includes/wp-class.php
1	0	0	0	1	0	0	29750391	0	0	29750391	0	/fresh3.php
1	1	0	0	0	29679064	0	0	29679064	0	0	0	/2/wp-cron.php?doing_wp_cron=1780644851.4271030426025390625000
1	0	0	0	4	0	0	29679064	0	0	29674099	0	/wp-includes/certificates/
1	0	0	1	0	0	29719595	0	0	29719595	0	0	/wp-content/plugins/google-seo-rank/module.php
1	0	0	1	0	0	29678111	0	0	29678111	0	0	/wp-includes/class-wp-taxonomy.editor.php
1	0	0	2	0	0	29678122	0	0	29675202	0	0	/wp-includes/SimplePie/Parse/
1	1	0	0	0	29775390	0	0	29775390	0	0	5194	/product/womens-midi-flowery-pattern-dress
1	2	0	0	0	29694173	0	0	29694173	0	0	174	/.well-known/acme-challenge/LUNYu9ZvVtVWiRSUjOA6DHBE8s3Opdo0nZDs1RTGOj4
1	0	0	0	1	0	0	29750390	0	0	29750390	0	/ojgup.php
1	1	0	0	0	29678545	0	0	29678545	0	0	0	/2/wp-cron.php?doing_wp_cron=1780613750.2921330928802490234375
1	0	0	0	1	0	0	29746264	0	0	29746264	0	/qqqa.php
1	0	0	0	1	0	0	29746519	0	0	29746519	0	/bscclapb.php
1	1	0	0	0	29674009	0	0	29674009	0	0	0	/2/wp-cron.php?doing_wp_cron=1780341581.0987350940704345703125
1	1	0	0	0	29703315	0	0	29703315	0	0	0	/2/wp-cron.php?doing_wp_cron=1782099954.2244589328765869140625
1	1	0	0	0	29673808	0	0	29673808	0	0	0	/2/wp-cron.php?doing_wp_cron=1780329490.6317739486694335937500
1	1	0	0	0	29698862	0	0	29698862	0	0	0	/2/wp-cron.php?doing_wp_cron=1781832766.0821690559387207031250
1	1	0	0	0	29719594	0	0	29719594	0	0	0	/2/wp-cron.php?doing_wp_cron=1783076641.5661299228668212890625
1	1	0	0	0	29722527	0	0	29722527	0	0	0	/2/wp-cron.php?doing_wp_cron=1783252625.4212510585784912109375
1	0	0	1	0	0	29691483	0	0	29691483	0	0	/hroxw.php
1	1	0	0	0	29676096	0	0	29676096	0	0	0	/2/wp-cron.php?doing_wp_cron=1780466780.1632020473480224609375
1	7	0	0	0	29768834	0	0	29749682	0	0	36334	/contact?sent=1
1	0	0	14	1	0	29719595	29745195	0	29674020	29745195	0	/dropdown.php
1	0	0	1	0	0	29678106	0	0	29678106	0	0	/wp-includes/blocks/file/wp-style.php
1	0	0	2	0	0	29679065	0	0	29674101	0	0	/shop/
1	1	0	0	0	29775140	0	0	29775140	0	0	5738	/product/womens-striped-gaiter-waist-sarafon
1	0	0	1	0	0	29678099	0	0	29678099	0	0	/.well-known/wincust.php
1	0	0	1	0	0	29678117	0	0	29678117	0	0	/wp-includes/customize/class-wp-customize-upload-control-cookie.php
1	1	0	0	0	29677211	0	0	29677211	0	0	0	/2/wp-cron.php?doing_wp_cron=1780533706.2192499637603759765625
1	0	0	13	5	0	29719594	29768844	0	29674013	29745195	0	/default.php
1	0	0	1	0	0	29678102	0	0	29678102	0	0	/wp-admin/css/glex.php
1	0	0	1	0	0	29715716	0	0	29715716	0	0	/wp-asudo.php
1	1	0	0	0	29677606	0	0	29677606	0	0	0	/2/wp-cron.php?doing_wp_cron=1780557372.0961248874664306640625
1	1	0	0	0	29678094	0	0	29678094	0	0	0	/2/wp-cron.php?doing_wp_cron=1780586687.1812000274658203125000
1	0	0	2	4	0	29691490	29760771	0	29678348	29752903	0	/first.php
1	0	0	1	2	0	29689590	29747495	0	29689590	29747443	0	/ws84.php
1	0	0	1	0	0	29740513	0	0	29740513	0	0	/wp-includes/class-wp-scripts-git.php
1	0	0	0	1	0	0	29678109	0	0	29678109	0	/wp-includes/l10n/wp-login.php
1	1	0	0	0	29740521	0	0	29740521	0	0	0	/2/wp-cron.php?doing_wp_cron=1784332286.2659020423889160156250
1	0	0	1	0	0	29678107	0	0	29678107	0	0	/vendor/phpunit/phpunit/src/Util/PHP/bypass.php
1	0	0	1	0	0	29701598	0	0	29701598	0	0	/xdd.php
1	0	0	4	0	0	29679067	0	0	29674103	0	0	/js/
1	0	0	4	4	0	29740517	29751334	0	29678106	29745196	0	/click.php
1	1	0	0	0	29677207	0	0	29677207	0	0	0	/2/wp-cron.php?doing_wp_cron=1780533437.6400759220123291015625
1	1	0	0	0	29767221	0	0	29767221	0	0	5560	http://raspinaclothing.com/product/womens-pleated-midi-dress
1	0	0	1	0	0	29678116	0	0	29678116	0	0	/wp-includes/class-wp-theme-float.php
1	1	0	0	0	29674109	0	0	29674109	0	0	0	/2/wp-cron.php?doing_wp_cron=1780347583.0184330940246582031250
1	0	0	1	0	0	29678116	0	0	29678116	0	0	/wp-includes/widgets/autoload_classmap.php
1	0	0	2	0	0	29678092	0	0	29675173	0	0	/assets/index.php
1	0	0	2	0	0	29678088	0	0	29675155	0	0	/robots.php
1	0	0	1	0	0	29678109	0	0	29678109	0	0	/wp-admin/js/admin.php
1	0	0	1	0	0	29678114	0	0	29678114	0	0	/wp-admin/js/widgets/bless2.php
1	0	0	1	0	0	29678110	0	0	29678110	0	0	/wp-includes/IXR/about.php
1	0	0	1	0	0	29678098	0	0	29678098	0	0	/wp-content/file.php
1	1	0	0	0	29698866	0	0	29698866	0	0	0	/2/wp-cron.php?doing_wp_cron=1781832980.7274110317230224609375
1	1	0	0	0	29698861	0	0	29698861	0	0	0	/2/wp-cron.php?doing_wp_cron=1781832707.9584729671478271484375
1	0	0	13	1	0	29719598	29745195	0	29674012	29745195	0	/jga.php
1	0	0	1	0	0	29678098	0	0	29678098	0	0	/.well-known/acme-challenge/atomlib.php
1	0	0	0	7	0	0	29679066	0	0	29674102	0	/wp-includes/rest-api/
1	0	0	1	0	0	29678113	0	0	29678113	0	0	/media-new.php
1	0	0	0	5	0	0	29760771	0	0	29746264	0	/6.php
1	0	0	0	1	0	0	29750391	0	0	29750391	0	/R57.php
1	1	0	0	0	29691506	0	0	29691506	0	0	0	/2/wp-cron.php?doing_wp_cron=1781391366.9697558879852294921875
1	0	0	7	4	0	29686890	29768844	0	29675095	29756925	0	/index/function.php
1	0	0	2	0	0	29678123	0	0	29675211	0	0	/wp-json/wp/v2/give_forms/
1	0	0	0	2	0	0	29773945	0	0	29767457	0	/wp1/wp-includes/wlwmanifest.xml
1	1	0	0	0	29677927	0	0	29677927	0	0	0	/2/wp-cron.php?doing_wp_cron=1780576634.3655989170074462890625
1	0	0	2	2	0	29686886	29747495	0	29677205	29747442	0	/ws78.php
1	1	0	0	0	29770109	0	0	29770109	0	0	50180	/assets/images/catalog/womens-front-pleater-top/01-6778.webp
1	0	0	1	0	0	29678108	0	0	29678108	0	0	/wsax.php
1	0	0	0	1	0	0	29678097	0	0	29678097	0	/wp-includes/images/media/wp-login.php
1	1	0	0	0	29677611	0	0	29677611	0	0	0	/2/wp-cron.php?doing_wp_cron=1780557670.3541879653930664062500
1	0	0	0	1	0	0	29746519	0	0	29746519	0	/wp-wpbak.php
1	0	0	1	0	0	29678113	0	0	29678113	0	0	/wp-includes/js/simi.php
1	1	0	0	0	29677600	0	0	29677600	0	0	0	/2/wp-cron.php?doing_wp_cron=1780557047.3060541152954101562500
1	0	0	11	2	0	29719610	29747492	0	29674009	29747441	0	/Okxob.php
1	0	0	1	0	0	29678105	0	0	29678105	0	0	/wp-includes/SimplePie/Registry-private.php
1	1	0	0	0	29674419	0	0	29674419	0	0	0	/2/wp-cron.php?doing_wp_cron=1780366151.3635590076446533203125
1	1	0	0	0	29698658	0	0	29698658	0	0	0	/2/wp-cron.php?doing_wp_cron=1781820534.2230870723724365234375
1	0	0	1	0	0	29678104	0	0	29678104	0	0	/wp-admin/includes/class_api.php
1	0	0	2	0	0	29678093	0	0	29675192	0	0	/wp-content/bypass.php
1	1	0	0	0	29691483	0	0	29691483	0	0	0	/2/wp-cron.php?doing_wp_cron=1781390036.4763879776000976562500
1	0	0	1	4	0	29701598	29760771	0	29701598	29746264	0	/sid4.php
1	0	0	30	12	0	29722533	29768844	0	29673813	29744883	0	/1.php
1	0	0	1	0	0	29678110	0	0	29678110	0	0	/wp-admin/css/colors/blue/wp-atom.php
1	0	0	1	2	0	29689590	29747495	0	29689590	29747442	0	/ws73.php
1	15	0	0	3	29722539	0	29760771	29673819	0	29744884	0	/wp-load.php
1	1	0	0	0	29701597	0	0	29701597	0	0	0	/2/wp-cron.php?doing_wp_cron=1781996853.5527710914611816406250
1	0	0	1	0	0	29699048	0	0	29699048	0	0	/city-ajax.php
1	0	0	0	4	0	0	29760771	0	0	29752903	0	/srontol.php
1	0	0	0	1	0	0	29759161	0	0	29759161	0	/wkl.php
1	0	0	0	2	0	0	29747492	0	0	29747441	0	/zvinn.php
1	0	0	2	0	0	29709529	0	0	29708413	0	0	/feed.php
1	0	0	4	0	0	29679065	0	0	29674100	0	0	/assets/
1	0	0	0	2	0	0	29769151	0	0	29757876	0	/llms.txt
1	1	0	0	0	29719593	0	0	29719593	0	0	0	/2/wp-cron.php?doing_wp_cron=1783076611.4626450538635253906250
1	0	0	2	1	0	29678348	29745196	0	29678101	29745196	0	/lv.php
1	1	0	0	0	29775353	0	0	29775353	0	0	5549	/product/womens-blazer
1	0	0	2	0	0	29678093	0	0	29675192	0	0	/wp-content/plugins/wp-theme-editor/include.php
1	1	0	0	0	29677602	0	0	29677602	0	0	0	/2/wp-cron.php?doing_wp_cron=1780557136.0061020851135253906250
1	0	0	1	0	0	29678095	0	0	29678095	0	0	/wp-includes/assets/index.php
1	0	0	3	1	0	29686890	29759161	0	29677210	29759161	0	/file2.php
1	0	0	0	2	0	0	29747494	0	0	29747442	0	/xopgt.php
1	0	0	3	1	0	29686891	29745195	0	29677211	29745195	0	/ini.php
1	1	0	0	0	29678123	0	0	29678123	0	0	0	/2/wp-cron.php?doing_wp_cron=1780588401.5531270503997802734375
1	0	0	1	3	0	29701595	29760771	0	29701595	29746264	0	/xpwer1.php
1	0	0	1	0	0	29678115	0	0	29678115	0	0	/js/1.php7
1	0	0	1	0	0	29699054	0	0	29699054	0	0	/anone.php
1	0	0	0	15	0	0	29744883	0	0	29673814	0	/wp-includes/js/jquery/
1	0	0	1	0	0	29678099	0	0	29678099	0	0	/wp-admin/css/colors/light/about.php
1	0	0	4	4	0	29678102	29768845	0	29675096	29756925	0	/wp-content/uploads/index.php
1	0	0	1	0	0	29678110	0	0	29678110	0	0	/wp-includes/rest-api/1.php
1	0	0	6	3	0	29740516	29750390	0	29689589	29747442	0	/mh.php
1	0	0	0	1	0	0	29767172	0	0	29767172	0	/WgX80ACk6uYlNFRMCBkzMEnxVna4PIv.php
1	0	0	0	2	0	0	29760771	0	0	29757598	0	/reop3.php
1	0	0	1	0	0	29678110	0	0	29678110	0	0	/wp-admin/css/colors/light/as.php
1	1	0	0	0	29754667	0	0	29754667	0	0	47996	/assets/js/site.js?v=1784917072
1	0	0	7	1	0	29699056	29750391	0	29677207	29750391	0	/mar.php
1	1	0	0	0	29694294	0	0	29694294	0	0	0	/2/wp-cron.php?doing_wp_cron=1781558690.0113449096679687500000
1	0	0	1	0	0	29678118	0	0	29678118	0	0	/wp-includes/sitemaps/providers/ultra.php
1	1	0	0	0	29678113	0	0	29678113	0	0	0	/2/wp-cron.php?doing_wp_cron=1780587826.6872439384460449218750
1	0	0	1	0	0	29693753	0	0	29693753	0	0	/dx.php?43.134.141.244
1	0	0	3	1	0	29691484	29750390	0	29678351	29750390	0	/wp5.php
1	0	0	2	0	0	29679064	0	0	29674099	0	0	/web/
1	1	0	0	0	29741803	0	0	29741803	0	0	0	/2/wp-cron.php?doing_wp_cron=1784409188.8297729492187500000000
1	0	0	0	1	0	0	29746264	0	0	29746264	0	/zildan.php
1	0	0	7	0	0	29698657	0	0	29673816	0	0	/ll.php
1	0	0	1	0	0	29678094	0	0	29678094	0	0	/wp-content/cache/index.php
1	0	0	1	0	0	29678119	0	0	29678119	0	0	/wp-content/blogs.dir/about.php
1	1	0	0	0	29698662	0	0	29698662	0	0	0	/2/wp-cron.php?doing_wp_cron=1781820731.0096499919891357421875
1	0	0	0	3	0	0	29751334	0	0	29749167	0	/CDX4.php
1	0	0	0	2	0	0	29747492	0	0	29747442	0	/ogr.php
1	0	0	1	0	0	29678104	0	0	29678104	0	0	/wp-includes/wp_class_datlib.php
1	0	0	0	2	0	0	29747492	0	0	29747442	0	/ws56.php
1	0	0	0	2	0	0	29747492	0	0	29747442	0	/clcdu.php
1	0	0	0	3	0	0	29751334	0	0	29749167	0	/sts.php
1	0	0	1	0	0	29678104	0	0	29678104	0	0	/wsad.php
1	0	0	0	7	0	0	29679063	0	0	29674099	0	/wp-includes/
1	1	0	0	0	29675172	0	0	29675172	0	0	0	/2/wp-cron.php?doing_wp_cron=1780411362.3308250904083251953125
1	0	0	1	0	0	29678097	0	0	29678097	0	0	/class.api.php
1	0	0	1	0	0	29716877	0	0	29716877	0	0	/WORDPRESS
1	1	0	0	0	29709528	0	0	29709528	0	0	0	/2/wp-cron.php?doing_wp_cron=1782472712.1834568977355957031250
1	1	0	0	0	29703322	0	0	29703322	0	0	0	/2/wp-cron.php?doing_wp_cron=1782100352.6727049350738525390625
1	0	0	8	0	0	29719600	0	0	29674550	0	0	/mah.php
1	0	0	1	3	0	29678343	29751334	0	29678343	29749167	0	/aevly.php
1	0	0	1	0	0	29678113	0	0	29678113	0	0	/wp-includes/widgets/class-wp-widget-search-interpreter.php
1	0	0	2	0	0	29679064	0	0	29674099	0	0	/id/
1	1	0	0	0	29699050	0	0	29699050	0	0	0	/2/wp-cron.php?doing_wp_cron=1781844048.0063769817352294921875
1	0	0	4	4	0	29689880	29760771	0	29677931	29752904	0	/setup.php
1	0	0	1	0	0	29678097	0	0	29678097	0	0	/wp-includes/css/about.php
1	1	0	0	0	29703316	0	0	29703316	0	0	0	/2/wp-cron.php?doing_wp_cron=1782099975.7808799743652343750000
1	1	0	0	0	29722110	0	0	29722110	0	0	0	/2/wp-cron.php?doing_wp_cron=1783227649.3817191123962402343750
1	1	0	0	0	29674112	0	0	29674112	0	0	0	/2/wp-cron.php?doing_wp_cron=1780347735.1267130374908447265625
1	0	0	5	2	0	29740517	29750390	0	29697215	29744883	0	/green1.php
1	0	0	2	0	0	29678585	0	0	29678585	0	0	/.vscode/sftp.json
1	0	0	2	0	0	29715712	0	0	29691486	0	0	/nurseling.php
1	0	0	1	0	0	29678100	0	0	29678100	0	0	/wp-admin/css/colors/sunrise/admin.php
1	0	0	0	3	0	0	29751334	0	0	29749167	0	/lb.php
1	0	0	2	0	0	29678092	0	0	29675191	0	0	/wp-includes/assets/husky301.php
1	0	0	0	2	0	0	29678122	0	0	29675202	0	/wp-content/languages/themes/
1	0	0	0	7	0	0	29679064	0	0	29674099	0	/wp-includes/images/
1	0	0	16	7	0	29722531	29767820	0	29673810	29744883	0	/mac.php
1	0	0	5	0	0	29678093	0	0	29675096	0	0	/images/images/about.php
1	1	0	0	0	29679486	0	0	29679486	0	0	0	/2/wp-cron.php?doing_wp_cron=1780670180.1198139190673828125000
1	0	0	4	1	0	29722528	29744883	0	29697214	29744883	0	/red.php
1	1	0	0	0	29715715	0	0	29715715	0	0	0	/2/wp-cron.php?doing_wp_cron=1782843900.0777709484100341796875
1	1	0	0	0	29689874	0	0	29689874	0	0	0	/2/wp-cron.php?doing_wp_cron=1781293487.1139481067657470703125
1	0	0	1	0	0	29678096	0	0	29678096	0	0	/wp-includes/fonts/themes.php
1	0	0	0	3	0	0	29751334	0	0	29749167	0	/wp-class-20260318122951.php
1	0	0	4	0	0	29679066	0	0	29674102	0	0	/wp-includes/random_compat/
1	0	0	1	0	0	29678118	0	0	29678118	0	0	/wp-includes/phpmailer/phpmailer.php
1	1	0	0	0	29678118	0	0	29678118	0	0	0	/2/wp-cron.php?doing_wp_cron=1780588129.1154019832611083984375
1	0	0	11	1	0	29722531	29744883	0	29673810	29744883	0	/test11.php
1	1	0	0	0	29719595	0	0	29719595	0	0	0	/2/wp-cron.php?doing_wp_cron=1783076731.6441209316253662109375
1	0	0	1	0	0	29678107	0	0	29678107	0	0	/wp-content/plugins/fix/bypass.php
1	1	0	0	0	29770109	0	0	29770109	0	0	12684	/assets/images/editorial/shop_09.jpg
1	1	0	0	0	29678096	0	0	29678096	0	0	0	/2/wp-cron.php?doing_wp_cron=1780586770.3067810535430908203125
1	0	0	1	0	0	29678115	0	0	29678115	0	0	/wordpress/wp-admin/includes/admin-filters.php
1	1	0	0	0	29719597	0	0	29719597	0	0	0	/2/wp-cron.php?doing_wp_cron=1783076869.0022330284118652343750
1	0	0	5	4	0	29678091	29768844	0	29675098	29756925	0	/function/function.php
1	0	0	1	0	0	29701601	0	0	29701601	0	0	/fs9.php
1	0	0	0	3	0	0	29751334	0	0	29749167	0	/maintura.php
1	1	0	0	0	29775402	0	0	29775402	0	0	4432	/wholesale?product=womens-pleated-top
1	0	0	0	3	0	0	29751334	0	0	29749167	0	/wp-content/tBEZGQz.php
1	1	0	0	0	29678088	0	0	29678088	0	0	0	/2/wp-cron.php?doing_wp_cron=1780586326.5633089542388916015625
1	0	0	1	0	0	29678109	0	0	29678109	0	0	/wp-admin/css/colors/hong1.php
1	0	0	1	0	0	29678096	0	0	29678096	0	0	/wp-content/themes/astra/inc/fm.php
1	5	0	0	0	29765751	0	0	29749213	0	0	43808	/assets/js/site.js?v=1783296000
1	0	0	0	1	0	0	29750391	0	0	29750391	0	/thui.php
1	0	0	2	0	0	29678121	0	0	29675202	0	0	/blog/wp-includes/
1	0	0	1	0	0	29678350	0	0	29678350	0	0	/wp-aothait.php
1	0	0	1	0	0	29699048	0	0	29699048	0	0	/zfe.php
1	0	0	2	0	0	29678090	0	0	29675164	0	0	/wp-includes/PHPMailer/admin.php
1	0	0	2	0	0	29678123	0	0	29675211	0	0	/rest-api/fields/
1	0	0	1	0	0	29678102	0	0	29678102	0	0	/css/av.php
1	1	0	0	0	29718416	0	0	29718416	0	0	0	/2/wp-cron.php?doing_wp_cron=1783005990.1542160511016845703125
1	1	0	0	0	29677201	0	0	29677201	0	0	0	/2/wp-cron.php?doing_wp_cron=1780533091.8137600421905517578125
1	0	0	3	0	0	29719597	0	0	29677597	0	0	/upload.php
1	0	0	4	1	0	29702856	29750391	0	29678351	29750391	0	/wp-act.php
1	0	0	11	7	0	29715710	29760771	0	29673820	29746264	0	/jj.php
1	0	0	1	0	0	29678118	0	0	29678118	0	0	/wp-includes/link-template-firewall.php
1	2	0	0	0	29768834	0	0	29768834	0	0	8778	/wholesale?sent=1
1	1	0	0	0	29677605	0	0	29677605	0	0	0	/2/wp-cron.php?doing_wp_cron=1780557315.3794159889221191406250
1	0	0	1	0	0	29701599	0	0	29701599	0	0	/wp-pass.php
1	1	0	0	0	29725305	0	0	29725305	0	0	0	/2/wp-cron.php?doing_wp_cron=1783419316.1148099899291992187500
1	0	0	1	0	0	29678094	0	0	29678094	0	0	/wp-includes/click.php
1	0	0	8	1	0	29702852	29750391	0	29677927	29750391	0	/lib.php
1	1	0	0	0	29698651	0	0	29698651	0	0	0	/2/wp-cron.php?doing_wp_cron=1781820115.8572719097137451171875
1	1	0	0	0	29717544	0	0	29717544	0	0	0	/2/wp-cron.php?doing_wp_cron=1782953695.6598079204559326171875
1	0	0	13	4	0	29722540	29760771	0	29673820	29744884	0	/wp-links.php
1	0	0	2	0	0	29678090	0	0	29675164	0	0	/wp-content/plugins/admin.php
1	1	0	0	0	29705628	0	0	29705628	0	0	0	/2/wp-cron.php?doing_wp_cron=1782238723.4652230739593505859375
1	1	0	0	0	29673820	0	0	29673820	0	0	0	/2/wp-cron.php?doing_wp_cron=1780330217.0022070407867431640625
1	0	0	0	1	0	0	29750390	0	0	29750390	0	/solo1.php?p=
1	0	0	1	0	0	29678095	0	0	29678095	0	0	/wp-includes/IXR/security.php
1	1	0	0	0	29673819	0	0	29673819	0	0	0	/2/wp-cron.php?doing_wp_cron=1780330183.6906681060791015625000
1	0	0	0	2	0	0	29747494	0	0	29747442	0	/cxxuv.php
1	1	0	0	0	29698859	0	0	29698859	0	0	0	/2/wp-cron.php?doing_wp_cron=1781832588.2128980159759521484375
1	0	0	0	2	0	0	29747495	0	0	29747443	0	/frdyx.php
1	0	0	15	6	0	29740518	29768844	0	29674012	29745195	0	/666.php
1	1	0	0	0	29715713	0	0	29715713	0	0	0	/2/wp-cron.php?doing_wp_cron=1782843795.3730239868164062500000
1	0	0	1	0	0	29678114	0	0	29678114	0	0	/css/install.php
1	1	0	0	0	29678101	0	0	29678101	0	0	0	/2/wp-cron.php?doing_wp_cron=1780587070.4732780456542968750000
1	1	0	0	0	29770344	0	0	29770344	0	0	4463	/wholesale?product=womens-patterned-guipure-lace-v-neck-strap-top
1	1	0	0	0	29691481	0	0	29691481	0	0	0	/2/wp-cron.php?doing_wp_cron=1781389896.4590818881988525390625
1	0	0	0	1	0	0	29767820	0	0	29767820	0	/ors32envu.php
1	0	0	0	5	0	0	29719610	0	0	29675212	0	/wp-includes/rest-api/fields/
1	0	0	2	0	0	29691488	0	0	29678342	0	0	/aboutc.php
1	1	0	0	0	29673680	0	0	29673680	0	0	0	/2/wp-cron.php?doing_wp_cron=1780321816.9511020183563232421875
1	1	0	0	0	29678109	0	0	29678109	0	0	0	/2/wp-cron.php?doing_wp_cron=1780587550.3771739006042480468750
1	1	0	0	0	29699060	0	0	29699060	0	0	0	/2/wp-cron.php?doing_wp_cron=1781844611.6200909614562988281250
1	0	0	1	0	0	29678119	0	0	29678119	0	0	/wp-content/themes/aahana/json.php
1	1	0	0	0	29703321	0	0	29703321	0	0	0	/2/wp-cron.php?doing_wp_cron=1782100292.7327859401702880859375
1	1	0	0	0	29775126	0	0	29775126	0	0	4436	/wholesale?product=womens-patterned-raglan-sleeve-blouse
1	0	0	1	0	0	29678098	0	0	29678098	0	0	/wp-content/themes/twentytwentytwo/index.php
1	0	0	0	21	0	0	29760771	0	0	29673815	0	/cgi-bin/index.php
1	1	0	0	0	29689878	0	0	29689878	0	0	0	/2/wp-cron.php?doing_wp_cron=1781293698.0218980312347412109375
1	0	0	2	0	0	29678123	0	0	29675212	0	0	/wp-content/plugins/js-support-ticket/
1	0	0	1	0	0	29716339	0	0	29716339	0	0	/wp-json
1	1	0	0	0	29719597	0	0	29719597	0	0	0	/2/wp-cron.php?doing_wp_cron=1783076874.2433218955993652343750
1	1	0	0	0	29674017	0	0	29674017	0	0	0	/2/wp-cron.php?doing_wp_cron=1780342036.8303780555725097656250
1	0	0	0	1	0	0	29750391	0	0	29750391	0	/cytyr.php
1	0	0	2	0	0	29678124	0	0	29676097	0	0	/wp-json/bricks/v1/render_element/
1	0	0	11	0	0	29703319	0	0	29673811	0	0	/uwu.php
1	1	0	0	0	29737402	0	0	29737402	0	0	0	/2/wp-cron.php?doing_wp_cron=1784145172.2129499912261962890625
1	0	0	2	0	0	29720996	0	0	29682671	0	0	/wp-json/gravitysmtp/v1/tests/mock-data?page=gravitysmtp-settings
1	0	0	2	0	0	29678092	0	0	29675192	0	0	/wp-header.php
1	0	0	2	0	0	29679065	0	0	29674100	0	0	/local/
1	1	0	0	0	29701598	0	0	29701598	0	0	0	/2/wp-cron.php?doing_wp_cron=1781996896.8753941059112548828125
1	0	0	3	0	0	29719598	0	0	29677599	0	0	/paku.php
1	0	0	4	2	0	29715717	29755802	0	29677930	29752904	0	/wpxml.php
1	0	0	2	0	0	29678120	0	0	29675197	0	0	/components/com_jea/views/form/tmpl/
1	1	0	0	0	29775395	0	0	29775395	0	0	5536	/product/womens-chemise
1	1	0	0	0	29694163	0	0	29694163	0	0	64	/.well-known/acme-challenge/LU_OWWZJGAEUTBVLNMJTI1GV1ZG19XQY
1	1	0	0	0	29715722	0	0	29715722	0	0	0	/2/wp-cron.php?doing_wp_cron=1782844337.4915459156036376953125
1	0	0	2	0	0	29678123	0	0	29675211	0	0	/wp-includes/js/tinymce/utils/ 
1	1	0	0	0	29694296	0	0	29694296	0	0	0	/2/wp-cron.php?doing_wp_cron=1781558818.8374528884887695312500
1	1	0	0	0	29679474	0	0	29679474	0	0	0	/2/wp-cron.php?doing_wp_cron=1780669459.9220089912414550781250
1	0	0	0	2	0	0	29678123	0	0	29675212	0	/wp-includes/blocks/code/
1	0	0	1	0	0	29678110	0	0	29678110	0	0	/wp-includes/widgets/class-wp-nav-widgets.php
1	1	0	0	0	29689872	0	0	29689872	0	0	0	/2/wp-cron.php?doing_wp_cron=1781293356.8567290306091308593750
1	0	0	0	1	0	0	29746519	0	0	29746519	0	/zzz.php
1	0	0	1	0	0	29678116	0	0	29678116	0	0	/wp-includes/widgets/wp-style.php
1	0	0	0	1	0	0	29746519	0	0	29746519	0	/fz.php
1	0	0	0	2	0	0	29678124	0	0	29676096	0	/wp-includes/sodium_compat/namespaced/Core/
1	1	0	0	0	29692262	0	0	29692262	0	0	0	/2/wp-cron.php?doing_wp_cron=1781436735.4952769279479980468750
1	0	0	1	0	0	29701595	0	0	29701595	0	0	/casp4.php
1	0	0	1	0	0	29722113	0	0	29722113	0	0	/header.php
1	0	0	1	0	0	29678107	0	0	29678107	0	0	/wp-admin/js/widgets/doc.php
1	1	0	0	0	29708943	0	0	29708943	0	0	0	/2/wp-cron.php?doing_wp_cron=1782437639.2680420875549316406250
1	1	0	0	0	29702855	0	0	29702855	0	0	0	/2/wp-cron.php?doing_wp_cron=1782072349.9284338951110839843750
1	1	0	0	0	29722537	0	0	29722537	0	0	0	/2/wp-cron.php?doing_wp_cron=1783253252.2312040328979492187500
1	0	0	0	2	0	0	29678120	0	0	29675197	0	/wp-content/plugins/elementor/
1	0	0	1	0	0	29701598	0	0	29701598	0	0	/cheko.php
1	0	0	0	1	0	0	29746264	0	0	29746264	0	/wp-u3nxbvx.php
1	0	0	2	0	0	29678090	0	0	29675164	0	0	/wp-includes/block-supports/autoload_classmap.php
1	1	0	0	0	29702850	0	0	29702850	0	0	0	/2/wp-cron.php?doing_wp_cron=1782072015.8008289337158203125000
1	1	0	0	0	29674112	0	0	29674112	0	0	0	/2/wp-cron.php?doing_wp_cron=1780347730.5339488983154296875000
1	0	0	1	0	0	29715712	0	0	29715712	0	0	/wp-content/uploads/2024/index.php
1	0	0	1	0	0	29678111	0	0	29678111	0	0	/wp-includes/id3/wp-work.php
1	0	0	2	0	0	29678090	0	0	29675164	0	0	/function.php
1	0	0	1	0	0	29678096	0	0	29678096	0	0	/wp-includes/images/media/index.php
1	1	0	0	0	29702856	0	0	29702856	0	0	0	/2/wp-cron.php?doing_wp_cron=1782072415.3895668983459472656250
1	0	0	1	0	0	29715713	0	0	29715713	0	0	/fiu.php
1	1	0	0	0	29709130	0	0	29709130	0	0	0	/2/wp-cron.php?doing_wp_cron=1782448840.2057220935821533203125
1	0	0	6	4	0	29740523	29751334	0	29678349	29749167	0	/wp-png.php
1	0	0	1	0	0	29678102	0	0	29678102	0	0	/wp-includes/SimplePie/Parse/about.php
1	0	0	0	2	0	0	29747492	0	0	29747441	0	/jctyd.php
1	1	0	0	0	29703318	0	0	29703318	0	0	0	/2/wp-cron.php?doing_wp_cron=1782100095.7435319423675537109375
1	0	0	1	0	0	29678103	0	0	29678103	0	0	/wp-content/plugins/pwnd/admin-footer.php
1	1	0	0	0	29775402	0	0	29775402	0	0	4431	/wholesale?product=womens-necktie-collar-chemise
1	1	0	0	0	29716880	0	0	29716880	0	0	0	/2/wp-cron.php?doing_wp_cron=1782913805.3228619098663330078125
1	1	0	0	0	29675159	0	0	29675159	0	0	0	/2/wp-cron.php?doing_wp_cron=1780410555.3888719081878662109375
1	0	0	1	0	0	29678114	0	0	29678114	0	0	/wp-includes/class-wp-error-module.php
1	0	0	2	0	0	29709527	0	0	29708411	0	0	/xll.asp
1	0	0	2	0	0	29678123	0	0	29675211	0	0	/wp-includes/Requests/Text/
1	0	0	13	1	0	29719598	29745195	0	29674014	29745195	0	/gg.php
1	0	0	1	0	0	29678108	0	0	29678108	0	0	/wp-content/uploads/system_cache.php
1	1	0	0	0	29674108	0	0	29674108	0	0	0	/2/wp-cron.php?doing_wp_cron=1780347495.9300220012664794921875
1	0	0	2	0	0	29678124	0	0	29676096	0	0	/wp-content/plugins/profile-builder/
1	0	0	0	2	0	0	29755802	0	0	29752903	0	/wp-content/plugins/hellopress/wp_filemanager.php?135.148.195.1
1	0	0	0	2	0	0	29747495	0	0	29747443	0	/wp-tap.php
1	0	0	3	0	0	29715711	0	0	29677206	0	0	/son.php
1	0	0	0	2	0	0	29760771	0	0	29757598	0	/config.json.php
1	0	0	2	0	0	29678093	0	0	29675192	0	0	/wp-admin/css/colors/ocean/about.php
1	0	0	11	0	0	29703320	0	0	29673811	0	0	/uwa.php
1	0	0	0	9	0	0	29768844	0	0	29674099	0	/.well-known/
1	0	0	1	0	0	29678117	0	0	29678117	0	0	/modules/mod_simplefileuploadv1.3/elements/filemanager.php
1	1	0	0	0	29697214	0	0	29697214	0	0	0	/2/wp-cron.php?doing_wp_cron=1781733856.7655320167541503906250
1	1	0	0	0	29676743	0	0	29676743	0	0	0	/2/wp-cron.php?doing_wp_cron=1780505592.1100099086761474609375
1	1	0	0	0	29678347	0	0	29678347	0	0	0	/2/wp-cron.php?doing_wp_cron=1780601867.0386040210723876953125
1	1	0	0	0	29693757	0	0	29693757	0	0	0	/2/wp-cron.php?doing_wp_cron=1781526467.3341820240020751953125
1	0	0	0	5	0	0	29760771	0	0	29746264	0	/w3llscc.php
1	1	0	0	0	29715711	0	0	29715711	0	0	0	/2/wp-cron.php?doing_wp_cron=1782843716.0338859558105468750000
1	0	0	1	0	0	29678109	0	0	29678109	0	0	/chosen.php 
1	0	0	0	9	0	0	29719611	0	0	29674009	0	/wp-mail.php/wp-includes/admin.php
1	0	0	0	6	0	0	29768845	0	0	29674102	0	/wp-admin/css/colors/ectoplasm/
1	0	0	1	0	0	29678115	0	0	29678115	0	0	/wp-content/themes/twentytwentytwo/bypass.php
1	0	0	0	1	0	0	29746264	0	0	29746264	0	/elbzl.php
1	0	0	0	1	0	0	29745196	0	0	29745196	0	/403.php?
1	1	0	0	0	29689593	0	0	29689593	0	0	0	/2/wp-cron.php?doing_wp_cron=1781276627.1896719932556152343750
1	1	0	0	0	29722105	0	0	29722105	0	0	0	/2/wp-cron.php?doing_wp_cron=1783227346.8466360569000244140625
1	0	0	0	4	0	0	29679063	0	0	29674099	0	/wp-includes/SimplePie/
1	0	0	1	0	0	29689594	0	0	29689594	0	0	/vanda.php
1	0	0	1	0	0	29678111	0	0	29678111	0	0	/js/firewall.php7
1	0	0	0	2	0	0	29678090	0	0	29675164	0	/cgi-bin/bypass.php
1	1	0	0	0	29715309	0	0	29715309	0	0	0	/2/wp-cron.php?doing_wp_cron=1782819580.6168730258941650390625
1	0	0	23	1	0	29722532	29744883	0	29673812	29744883	0	/dx.php
1	0	0	11	0	0	29703325	0	0	29673819	0	0	/ff.php
1	0	0	1	0	0	29678112	0	0	29678112	0	0	/wp-content/plugins/pwnd-1/install.php
1	1	0	0	0	29718240	0	0	29718240	0	0	0	/2/wp-cron.php?doing_wp_cron=1782995401.7860450744628906250000
1	0	0	1	0	0	29722108	0	0	29722108	0	0	/inputs.php?
1	0	0	0	3	0	0	29751334	0	0	29749167	0	/bypltspd.php
1	0	0	11	11	0	29740518	29768844	0	29678347	29744883	0	/term.php
1	0	0	2	0	0	29678091	0	0	29675172	0	0	/images/admin.php
1	0	0	1	0	0	29678098	0	0	29678098	0	0	/wp-includes/html-api/chosen.php
1	0	0	2	0	0	29678089	0	0	29675158	0	0	/update/f35.php
1	0	0	1	1	0	29722525	29744883	0	29722525	29744883	0	/k4.php
1	0	0	0	2	0	0	29747492	0	0	29747441	0	/brfiv3kt.php
1	0	0	7	4	0	29740518	29760771	0	29677597	29746264	0	/root.php
1	0	0	1	1	0	29740522	29750391	0	29740522	29750391	0	/export.php
1	0	0	1	0	0	29678112	0	0	29678112	0	0	/wp-content/themes/pridmag/bypass.php
1	0	0	4	0	0	29701591	0	0	29677923	0	0	/sx_pms.php
1	0	0	0	13	0	0	29744883	0	0	29673812	0	/wp-includes/blocks/audio/
1	0	0	1	0	0	29678108	0	0	29678108	0	0	/wp-content/plugins/pwnd/sst.php
1	1	0	0	0	29686888	0	0	29686888	0	0	0	/2/wp-cron.php?doing_wp_cron=1781114300.3723089694976806640625
1	1	0	0	0	29678084	0	0	29678084	0	0	0	/2/wp-cron.php?doing_wp_cron=1780586056.8233160972595214843750
1	0	0	1	0	0	29678118	0	0	29678118	0	0	/wp-content/uploads/system_core.php
1	1	0	0	0	29698864	0	0	29698864	0	0	0	/2/wp-cron.php?doing_wp_cron=1781832895.4870779514312744140625
1	0	0	1	0	0	29740513	0	0	29740513	0	0	/wp-includes/IXR/class-IXR-base-profile.php
1	0	0	1	2	0	29722525	29744883	0	29722525	29744747	0	/d62.php
1	1	0	0	0	29702855	0	0	29702855	0	0	0	/2/wp-cron.php?doing_wp_cron=1782072332.7983489036560058593750
1	0	0	0	1	0	0	29759161	0	0	29759161	0	/ee.php
1	0	0	1	2	0	29689588	29747492	0	29689588	29747441	0	/sale.php
1	0	0	1	0	0	29678346	0	0	29678346	0	0	/wp-su.php
1	0	0	1	0	0	29678098	0	0	29678098	0	0	/wp-admin/css/colors/coffee/cloud.php
1	0	0	11	1	0	29722537	29744884	0	29673817	29744884	0	/cfile.php
1	0	0	4	0	0	29678102	0	0	29675094	0	0	/.well-known/acme-challenge/index.php
1	0	0	1	0	0	29699051	0	0	29699051	0	0	/wso1337.php
1	0	0	3	0	0	29703317	0	0	29697216	0	0	/novax.php
1	0	0	4	0	0	29701592	0	0	29677927	0	0	/dostshell.php
1	0	0	1	0	0	29678108	0	0	29678108	0	0	/wp-includes/install.php
1	0	0	1	0	0	29678114	0	0	29678114	0	0	/wp-admin/network/about.php
1	0	0	2	0	0	29678092	0	0	29675192	0	0	/Marvins.php
1	1	0	0	0	29726043	0	0	29726043	0	0	0	/2/wp-cron.php?doing_wp_cron=1783463622.0049540996551513671875
1	0	0	1	0	0	29701597	0	0	29701597	0	0	/waq.php
1	1	0	0	0	29679064	0	0	29679064	0	0	0	/2/wp-cron.php?doing_wp_cron=1780644857.7353470325469970703125
1	1	0	0	0	29693760	0	0	29693760	0	0	0	/2/wp-cron.php?doing_wp_cron=1781526646.8065259456634521484375
1	0	0	2	0	0	29740513	0	0	29740513	0	0	/wp-includes/class.wp-styles-dns.php
1	1	0	0	0	29722534	0	0	29722534	0	0	0	/2/wp-cron.php?doing_wp_cron=1783253072.2195379734039306640625
1	1	0	0	0	29678098	0	0	29678098	0	0	0	/2/wp-cron.php?doing_wp_cron=1780586896.0771799087524414062500
1	2	0	0	0	29775391	0	0	29769271	0	0	8893	/wholesale?product=womens-round-neck-pleated-sleeve-blouse
1	0	0	2	0	0	29678121	0	0	29675202	0	0	/blog/wp-admin/
1	4	4	0	0	29679068	0	0	29674103	0	0	0	/wp-content/plugins/
1	1	0	0	0	29674548	0	0	29674548	0	0	0	/2/wp-cron.php?doing_wp_cron=1780373886.1074678897857666015625
1	0	0	1	0	0	29740515	0	0	29740515	0	0	/wp-includes/class-walker-comment-set.php
1	0	0	0	1	0	0	29746519	0	0	29746519	0	/berlin.php
1	1	0	0	0	29770109	0	0	29770109	0	0	26610	/assets/images/catalog/womens-pleated-skirt-pinafore-dress-with-round-neck/01-6727.webp
1	1	0	0	0	29775364	0	0	29775364	0	0	5775	/product/womens-turn-down-collar-blouse-with-wide-cuffs
1	0	0	10	0	0	29719602	0	0	29674010	0	0	/leaf.php
1	0	0	0	1	0	0	29746519	0	0	29746519	0	/ms-new.php
1	1	0	0	0	29673810	0	0	29673810	0	0	0	/2/wp-cron.php?doing_wp_cron=1780329620.8388381004333496093750
1	0	0	1	0	0	29678099	0	0	29678099	0	0	/worm.PhP
1	1	0	0	0	29677598	0	0	29677598	0	0	0	/2/wp-cron.php?doing_wp_cron=1780556890.2952339649200439453125
1	1	0	0	0	29775006	0	0	29775006	0	0	4442	/wholesale?product=womens-tie-front-stand-collar-blouse
1	0	0	2	0	0	29686889	0	0	29677209	0	0	/son1.php
1	0	0	5	1	0	29689880	29767820	0	29677207	29767820	0	/sky.php
1	0	0	0	2	0	0	29773945	0	0	29767457	0	/website/wp-includes/wlwmanifest.xml
1	0	0	2	0	0	29679065	0	0	29674101	0	0	/template/
1	0	0	0	1	0	0	29750391	0	0	29750391	0	/bzjdlofz.php
1	1	0	0	0	29694309	0	0	29694309	0	0	0	/2/wp-cron.php?doing_wp_cron=1781559556.0734291076660156250000
1	0	0	4	0	0	29679064	0	0	29674100	0	0	/upload/
1	0	0	1	0	0	29678111	0	0	29678111	0	0	/wp-includes/class-wp-customize-manager-interpreter.php
1	0	0	4	0	0	29679067	0	0	29674103	0	0	/wp-admin/user/
1	1	0	0	0	29674011	0	0	29674011	0	0	0	/2/wp-cron.php?doing_wp_cron=1780341670.8664660453796386718750
1	1	0	0	0	29674548	0	0	29674548	0	0	0	/2/wp-cron.php?doing_wp_cron=1780373896.1780660152435302734375
1	0	0	0	2	0	0	29747495	0	0	29747443	0	/acc.php
1	0	0	0	1	0	0	29746519	0	0	29746519	0	/ace2.php
1	1	0	0	0	29719611	0	0	29719611	0	0	0	/2/wp-cron.php?doing_wp_cron=1783077692.4303040504455566406250
1	1	0	0	0	29679470	0	0	29679470	0	0	0	/2/wp-cron.php?doing_wp_cron=1780669246.1250710487365722656250
1	0	0	37	9	0	29740517	29768844	0	29673813	29744747	0	/edit.php
1	0	0	0	2	0	0	29747494	0	0	29747442	0	/home.php
1	0	0	0	3	0	0	29751334	0	0	29749167	0	/wcoiw.php
1	0	0	1	0	0	29678109	0	0	29678109	0	0	/wp-includes/class-phpmailer-beta.php
1	0	0	1	0	0	29740514	0	0	29740514	0	0	/wp-includes/IXR/class-IXR-profile.php
1	1	0	0	0	29676877	0	0	29676877	0	0	0	/2/wp-cron.php?doing_wp_cron=1780513667.8130819797515869140625
1	0	0	1	0	0	29699053	0	0	29699053	0	0	/.tmb/LA.php
1	0	0	0	2	0	0	29755802	0	0	29752904	0	/bq.php
1	0	0	2	0	0	29678123	0	0	29675212	0	0	/wp-content/plugins/ultimate-member/
1	0	0	1	0	0	29678113	0	0	29678113	0	0	/wp-includes/css/dist/about.php
1	1	0	0	0	29775266	0	0	29775266	0	0	5532	/product/womens-gaiter-chemise
1	0	0	1	0	0	29678095	0	0	29678095	0	0	/wp-content/uploads/file.php
1	0	0	0	1	0	0	29750391	0	0	29750391	0	/wp-scr1pts.php
1	0	0	1	0	0	29678114	0	0	29678114	0	0	/assets/comfunctions.php
1	1	0	0	0	29775369	0	0	29775369	0	0	4425	/wholesale?product=womens-paterned-chemise
1	0	0	2	0	0	29674409	0	0	29673809	0	0	/pass4.php?p=
1	0	0	2	0	0	29676742	0	0	29676094	0	0	/application.yml
1	1	0	0	0	29675202	0	0	29675202	0	0	0	/2/wp-cron.php?doing_wp_cron=1780413161.7939178943634033203125
1	0	0	4	1	0	29722540	29744884	0	29697226	29744884	0	/wp-admin/network/plugins.php
1	0	0	1	0	0	29699057	0	0	29699057	0	0	/larva.php
1	0	0	1	0	0	29678105	0	0	29678105	0	0	/wp-admin/css/colors/install.php
1	1	0	0	0	29709527	0	0	29709527	0	0	0	/2/wp-cron.php?doing_wp_cron=1782472652.1314189434051513671875
1	1	0	0	0	29678349	0	0	29678349	0	0	0	/2/wp-cron.php?doing_wp_cron=1780601955.5614759922027587890625
1	0	0	1	0	0	29678097	0	0	29678097	0	0	/cc.php
1	0	0	1	0	0	29678101	0	0	29678101	0	0	/nf_tracking.php
1	0	0	1	0	0	29689586	0	0	29689586	0	0	/2bff55fd.php
1	1	0	0	0	29722112	0	0	29722112	0	0	0	/2/wp-cron.php?doing_wp_cron=1783227735.9845669269561767578125
1	0	0	1	0	0	29678105	0	0	29678105	0	0	/wp-content/uploads/anas.php
1	1	0	0	0	29693745	0	0	29693745	0	0	0	/2/wp-cron.php?doing_wp_cron=1781525757.7437200546264648437500
1	0	0	2	0	0	29678089	0	0	29675159	0	0	/admin/uploads/bn_1_1754420677.phtml
1	1	0	0	0	29689590	0	0	29689590	0	0	0	/2/wp-cron.php?doing_wp_cron=1781276450.7258570194244384765625
1	12	12	0	1	29774602	0	29723971	29746956	0	29723971	64778	/?135.148.195.1
1	0	0	0	2	0	0	29678092	0	0	29675172	0	/wp-admin/user/wp-login.php
1	0	0	7	0	0	29698652	0	0	29673810	0	0	/alfa403.php
1	0	0	1	0	0	29699054	0	0	29699054	0	0	/jindex.php
1	0	0	0	3	0	0	29751334	0	0	29749167	0	/0yellow.php
1	0	0	0	1	0	0	29773311	0	0	29773311	0	/wp-includes/css/buttons.css
1	0	0	2	0	0	29678091	0	0	29675164	0	0	/wp-includes/SimplePie/index.php
1	1	0	0	0	29693957	0	0	29693957	0	0	0	/2/wp-cron.php?doing_wp_cron=1781538432.8489580154418945312500
1	0	0	3	0	0	29719598	0	0	29677598	0	0	/zup.php
1	0	0	1	0	0	29678117	0	0	29678117	0	0	/assets/plugins/jQuery-File-Upload/server/php/index.php
1	1	0	0	0	29701599	0	0	29701599	0	0	0	/2/wp-cron.php?doing_wp_cron=1781996989.0175120830535888671875
1	1	0	0	0	29674549	0	0	29674549	0	0	0	/2/wp-cron.php?doing_wp_cron=1780373958.5831561088562011718750
1	0	0	1	0	0	29715714	0	0	29715714	0	0	/chomu.php
1	0	0	0	1	0	0	29678118	0	0	29678118	0	/wp-content/plugins/classic-editor/wp-login.php
1	0	0	1	0	0	29699058	0	0	29699058	0	0	/ap.php
1	0	0	14	1	0	29722529	29744883	0	29673808	29744883	0	/aaf.php
1	0	0	3	0	0	29689880	0	0	29677930	0	0	/ayk.php
1	0	0	1	0	0	29699055	0	0	29699055	0	0	/environment.php
1	0	0	0	2	0	0	29678122	0	0	29675210	0	/wp-includes/blocks/file/
1	7	7	0	0	29679068	0	0	29674103	0	0	0	/wp-content/themes/
1	1	0	0	0	29677609	0	0	29677609	0	0	0	/2/wp-cron.php?doing_wp_cron=1780557588.3525309562683105468750
1	1	0	0	0	29689592	0	0	29689592	0	0	0	/2/wp-cron.php?doing_wp_cron=1781276537.9667119979858398437500
1	0	0	0	1	0	0	29759161	0	0	29759161	0	/images/pearl/index.php
1	0	0	1	0	0	29678114	0	0	29678114	0	0	/css/adminfus.php
1	0	0	1	1	0	29722525	29744883	0	29722525	29744883	0	/ups.php
1	0	0	1	0	0	29678114	0	0	29678114	0	0	/wp-admin/js/item.php
1	0	0	1	0	0	29715711	0	0	29715711	0	0	/mnpiyfeish.php
1	0	0	0	3	0	0	29751334	0	0	29749167	0	/awdld.php
1	0	0	2	0	0	29686887	0	0	29677206	0	0	/1a.php
1	1	0	0	0	29703324	0	0	29703324	0	0	0	/2/wp-cron.php?doing_wp_cron=1782100472.2123270034790039062500
1	1	0	0	0	29775285	0	0	29775285	0	0	5716	/product/womens-chiffon-doll-sleeve-chemise
1	0	0	2	0	0	29678124	0	0	29675212	0	0	/wp-admin/user/interactivity-api/
1	1	0	0	0	29697223	0	0	29697223	0	0	0	/2/wp-cron.php?doing_wp_cron=1781734427.5502710342407226562500
1	0	0	1	0	0	29701600	0	0	29701600	0	0	/wpxadmin.php
1	0	0	20	4	0	29740520	29767820	0	29673815	29744884	0	/BDKR28WP.php
1	0	0	13	0	0	29699050	0	0	29673818	0	0	/bb.php
1	0	0	2	1	0	29740521	29750391	0	29699058	29750391	0	/ak.php
1	0	0	0	1	0	0	29746264	0	0	29746264	0	/uoocf.php
1	0	0	13	8	0	29722540	29768844	0	29674020	29744884	0	/aaa.php
1	0	0	0	2	0	0	29747495	0	0	29747442	0	/prosellers8.php
1	1	0	0	0	29767269	0	0	29767269	0	0	4449	http://raspinaclothing.com/wholesale?product=womens-tie-front-shawl-collar-crop-blouse
1	0	0	0	3	0	0	29755803	0	0	29746264	0	/xy.php
1	1	0	0	0	29703324	0	0	29703324	0	0	0	/2/wp-cron.php?doing_wp_cron=1782100455.6546208858489990234375
1	1	0	0	0	29767273	0	0	29767273	0	0	4436	/wholesale?product=womens-midi-flowery-pattern-dress
1	0	0	1	0	0	29678096	0	0	29678096	0	0	/wp-content/plugins/seoplugins/index.php
1	0	0	0	1	0	0	29759161	0	0	29759161	0	/rrr.php
1	0	0	0	1	0	0	29678099	0	0	29678099	0	/js/wp-login.php
1	0	0	1	0	0	29691489	0	0	29691489	0	0	/wp-admin/network/users.php
1	1	0	0	0	29686889	0	0	29686889	0	0	0	/2/wp-cron.php?doing_wp_cron=1781114390.0342009067535400390625
1	0	0	1	0	0	29678116	0	0	29678116	0	0	/wp-includes/assets/system.php
1	0	0	1	0	0	29678105	0	0	29678105	0	0	/css/media-widget-vide02.php
1	0	0	2	0	0	29678091	0	0	29675171	0	0	/wp-includes/ID3/about.php/wp-content/x/index.php
1	0	0	1	0	0	29678105	0	0	29678105	0	0	/autoload_classmap/install.php
1	1	0	0	0	29722536	0	0	29722536	0	0	0	/2/wp-cron.php?doing_wp_cron=1783253218.7341940402984619140625
1	1	0	0	0	29677601	0	0	29677601	0	0	0	/2/wp-cron.php?doing_wp_cron=1780557071.8891520500183105468750
1	1	0	0	0	29712871	0	0	29712871	0	0	0	/2/wp-cron.php?doing_wp_cron=1782673289.7804639339447021484375
1	0	0	0	2	0	0	29755802	0	0	29752904	0	/6623.php
1	1	0	0	0	29775401	0	0	29775401	0	0	6848	/collection/blouse
1	0	0	3	0	0	29703315	0	0	29697215	0	0	/bajah.php
1	0	0	0	1	0	0	29759161	0	0	29759161	0	/ouh.php
1	0	0	1	0	0	29689593	0	0	29689593	0	0	/rzki.php
1	0	0	1	0	0	29676094	0	0	29676094	0	0	/env.js
1	1	0	0	0	29719598	0	0	29719598	0	0	0	/2/wp-cron.php?doing_wp_cron=1783076912.6268260478973388671875
1	1	0	0	0	29689588	0	0	29689588	0	0	0	/2/wp-cron.php?doing_wp_cron=1781276326.0114369392395019531250
1	0	0	0	2	0	0	29747492	0	0	29747441	0	/yee.php
1	1	0	0	0	29674102	0	0	29674102	0	0	0	/2/wp-cron.php?doing_wp_cron=1780347130.9965560436248779296875
1	1	0	0	0	29674101	0	0	29674101	0	0	0	/2/wp-cron.php?doing_wp_cron=1780347075.7942829132080078125000
1	0	0	0	2	0	0	29747495	0	0	29747442	0	/krntz.php
1	0	0	2	0	0	29689593	0	0	29678351	0	0	/myfile.php
1	0	0	1	0	0	29678118	0	0	29678118	0	0	/wp-content/plugins/w3-total-cache/pub/sns.php
1	0	0	0	1	0	0	29759161	0	0	29759161	0	/shellalfa.php
1	0	0	1	0	0	29716861	0	0	29716861	0	0	/Wordpress
1	1	0	23	13	29767820	29740522	29768844	29767820	29674012	29744747	33614	/aa.php
1	1	0	0	0	29719840	0	0	29719840	0	0	0	/2/wp-cron.php?doing_wp_cron=1783091431.7125990390777587890625
1	1	0	0	0	29722440	0	0	29722440	0	0	0	/2/wp-cron.php?doing_wp_cron=1783247455.5885360240936279296875
1	1	0	0	0	29674020	0	0	29674020	0	0	0	/2/wp-cron.php?doing_wp_cron=1780342216.2025980949401855468750
1	0	0	3	0	0	29689877	0	0	29677926	0	0	/axe.php
1	0	0	0	2	0	0	29747492	0	0	29747441	0	/wtogs.php
1	0	0	2	0	0	29678120	0	0	29675195	0	0	/themes/zMousse/
1	1	0	0	0	29678086	0	0	29678086	0	0	0	/2/wp-cron.php?doing_wp_cron=1780586179.5213019847869873046875
1	0	0	9	0	0	29719595	0	0	29674016	0	0	/css/chosen.php
1	1	0	0	0	29699062	0	0	29699062	0	0	0	/2/wp-cron.php?doing_wp_cron=1781844767.1548929214477539062500
1	1	0	0	0	29677601	0	0	29677601	0	0	0	/2/wp-cron.php?doing_wp_cron=1780557077.6477699279785156250000
1	0	0	1	0	0	29678118	0	0	29678118	0	0	/libraries/vendor/updates.php
1	1	0	0	0	29719609	0	0	29719609	0	0	0	/2/wp-cron.php?doing_wp_cron=1783077542.9755249023437500000000
1	1	0	0	0	29775085	0	0	29775085	0	0	5683	/product/womens-gaiter-tunic
1	0	0	1	0	0	29740514	0	0	29740514	0	0	/wp-admin/includes/class-wp-pagebuilders-jxRrsq.php
1	1	0	0	0	29691483	0	0	29691483	0	0	0	/2/wp-cron.php?doing_wp_cron=1781390031.9367749691009521484375
1	0	0	3	0	0	29702856	0	0	29689587	0	0	/d12.php
1	0	0	8	1	0	29697218	29744883	0	29673811	29744883	0	/.well-known/about.php
1	0	0	1	0	0	29678099	0	0	29678099	0	0	/wp-includes/SimplePie/Exception-wp.php
1	1	0	0	0	29689590	0	0	29689590	0	0	0	/2/wp-cron.php?doing_wp_cron=1781276417.8658049106597900390625
1	0	0	11	1	0	29719608	29750390	0	29674018	29750390	0	/ws.php
1	0	0	0	3	0	0	29751334	0	0	29749167	0	/druqr.php
1	0	0	1	0	0	29678106	0	0	29678106	0	0	/wp-admin/images/autoload_classmap.php
1	0	0	0	3	0	0	29751334	0	0	29749167	0	/dqagu.php
1	0	0	1	0	0	29678095	0	0	29678095	0	0	/wp-admin/js/widgets/index.php
1	1	0	0	0	29691482	0	0	29691482	0	0	0	/2/wp-cron.php?doing_wp_cron=1781389931.4256949424743652343750
1	0	0	9	0	0	29719611	0	0	29674021	0	0	/public/5.php
1	0	0	9	0	0	29719604	0	0	29674013	0	0	/onclickfuns.php
1	1	0	0	0	29699064	0	0	29699064	0	0	0	/2/wp-cron.php?doing_wp_cron=1781844851.7631731033325195312500
1	0	0	2	0	0	29678121	0	0	29675197	0	0	/fonts/
1	0	0	0	4	0	0	29679066	0	0	29674102	0	/wp-includes/widgets/
1	0	0	2	0	0	29678089	0	0	29675159	0	0	/images/upload.php
1	0	0	0	1	0	0	29759161	0	0	29759161	0	/nothing2.php
1	2	0	0	0	29775396	0	0	29759181	0	0	13253	/collection/pant
1	0	0	0	1	0	0	29750391	0	0	29750391	0	/selesai.php
1	0	0	1	3	0	29689592	29747495	0	29689592	29746265	0	/gptsh.php
1	0	0	1	0	0	29678105	0	0	29678105	0	0	/wp-includes/wp-sup.php
1	0	0	0	2	0	0	29747495	0	0	29747442	0	/a31.php
1	0	0	1	0	0	29678102	0	0	29678102	0	0	/wp-content/plugins/wp-conflg.php
1	1	0	0	0	29678121	0	0	29678121	0	0	0	/2/wp-cron.php?doing_wp_cron=1780588271.2731730937957763671875
1	0	0	1	0	0	29678097	0	0	29678097	0	0	/wp-content/1.php
1	0	0	14	1	0	29719597	29745195	0	29674014	29745195	0	/item.php
1	0	0	1	0	0	29678118	0	0	29678118	0	0	/wp-includes/blocks/latest-comments/template-loader.php
1	0	0	1	0	0	29678116	0	0	29678116	0	0	/wp-includes/block-patterns/about.php
1	0	0	2	0	0	29678090	0	0	29675164	0	0	/images/DJP9.php
1	0	0	1	0	0	29699054	0	0	29699054	0	0	/8xyz.php
1	1	0	0	0	29697221	0	0	29697221	0	0	0	/2/wp-cron.php?doing_wp_cron=1781734309.9745600223541259765625
1	0	0	0	1	0	0	29750390	0	0	29750390	0	/sletj.php
1	0	0	4	2	0	29715716	29747492	0	29677206	29747441	0	/xper1.php
1	1	0	0	0	29692497	0	0	29692497	0	0	0	/2/wp-cron.php?doing_wp_cron=1781450874.8083961009979248046875
1	0	0	1	0	0	29678343	0	0	29678343	0	0	/wp-sing.php
1	1	0	0	0	29715713	0	0	29715713	0	0	0	/2/wp-cron.php?doing_wp_cron=1782843781.3740251064300537109375
1	0	0	0	1	0	0	29773945	0	0	29773945	0	/2020/wp-includes/wlwmanifest.xml
1	1	0	0	0	29678099	0	0	29678099	0	0	0	/2/wp-cron.php?doing_wp_cron=1780586956.3311469554901123046875
1	0	0	0	2	0	0	29773945	0	0	29767457	0	/2019/wp-includes/wlwmanifest.xml
1	0	0	3	3	0	29701593	29751334	0	29691482	29749167	0	/eetu.php
1	1	0	0	0	29769649	0	0	29769649	0	0	4431	/wholesale?product=womens-round-neck-crepe-dress
1	0	0	17	1	0	29719602	29745195	0	29674011	29745195	0	/amax.php
1	1	0	0	0	29719611	0	0	29719611	0	0	0	/2/wp-cron.php?doing_wp_cron=1783077662.0074288845062255859375
1	0	0	5	4	0	29686890	29768844	0	29675093	29756925	0	/wk/index.php
1	0	0	0	10	0	0	29744883	0	0	29674102	0	/wp-includes/sodium_compat/
1	0	0	1	0	0	29689589	0	0	29689589	0	0	/6kDPjgFTmvS.php
1	1	0	0	0	29699058	0	0	29699058	0	0	0	/2/wp-cron.php?doing_wp_cron=1781844496.8053450584411621093750
1	1	0	0	0	29702852	0	0	29702852	0	0	0	/2/wp-cron.php?doing_wp_cron=1782072151.0114619731903076171875
1	1	0	0	0	29715709	0	0	29715709	0	0	0	/2/wp-cron.php?doing_wp_cron=1782843591.7454879283905029296875
1	0	0	5	4	0	29740519	29760771	0	29701595	29746264	0	/solo1.php
1	0	0	1	0	0	29678107	0	0	29678107	0	0	/wp-includes/class-wp-session-tokens-https.php
1	0	0	2	0	0	29678120	0	0	29675197	0	0	/autoload_classmap/
1	0	0	0	1	0	0	29745195	0	0	29745195	0	/storage/index.php
1	0	0	2	0	0	29709528	0	0	29708412	0	0	/spurwing.php
1	0	0	1	0	0	29678111	0	0	29678111	0	0	/images/fm.php7
1	0	0	9	0	0	29719610	0	0	29674016	0	0	/t/rfi.php
1	0	0	1	0	0	29719595	0	0	29719595	0	0	/wp-sigunq.php
1	1	0	0	0	29714055	0	0	29714055	0	0	0	/2/wp-cron.php?doing_wp_cron=1782744319.7064900398254394531250
1	0	0	0	2	0	0	29678122	0	0	29675210	0	/wp-includes/blocks/group/
1	0	0	0	2	0	0	29773945	0	0	29767457	0	/wp-includes/wlwmanifest.xml
1	0	0	1	3	0	29715711	29751334	0	29715711	29749167	0	/xenium4.php
1	1	0	0	0	29678347	0	0	29678347	0	0	0	/2/wp-cron.php?doing_wp_cron=1780601835.5839900970458984375000
1	0	0	1	0	0	29689592	0	0	29689592	0	0	/wtiiy.php
1	1	0	0	0	29678096	0	0	29678096	0	0	0	/2/wp-cron.php?doing_wp_cron=1780586806.5726120471954345703125
1	0	0	35	6	0	29722535	29768844	0	29673815	29744883	0	/ms-edit.php
1	0	0	0	10	0	0	29744883	0	0	29674099	0	/wp-includes/Text/
1	1	0	0	0	29699063	0	0	29699063	0	0	0	/2/wp-cron.php?doing_wp_cron=1781844798.5829319953918457031250
1	0	0	1	0	0	29678102	0	0	29678102	0	0	/wp-content/themes/twentytwentyfour/system_cache.php
1	1	0	0	0	29722534	0	0	29722534	0	0	0	/2/wp-cron.php?doing_wp_cron=1783253044.8771820068359375000000
1	1	0	0	0	29678341	0	0	29678341	0	0	0	/2/wp-cron.php?doing_wp_cron=1780601519.8222088813781738281250
1	1	0	0	0	29674548	0	0	29674548	0	0	0	/2/wp-cron.php?doing_wp_cron=1780373891.2836949825286865234375
1	1	0	0	0	29733336	0	0	29733336	0	0	0	/2/wp-cron.php?doing_wp_cron=1783901162.6662900447845458984375
1	0	0	1	0	0	29678111	0	0	29678111	0	0	/wp-includes/bypass.php
1	0	0	9	5	0	29719592	29768845	0	29674019	29745195	0	/archive.php
1	0	0	1	1	0	29722528	29744883	0	29722528	29744883	0	/yyu.php
1	0	0	2	0	0	29678122	0	0	29675202	0	0	/wp-includes/SimplePie/Cache/
1	1	0	0	0	29677924	0	0	29677924	0	0	0	/2/wp-cron.php?doing_wp_cron=1780576452.3711380958557128906250
1	0	0	1	0	0	29678103	0	0	29678103	0	0	/wp-includes/class-wp-dependency-float.php
1	1	0	0	0	29701591	0	0	29701591	0	0	0	/2/wp-cron.php?doing_wp_cron=1781996491.1893730163574218750000
1	0	0	1	0	0	29678111	0	0	29678111	0	0	/wp-api.php
1	0	0	1	0	0	29678099	0	0	29678099	0	0	/delpaths.php
1	0	0	0	1	0	0	29746265	0	0	29746265	0	/fpr4.php
1	1	0	0	0	29722321	0	0	29722321	0	0	0	/2/wp-cron.php?doing_wp_cron=1783240275.2584319114685058593750
1	1	0	0	0	29694304	0	0	29694304	0	0	0	/2/wp-cron.php?doing_wp_cron=1781559271.9093229770660400390625
1	0	0	1	0	0	29678118	0	0	29678118	0	0	/wp-content/plugins/filester/assets/css/404.php
1	1	0	0	0	29691482	0	0	29691482	0	0	0	/2/wp-cron.php?doing_wp_cron=1781389935.5883610248565673828125
1	0	0	18	7	0	29722532	29760771	0	29673811	29744883	0	/crgio.php
1	0	0	1	0	0	29740515	0	0	29740515	0	0	/wp-includes/class-wp-admin-bar-encryption.php
1	0	0	3	0	0	29686891	0	0	29677211	0	0	/wp-admin/includes/index.php
1	0	0	1	2	0	29701600	29747492	0	29701600	29747442	0	/lti.php
1	0	0	32	6	0	29722525	29768844	0	29673807	29744883	0	/x.php
1	0	0	2	0	0	29678122	0	0	29675210	0	0	/wordpress/wp-content/uploads/
1	0	0	2	0	0	29678089	0	0	29675159	0	0	/tinyfilemanager.php
1	1	0	0	0	29678348	0	0	29678348	0	0	0	/2/wp-cron.php?doing_wp_cron=1780601915.5611870288848876953125
1	0	0	1	0	0	29678118	0	0	29678118	0	0	/wp-content/themes/theme-check/main.php
1	0	0	3	1	0	29740522	29750390	0	29699059	29750390	0	/wp-home.php
1	0	0	0	5	0	0	29678124	0	0	29675093	0	/wp-includes/js/tinymce/plugins/compat3x/css/
1	1	0	0	0	29692497	0	0	29692497	0	0	0	/2/wp-cron.php?doing_wp_cron=1781450870.8479800224304199218750
1	0	0	7	1	0	29715711	29746264	0	29677205	29746264	0	/19.php
1	1	0	0	0	29691488	0	0	29691488	0	0	0	/2/wp-cron.php?doing_wp_cron=1781390336.4985079765319824218750
1	0	0	2	0	0	29678123	0	0	29675211	0	0	/wp-content/plugins/content-management/
1	0	0	1	0	0	29678094	0	0	29678094	0	0	/wp-includes/pomo/index.php
1	0	0	3	0	0	29719598	0	0	29677598	0	0	/c1.php
1	1	0	0	0	29713808	0	0	29713808	0	0	0	/2/wp-cron.php?doing_wp_cron=1782729525.0086040496826171875000
1	0	0	0	2	0	0	29747492	0	0	29747442	0	/q7lhrgzoo7ijhnkcedq2Cdefault.php
1	0	0	12	10	0	29722539	29767172	0	29673819	29744884	0	/xwpg.php
1	0	0	2	1	0	29699056	29750391	0	29678347	29750391	0	/ff1.php
1	0	0	1	0	0	29679672	0	0	29679672	0	0	/wp-json/wp/v2/users/
1	0	0	2	0	0	29678093	0	0	29675192	0	0	/images/class.php
1	1	0	0	0	29678111	0	0	29678111	0	0	0	/2/wp-cron.php?doing_wp_cron=1780587670.2017829418182373046875
1	0	0	0	2	0	0	29760771	0	0	29757598	0	/f35.update.php
1	0	0	1	0	0	29701599	0	0	29701599	0	0	/reune.php
1	0	0	0	4	0	0	29679064	0	0	29674099	0	/wp-includes/Text/Diff/Renderer/
1	0	0	5	0	0	29702856	0	0	29678097	0	0	/wp-content/radio.php
1	0	0	1	0	0	29678114	0	0	29678114	0	0	/wp-includes/class-wp-scripts-query.php
1	0	0	11	0	0	29719599	0	0	29674020	0	0	/s.php
1	0	0	0	4	0	0	29751334	0	0	29749167	0	/only.php
1	0	0	2	0	0	29678092	0	0	29675172	0	0	/wp-content/uploads/autoload_classmap.php
1	1	0	0	0	29698654	0	0	29698654	0	0	0	/2/wp-cron.php?doing_wp_cron=1781820295.5556619167327880859375
1	1	0	0	0	29703314	0	0	29703314	0	0	0	/2/wp-cron.php?doing_wp_cron=1782099874.1362709999084472656250
1	0	0	1	0	0	29678095	0	0	29678095	0	0	/wp-includes/fonts/about.php
1	0	0	2	0	0	29678124	0	0	29676097	0	0	/wordpress/wp-admin/includes/wp-admin/js/
1	0	0	0	4	0	0	29760771	0	0	29752904	0	/akimet.php
1	0	0	0	2	0	0	29767820	0	0	29746519	0	/akismet.php
1	0	0	0	3	0	0	29751334	0	0	29749167	0	/SS72_kKKjT.php
1	0	0	1	0	0	29678094	0	0	29678094	0	0	/wp-admin/index.php
1	1	0	0	0	29674019	0	0	29674019	0	0	0	/2/wp-cron.php?doing_wp_cron=1780342156.8527119159698486328125
1	0	0	1	0	0	29699055	0	0	29699055	0	0	/tphp.php
1	0	0	1	0	0	29678112	0	0	29678112	0	0	/wp-includes/js/wp-conflg.php
1	0	0	1	0	0	29678099	0	0	29678099	0	0	/wp-admin/css/colors/blue/gold.php
1	0	0	1	0	0	29740514	0	0	29740514	0	0	/wp-admin/images/bolt.php
1	1	0	0	0	29697220	0	0	29697220	0	0	0	/2/wp-cron.php?doing_wp_cron=1781734256.0415220260620117187500
1	0	0	1	0	0	29689587	0	0	29689587	0	0	/xsas.php
1	0	0	1	0	0	29740515	0	0	29740515	0	0	/wp-includes/class.wp-styles-session.php
1	1	0	0	0	29694300	0	0	29694300	0	0	0	/2/wp-cron.php?doing_wp_cron=1781559012.7391860485076904296875
1	0	0	1	0	0	29699050	0	0	29699050	0	0	/se/name.php
1	9	0	0	5	29722528	0	29768844	29675094	0	29744883	0	/wp-content/index.php
1	0	0	0	2	0	0	29747492	0	0	29747441	0	/ynjli.php
1	0	0	1	0	0	29678120	0	0	29678120	0	0	/assets/jquery-ui/images/lock2.php
1	0	0	2	0	0	29678093	0	0	29675192	0	0	/wp-admin/css/colors/blue/index.php
1	1	0	0	0	29699052	0	0	29699052	0	0	0	/2/wp-cron.php?doing_wp_cron=1781844142.3511779308319091796875
1	0	0	1	0	0	29699055	0	0	29699055	0	0	/wso2.php
1	0	0	1	0	0	29678095	0	0	29678095	0	0	/xl2023.php
1	0	0	1	0	0	29678101	0	0	29678101	0	0	/wsa.php
1	1	0	0	0	29689873	0	0	29689873	0	0	0	/2/wp-cron.php?doing_wp_cron=1781293391.3880250453948974609375
1	0	0	5	1	0	29701592	29750391	0	29677923	29750391	0	/zoo.php
1	1	0	0	0	29699061	0	0	29699061	0	0	0	/2/wp-cron.php?doing_wp_cron=1781844706.2884140014648437500000
1	0	0	1	0	0	29740515	0	0	29740515	0	0	/wp-includes/class-walker-category-all-sample.php
1	0	0	1	0	0	29678116	0	0	29678116	0	0	/wp-admin/maint/flex.php
1	0	0	3	3	0	29719598	29751334	0	29677598	29749167	0	/a9.php
1	0	0	1	0	0	29678098	0	0	29678098	0	0	/wp-admin/js/instaall.php
1	0	0	1	0	0	29701594	0	0	29701594	0	0	/st.php
1	1	0	0	0	29675159	0	0	29675159	0	0	0	/2/wp-cron.php?doing_wp_cron=1780410580.9819850921630859375000
1	1	0	0	0	29676097	0	0	29676097	0	0	0	/2/wp-cron.php?doing_wp_cron=1780466830.6716480255126953125000
1	0	0	0	1	0	0	29750391	0	0	29750391	0	/zxekqlxb.php
1	0	0	2	0	0	29678123	0	0	29675211	0	0	/backup/
1	0	0	4	3	0	29740519	29755803	0	29708412	29746264	0	/miru1.php
1	0	0	1	0	0	29678115	0	0	29678115	0	0	/wp-includes/log.php
1	0	0	1	0	0	29678096	0	0	29678096	0	0	/.well-known/acme-challenge/plugins.php
1	0	0	3	4	0	29719594	29768844	0	29678344	29756925	0	/i.php
1	0	0	1	0	0	29678100	0	0	29678100	0	0	/wp-content/style.php
1	0	0	4	2	0	29691483	29747495	0	29677928	29747443	0	/press.php
1	0	0	0	4	0	0	29760771	0	0	29752903	0	/php5.php
1	1	0	0	0	29698661	0	0	29698661	0	0	0	/2/wp-cron.php?doing_wp_cron=1781820707.7044210433959960937500
1	0	0	1	0	0	29678099	0	0	29678099	0	0	/customize.php
1	0	0	1	0	0	29678101	0	0	29678101	0	0	/wp-content/themes/twentytwentyfour/wonder.php
1	1	0	0	0	29677606	0	0	29677606	0	0	0	/2/wp-cron.php?doing_wp_cron=1780557377.8107481002807617187500
1	1	0	0	0	29675098	0	0	29675098	0	0	0	/2/wp-cron.php?doing_wp_cron=1780406893.7904610633850097656250
1	0	0	2	0	0	29740513	0	0	29740512	0	0	/wp-includes/class-mail.php
1	1	0	0	0	29712688	0	0	29712688	0	0	0	/2/wp-cron.php?doing_wp_cron=1782662331.2060449123382568359375
1	1	0	0	0	29774970	0	0	29774970	0	0	5583	/product/womens-drop-shoulder-cardigan
1	1	0	0	0	29695188	0	0	29695188	0	0	0	/2/wp-cron.php?doing_wp_cron=1781612283.8827741146087646484375
1	0	0	17	1	0	29719607	29750390	0	29674017	29750390	0	/a4.php
1	0	0	1	0	0	29678103	0	0	29678103	0	0	/tinyfilemanager/tinyfilemanager.php
1	1	0	0	0	29775354	0	0	29775354	0	0	6575	/collection/coat
1	0	0	7	0	0	29679066	0	0	29674102	0	0	/wp-content/cache/
1	0	0	0	4	0	0	29768845	0	0	29756925	0	/atex1.php
1	1	0	0	0	29701596	0	0	29701596	0	0	0	/2/wp-cron.php?doing_wp_cron=1781996761.1816310882568359375000
1	0	0	1	0	0	29715716	0	0	29715716	0	0	/FAQ.php
1	1	0	0	0	29689592	0	0	29689592	0	0	0	/2/wp-cron.php?doing_wp_cron=1781276570.4505450725555419921875
1	0	0	3	0	0	29703314	0	0	29697214	0	0	/cxs.php
1	1	0	0	0	29702853	0	0	29702853	0	0	0	/2/wp-cron.php?doing_wp_cron=1782072196.4876949787139892578125
1	1	0	0	0	29715710	0	0	29715710	0	0	0	/2/wp-cron.php?doing_wp_cron=1782843620.5566968917846679687500
1	1	0	0	0	29722526	0	0	29722526	0	0	0	/2/wp-cron.php?doing_wp_cron=1783252616.1542730331420898437500
1	0	0	1	0	0	29678113	0	0	29678113	0	0	/wp-admin/images/chosen.php
1	0	0	1	0	0	29678094	0	0	29678094	0	0	/wp-includes/ID3/wp-work.php
1	0	0	4	1	0	29722529	29744883	0	29697215	29744883	0	/file52.php
1	0	0	1	0	0	29678119	0	0	29678119	0	0	/assets/global/plugins/plupload/examples/upload.php
1	1	0	0	0	29700279	0	0	29700279	0	0	0	/2/wp-cron.php?doing_wp_cron=1781917771.2815079689025878906250
1	0	0	4	0	0	29719598	0	0	29677598	0	0	/system.php
1	0	0	1	0	0	29699049	0	0	29699049	0	0	/edit-css.php
1	0	0	5	0	0	29689879	0	0	29677208	0	0	/options.php
1	0	0	5	0	0	29689877	0	0	29677205	0	0	/d.php
1	0	0	2	0	0	29722113	0	0	29678103	0	0	/functions.php
1	0	0	0	2	0	0	29755802	0	0	29752903	0	/afodf.php
1	0	0	1	0	0	29678108	0	0	29678108	0	0	/wp-admin/css/colors/blue/colors.php
1	0	0	2	1	0	29693955	29746265	0	29692496	29746265	0	/777.php
1	0	0	1	0	0	29678100	0	0	29678100	0	0	/wp-admin/maint/maint.php
1	1	0	0	0	29740522	0	0	29740522	0	0	0	/2/wp-cron.php?doing_wp_cron=1784332323.7972819805145263671875
1	1	0	0	0	29677204	0	0	29677204	0	0	0	/2/wp-cron.php?doing_wp_cron=1780533285.1208050251007080078125
1	0	0	0	2	0	0	29747492	0	0	29747441	0	/gbhyv.php
1	1	0	0	0	29699054	0	0	29699054	0	0	0	/2/wp-cron.php?doing_wp_cron=1781844290.6565830707550048828125
1	1	0	0	0	29686883	0	0	29686883	0	0	0	/2/wp-cron.php?doing_wp_cron=1781114020.5702810287475585937500
1	0	0	3	0	0	29698650	0	0	29675253	0	0	/Ar.php
1	0	0	2	0	0	29678104	0	0	29674548	0	0	/.trash7309/index.php
1	0	0	1	0	0	29699050	0	0	29699050	0	0	/ta.php
1	1	0	0	0	29678116	0	0	29678116	0	0	0	/2/wp-cron.php?doing_wp_cron=1780587975.0508530139923095703125
1	0	0	0	2	0	0	29755802	0	0	29752903	0	/secret462.php
1	1	0	0	0	29722531	0	0	29722531	0	0	0	/2/wp-cron.php?doing_wp_cron=1783252918.5945909023284912109375
1	1	0	0	0	29678095	0	0	29678095	0	0	0	/2/wp-cron.php?doing_wp_cron=1780586746.5950219631195068359375
1	1	0	0	0	29775256	0	0	29775256	0	0	6840	/collection/summer-collection?page=2
1	0	0	4	1	0	29722538	29744884	0	29697224	29744884	0	/file46.php
1	1	0	0	0	29697220	0	0	29697220	0	0	0	/2/wp-cron.php?doing_wp_cron=1781734247.2480320930480957031250
1	0	0	0	2	0	0	29767820	0	0	29767172	0	/a3ampzmbipnkpxeqhqpsanCdefault.php
1	0	0	1	0	0	29678113	0	0	29678113	0	0	/js/class_api.php
1	0	0	1	0	0	29678118	0	0	29678118	0	0	/wp-admin/includes/nav-menu-trigger.php
1	0	0	1	0	0	29678104	0	0	29678104	0	0	/nation.php
1	1	0	0	0	29767984	0	0	29767984	0	0	5190	/product/womens-patterned-raglan-sleeve-blouse
1	0	0	1	0	0	29678114	0	0	29678114	0	0	/adminfus.php
1	0	0	2	0	0	29679064	0	0	29674099	0	0	/wp-content/plugins/ninja-forms/
1	1	0	0	0	29698859	0	0	29698859	0	0	0	/2/wp-cron.php?doing_wp_cron=1781832556.0061500072479248046875
1	1	0	0	0	29702856	0	0	29702856	0	0	0	/2/wp-cron.php?doing_wp_cron=1782072365.1324028968811035156250
1	0	0	1	0	0	29701597	0	0	29701597	0	0	/white.php
1	1	0	0	0	29775373	0	0	29775373	0	0	4444	/wholesale?product=womens-waist-dart-blouse-bone-color
1	0	0	1	0	0	29678118	0	0	29678118	0	0	/wp-content/plugins/Ultimate_VC_Addons/assets/alfa-rex.php
1	0	0	24	6	0	29722535	29768844	0	29673814	29744883	0	/adminfuns.php
1	1	0	0	0	29675212	0	0	29675212	0	0	0	/2/wp-cron.php?doing_wp_cron=1780413742.9464349746704101562500
1	0	0	3	0	0	29719610	0	0	29677612	0	0	/wp-content/155.php
1	0	0	53	20	0	29740519	29768844	0	29673807	29744747	0	/wp-content/plugins/hellopress/wp_filemanager.php
1	0	0	4	1	0	29722529	29744883	0	29697216	29744883	0	/dejavu.php
1	0	0	0	2	0	0	29678093	0	0	29675193	0	/wp-admin/css/colors/midnight/wp-login.php
1	1	0	0	0	29740521	0	0	29740521	0	0	0	/2/wp-cron.php?doing_wp_cron=1784332295.1977539062500000000000
1	1	0	0	0	29740515	0	0	29740515	0	0	0	/2/wp-cron.php?doing_wp_cron=1784331927.8156859874725341796875
1	0	0	1	0	0	29678120	0	0	29678120	0	0	/wp-includes/js/tinymce/skins/wordpress/images/index.php
1	0	0	1	0	0	29678114	0	0	29678114	0	0	/wp-includes/css/litespeed.php
1	0	0	2	0	0	29699058	0	0	29678347	0	0	/fun.php
1	1	0	0	0	29691147	0	0	29691147	0	0	0	/2/wp-cron.php?doing_wp_cron=1781369867.7430090904235839843750
1	0	0	5	0	0	29698659	0	0	29675263	0	0	/file41.php
1	0	0	1	0	0	29715711	0	0	29715711	0	0	/v55.php
1	0	0	1	0	0	29691482	0	0	29691482	0	0	/w3llstore.php
1	0	0	1	0	0	29678104	0	0	29678104	0	0	/wp-includes/IXR/goto.php
1	0	0	3	0	0	29719596	0	0	29677597	0	0	/alex.php
1	1	0	0	0	29722538	0	0	29722538	0	0	0	/2/wp-cron.php?doing_wp_cron=1783253312.1560111045837402343750
1	0	0	9	0	0	29719606	0	0	29674016	0	0	/sendmail.php
1	0	0	11	4	0	29719610	29754746	0	29674016	29746013	0	/ALFA_DATA/alfacgiapi/perl.alfa
1	0	0	0	1	0	0	29755802	0	0	29755802	0	/h2h.php
1	0	0	1	0	0	29678103	0	0	29678103	0	0	/wp-includes/customize/class-wp-customize-nav-menu-auto-add-control-repository.php
1	0	0	2	0	0	29678122	0	0	29675202	0	0	/wp-content/themes/sky-pro/
1	0	0	2	0	0	29678091	0	0	29675172	0	0	/wp-includes/assets/info.php
1	0	0	4	2	0	29740517	29750390	0	29678105	29744747	0	/wp-head.php
1	0	0	1	0	0	29678103	0	0	29678103	0	0	/wp-includes/Text/options.php
1	1	0	0	0	29678092	0	0	29678092	0	0	0	/2/wp-cron.php?doing_wp_cron=1780586531.1826429367065429687500
1	0	0	1	0	0	29678111	0	0	29678111	0	0	/wp-includes/certificates/chosen.php
1	1	0	0	0	29715716	0	0	29715716	0	0	0	/2/wp-cron.php?doing_wp_cron=1782844010.0839149951934814453125
1	0	0	1	0	0	29678106	0	0	29678106	0	0	/wp-includes/images/smilies/simi.php
1	0	0	1	0	0	29678110	0	0	29678110	0	0	/wp-content/plugins/pwnd-1/dedi1.php
1	1	0	0	0	29735820	0	0	29735820	0	0	0	/2/wp-cron.php?doing_wp_cron=1784050230.4530749320983886718750
1	1	0	0	0	29693755	0	0	29693755	0	0	0	/2/wp-cron.php?doing_wp_cron=1781526299.3480210304260253906250
1	0	0	0	4	0	0	29760771	0	0	29752903	0	/fi22.php
1	0	0	0	4	0	0	29768845	0	0	29756925	0	/wpc.php
1	1	0	0	0	29699054	0	0	29699054	0	0	0	/2/wp-cron.php?doing_wp_cron=1781844294.6029839515686035156250
1	0	0	1	0	0	29674550	0	0	29674550	0	0	/gfile.php
1	0	0	1	0	0	29678112	0	0	29678112	0	0	/wp-admin/css/colors/blue/pass.php
1	0	0	8	4	0	29715712	29760771	0	29674551	29745195	0	/moon.php
1	0	0	18	7	0	29722534	29768844	0	29673813	29744883	0	/admin.php
1	1	0	0	0	29677929	0	0	29677929	0	0	0	/2/wp-cron.php?doing_wp_cron=1780576755.3715829849243164062500
1	1	0	0	0	29692394	0	0	29692394	0	0	0	/2/wp-cron.php?doing_wp_cron=1781444688.1306600570678710937500
1	0	0	1	0	0	29678112	0	0	29678112	0	0	/testt.php
1	0	0	2	0	0	29676742	0	0	29676094	0	0	/vault.env
1	0	0	1	0	0	29678344	0	0	29678344	0	0	/file30.php
1	0	0	1	0	0	29701595	0	0	29701595	0	0	/wp-kimjong.php
1	0	0	1	0	0	29678113	0	0	29678113	0	0	/wp-includes/customize/about.php
1	0	0	1	0	0	29678110	0	0	29678110	0	0	/wp-includes/pomo/plugins.php
1	0	0	2	0	0	29678122	0	0	29675202	0	0	/img/
1	1	0	0	0	29775209	0	0	29775209	0	0	4442	/wholesale?product=womens-chiffon-doll-sleeve-chemise
1	0	0	2	0	0	29679064	0	0	29674100	0	0	/admin/
1	1	0	0	0	29700144	0	0	29700144	0	0	0	/2/wp-cron.php?doing_wp_cron=1781909669.1504299640655517578125
1	0	0	1	0	0	29678107	0	0	29678107	0	0	/wp-includes/class-wp-network-query-stat.php
1	0	0	1	0	0	29678095	0	0	29678095	0	0	/wp-content/plugins/view-more/ioxi.php
1	1	0	0	0	29775392	0	0	29775392	0	0	4426	/wholesale?product=womens-gaiter-chemise
1	1	0	0	0	29697224	0	0	29697224	0	0	0	/2/wp-cron.php?doing_wp_cron=1781734451.9761478900909423828125
1	1	0	0	0	29674030	0	0	29674030	0	0	0	/2/wp-cron.php?doing_wp_cron=1780342843.2201180458068847656250
1	1	0	0	0	29678103	0	0	29678103	0	0	0	/2/wp-cron.php?doing_wp_cron=1780587226.0166959762573242187500
1	0	0	0	1	0	0	29759161	0	0	29759161	0	/dlu.php
1	1	0	0	0	29775055	0	0	29775055	0	0	4435	/wholesale?product=womens-striped-gaiter-blouse
1	0	0	2	0	0	29678089	0	0	29675159	0	0	/wp-content/upgrade/item.php
1	1	0	0	0	29694301	0	0	29694301	0	0	0	/2/wp-cron.php?doing_wp_cron=1781559107.2462270259857177734375
1	0	0	1	0	0	29678113	0	0	29678113	0	0	/wp-admin/css/colors/gold.php
1	1	0	0	0	29674418	0	0	29674418	0	0	0	/2/wp-cron.php?doing_wp_cron=1780366097.2993299961090087890625
1	1	0	0	0	29694299	0	0	29694299	0	0	0	/2/wp-cron.php?doing_wp_cron=1781558992.9547240734100341796875
1	1	0	0	0	29674015	0	0	29674015	0	0	0	/2/wp-cron.php?doing_wp_cron=1780341943.9250349998474121093750
1	1	0	0	0	29675159	0	0	29675159	0	0	0	/2/wp-cron.php?doing_wp_cron=1780410550.6771240234375000000000
1	0	0	9	1	0	29719609	29759161	0	29674020	29759161	0	/size.php
1	0	0	1	0	0	29678101	0	0	29678101	0	0	/tox.php
1	0	0	10	0	0	29722110	0	0	29673820	0	0	/wp-admin/css/colors/midnight/about.php
1	0	0	5	0	0	29698651	0	0	29675253	0	0	/tw0.php
1	0	0	1	0	0	29678114	0	0	29678114	0	0	/wp-content/themes/classwithtostring.php 
1	0	0	1	0	0	29676094	0	0	29676094	0	0	/asset-manifest.json
1	1	0	0	0	29678097	0	0	29678097	0	0	0	/2/wp-cron.php?doing_wp_cron=1780586836.5379528999328613281250
1	0	0	1	0	0	29678117	0	0	29678117	0	0	/wp-content/uploads/autodiagnosis.php
1	0	0	0	3	0	0	29751334	0	0	29749167	0	/oircv.php
1	0	0	1	0	0	29678096	0	0	29678096	0	0	/wp-includes/customize/dedi1.php
1	0	0	0	1	0	0	29759161	0	0	29759161	0	/ant.php
1	0	0	13	1	0	29722531	29744883	0	29673810	29744883	0	/25d653587fdfd1.php
1	1	0	0	0	29680209	0	0	29680209	0	0	0	/2/wp-cron.php?doing_wp_cron=1780713594.3952789306640625000000
1	0	0	2	0	0	29678122	0	0	29675202	0	0	/components/com_newsfeeds/models/
1	0	0	1	1	0	29740517	29750390	0	29740517	29750390	0	/public/wp-ws68.php
1	0	0	1	0	0	29678104	0	0	29678104	0	0	/wp-content/themes/aahana/worksec.php
1	0	0	1	0	0	29678099	0	0	29678099	0	0	/fonts/database.php
1	0	0	1	0	0	29701599	0	0	29701599	0	0	/mixer.php
1	1	0	0	0	29678109	0	0	29678109	0	0	0	/2/wp-cron.php?doing_wp_cron=1780587555.8323519229888916015625
1	1	0	0	0	29678109	0	0	29678109	0	0	0	/2/wp-cron.php?doing_wp_cron=1780587587.5804529190063476562500
1	0	0	0	1	0	0	29745195	0	0	29745195	0	/plugins.php?p=
1	0	0	0	4	0	0	29760771	0	0	29752904	0	/11PJcpMFsD8B.php
1	0	0	2	4	0	29701590	29760771	0	29699050	29752904	0	/op.php
1	0	0	0	4	0	0	29760771	0	0	29752904	0	/ano.php
1	1	0	0	0	29691140	0	0	29691140	0	0	0	/2/wp-cron.php?doing_wp_cron=1781369415.9813389778137207031250
1	1	0	0	0	29698651	0	0	29698651	0	0	0	/2/wp-cron.php?doing_wp_cron=1781820107.6496229171752929687500
1	0	0	2	0	0	29678120	0	0	29675197	0	0	/wp-content/plugins/pwnd-1/
1	1	0	0	0	29719596	0	0	29719596	0	0	0	/wp-cron.php
1	0	0	1	0	0	29678115	0	0	29678115	0	0	/wp-content/plugins/wp-theme-editor/include.php 
1	0	0	0	3	0	0	29751334	0	0	29749167	0	/userfuns.php
1	1	0	0	0	29677202	0	0	29677202	0	0	0	/2/wp-cron.php?doing_wp_cron=1780533168.8492479324340820312500
1	1	0	0	0	29677929	0	0	29677929	0	0	0	/2/wp-cron.php?doing_wp_cron=1780576750.5888130664825439453125
1	0	0	0	1	0	0	29755803	0	0	29755803	0	/yuuds.php
1	0	0	0	1	0	0	29746519	0	0	29746519	0	/old.php
1	1	0	0	0	29722107	0	0	29722107	0	0	0	/2/wp-cron.php?doing_wp_cron=1783227453.2728629112243652343750
1	0	0	0	2	0	0	29755802	0	0	29752904	0	/xmini.php
1	0	0	2	0	0	29678093	0	0	29675192	0	0	/wp-includes/style-engine/bypass.php
1	0	0	1	0	0	29678111	0	0	29678111	0	0	/assets/class_update_plugins.php
1	0	0	1	0	0	29678106	0	0	29678106	0	0	/wp-includes/assets/script-modules-packages.min-boolean.php
1	0	0	13	6	0	29719609	29760771	0	29674020	29746264	0	/ortasekerli1.php
1	0	0	18	5	0	29719592	29768844	0	29674010	29756925	0	/ioxi-o.php
1	0	0	6	0	0	29722106	0	0	29675099	0	0	/ok.php
1	0	0	0	3	0	0	29760771	0	0	29746264	0	/class-walker-footer-dev.php
1	0	0	0	1	0	0	29745196	0	0	29745196	0	/settings.php
1	0	0	0	3	0	0	29751334	0	0	29749167	0	/itlvk.php
1	0	0	1	0	0	29678108	0	0	29678108	0	0	/wp-includes/rk2.php
1	0	0	1	3	0	29689590	29751334	0	29689590	29749167	0	/ws85.php
1	1	0	0	0	29697218	0	0	29697218	0	0	0	/2/wp-cron.php?doing_wp_cron=1781734091.4896559715270996093750
1	0	0	0	3	0	0	29751334	0	0	29749167	0	/amwxl.php
1	1	0	0	0	29715711	0	0	29715711	0	0	0	/2/wp-cron.php?doing_wp_cron=1782843691.1672289371490478515625
1	1	0	0	0	29722533	0	0	29722533	0	0	0	/2/wp-cron.php?doing_wp_cron=1783253038.9463748931884765625000
1	0	0	9	0	0	29719594	0	0	29674015	0	0	/file/chosen.php
1	0	0	2	0	0	29678121	0	0	29675202	0	0	/wp-content/plugins/ccx/
1	1	0	0	0	29674111	0	0	29674111	0	0	0	/2/wp-cron.php?doing_wp_cron=1780347701.8302400112152099609375
1	1	0	0	0	29695590	0	0	29695590	0	0	0	/2/wp-cron.php?doing_wp_cron=1781636443.3307719230651855468750
1	0	0	1	0	0	29678109	0	0	29678109	0	0	/wp-content/uploads/fileman.php
1	0	0	10	2	0	29719603	29759161	0	29674011	29745195	0	/css.php
1	0	0	1	0	0	29678110	0	0	29678110	0	0	/wp-includes/fonts/class_api.php
1	0	0	5	0	0	29698650	0	0	29673807	0	0	/ultra.php
1	1	0	0	0	29680595	0	0	29680595	0	0	0	/2/wp-cron.php?doing_wp_cron=1780736710.7675690650939941406250
1	1	0	0	0	29699048	0	0	29699048	0	0	0	/2/wp-cron.php?doing_wp_cron=1781843926.4523420333862304687500
1	0	0	28	4	0	29740518	29767820	0	29673813	29744883	0	/7.php
1	0	0	13	5	0	29719600	29760771	0	29674017	29750390	0	/ws80.php
1	0	0	0	3	0	0	29751334	0	0	29749167	0	/blnux.php
1	0	0	0	3	0	0	29751334	0	0	29749167	0	/wp-sx9.php
1	1	0	0	0	29686886	0	0	29686886	0	0	0	/2/wp-cron.php?doing_wp_cron=1781114172.1295928955078125000000
1	1	0	0	0	29674012	0	0	29674012	0	0	0	/2/wp-cron.php?doing_wp_cron=1780341761.5537750720977783203125
1	0	0	0	3	0	0	29765294	0	0	29765294	0	/product/womens-colorful-stone-print-wrap-crop-top
1	1	0	0	0	29678107	0	0	29678107	0	0	0	/2/wp-cron.php?doing_wp_cron=1780587466.0988609790802001953125
1	21	0	0	0	29774602	0	0	29745890	0	0	1023645	/assets/images/brand/raspina-logo.png
1	0	0	2	0	0	29678091	0	0	29675172	0	0	/templates/beez3/index.php
1	1	0	0	0	29685144	0	0	29685144	0	0	0	/2/wp-cron.php?doing_wp_cron=1781009659.8083980083465576171875
1	1	0	0	0	29716844	0	0	29716844	0	0	0	/2/wp-cron.php?doing_wp_cron=1782911685.7246940135955810546875
1	0	0	3	3	0	29691484	29750391	0	29678352	29744747	0	/ms.php
1	0	0	3	0	0	29715712	0	0	29691490	0	0	/alr.php
1	0	0	2	0	0	29678124	0	0	29676096	0	0	/wp-admin/network/cache/
1	0	0	3	0	0	29689880	0	0	29677931	0	0	/201.php7
1	0	0	2	0	0	29678089	0	0	29675159	0	0	/wp-admin/images/wp-conflg.php
1	0	0	1	0	0	29678116	0	0	29678116	0	0	/setup-config.php
1	2	0	14	7	29760771	29719604	29768845	29757598	29674012	29745195	13841	/2.php
1	1	0	0	0	29673816	0	0	29673816	0	0	0	/2/wp-cron.php?doing_wp_cron=1780329977.7727220058441162109375
1	1	0	0	0	29674412	0	0	29674412	0	0	0	/2/wp-cron.php?doing_wp_cron=1780365730.2881789207458496093750
1	1	0	0	0	29719608	0	0	29719608	0	0	0	/2/wp-cron.php?doing_wp_cron=1783077481.1970500946044921875000
1	0	0	2	0	0	29674408	0	0	29673808	0	0	/13134.php
1	1	0	0	0	29678102	0	0	29678102	0	0	0	/2/wp-cron.php?doing_wp_cron=1780587167.5942020416259765625000
1	0	0	1	1	0	29722526	29744883	0	29722526	29744883	0	/FWAZ.php
1	1	0	0	0	29675092	0	0	29675092	0	0	0	/2/wp-cron.php?doing_wp_cron=1780406535.5131011009216308593750
1	0	0	2	1	0	29715717	29767820	0	29715710	29767820	0	/btx25.php
1	1	0	0	0	29691139	0	0	29691139	0	0	0	/2/wp-cron.php?doing_wp_cron=1781369351.3236460685729980468750
1	0	0	1	0	0	29740516	0	0	29740516	0	0	/wp-includes/taxonomy-loop.php
1	0	0	0	1	0	0	29767820	0	0	29767820	0	/ssjpxze.php
1	0	0	1	3	0	29689587	29751334	0	29689587	29749167	0	/wxfyf.php
1	0	0	2	0	0	29678121	0	0	29675197	0	0	/wp-content/plugins/view-more/
1	0	0	0	1	0	0	29750390	0	0	29750390	0	/vanzari/-/BDKR28.php
1	0	0	2	0	0	29679067	0	0	29674102	0	0	/wp-content/fonts/
1	0	0	1	0	0	29678100	0	0	29678100	0	0	/dir.php
1	0	0	1	0	0	29678110	0	0	29678110	0	0	/wp-admin/css/install.php
1	0	0	11	1	0	29719601	29745195	0	29674009	29745195	0	/file3.php
1	0	0	6	0	0	29674100	0	0	29674009	0	0	/.dj/index.php
1	0	0	1	0	0	29678115	0	0	29678115	0	0	/wp-includes/template-less.php
1	0	0	0	3	0	0	29759161	0	0	29744747	0	/max.php
1	0	0	1	1	0	29740523	29750391	0	29740523	29750391	0	/ws68.php
1	0	0	3	0	0	29702856	0	0	29689589	0	0	/tx78.php
1	0	0	2	0	0	29678093	0	0	29675192	0	0	/fonts/fontawesome-webfont.php
1	1	0	0	0	29775377	0	0	29775377	0	0	4454	/wholesale?product=womens-chiffon-top-whith-pleated-shoulders
1	0	0	0	2	0	0	29678120	0	0	29675197	0	/.well-known/pki-validation/
1	1	0	0	0	29746265	0	0	29746265	0	0	5566	/for.php
1	0	0	1	0	0	29678347	0	0	29678347	0	0	/explorer/index_.php
1	1	0	0	0	29675164	0	0	29675164	0	0	0	/2/wp-cron.php?doing_wp_cron=1780410850.6132400035858154296875
1	1	0	0	0	29694303	0	0	29694303	0	0	0	/2/wp-cron.php?doing_wp_cron=1781559234.6882901191711425781250
1	0	0	2	0	0	29678090	0	0	29675164	0	0	/admin/upload/css.php
1	0	0	0	1	0	0	29767172	0	0	29767172	0	/uxmox.php
1	0	0	0	1	0	0	29746519	0	0	29746519	0	/kua.php
1	1	0	0	0	29693760	0	0	29693760	0	0	0	/2/wp-cron.php?doing_wp_cron=1781526652.1341218948364257812500
1	1	0	0	0	29678120	0	0	29678120	0	0	0	/2/wp-cron.php?doing_wp_cron=1780588248.0880880355834960937500
1	0	0	1	0	0	29701593	0	0	29701593	0	0	/Codex.php
1	0	0	2	0	0	29678091	0	0	29675172	0	0	/wp-includes/admin.php
1	0	0	1	0	0	29678343	0	0	29678343	0	0	/wp-thi.php
1	0	0	4	0	0	29678112	0	0	29675095	0	0	/wp-content/uploads/goods.php
1	1	0	0	0	29709528	0	0	29709528	0	0	0	/2/wp-cron.php?doing_wp_cron=1782472696.1417129039764404296875
1	1	0	0	0	29698871	0	0	29698871	0	0	0	/2/wp-cron.php?doing_wp_cron=1781833276.3283369541168212890625
1	0	0	9	1	0	29719606	29745195	0	29674016	29745195	0	/pomo.php
1	1	0	0	0	29678099	0	0	29678099	0	0	0	/2/wp-cron.php?doing_wp_cron=1780586986.7291800975799560546875
1	0	0	0	3	0	0	29751334	0	0	29749167	0	/abalqdol.php
1	0	0	2	0	0	29679067	0	0	29674102	0	0	/admin/uploads/images/
1	0	0	1	0	0	29678099	0	0	29678099	0	0	/wp-includes/style-engine/wp-conflg.php
1	0	0	0	1	0	0	29748603	0	0	29748603	0	/pdjnssdq.php?Fox=d3wL7
1	1	0	0	0	29691148	0	0	29691148	0	0	0	/2/wp-cron.php?doing_wp_cron=1781369935.5404419898986816406250
1	0	0	0	3	0	0	29750390	0	0	29747443	0	/8daf1238_1774208172.php
1	1	0	0	0	29775325	0	0	29775325	0	0	4424	/wholesale?product=womens-knit-dress
1	1	0	0	0	29775370	0	0	29775370	0	0	4418	/wholesale?product=womens-papion-collar-pleated-sleeve-chemise
1	0	0	1	0	0	29678110	0	0	29678110	0	0	/wp-includes/sitemaps/providers/doc.php
1	0	0	7	1	0	29722530	29744883	0	29673808	29744883	0	/hur.php
1	0	0	1	0	0	29678099	0	0	29678099	0	0	/simple/function.php
1	0	0	4	0	0	29686887	0	0	29677207	0	0	/man.php
1	0	0	0	2	0	0	29747494	0	0	29747442	0	/CDX5.php
1	0	0	1	0	0	29691484	0	0	29691484	0	0	/ws57.php
1	0	0	4	0	0	29702853	0	0	29689588	0	0	/public/vx.php
1	1	0	0	0	29702851	0	0	29702851	0	0	0	/2/wp-cron.php?doing_wp_cron=1782072115.2844119071960449218750
1	0	0	1	0	0	29715713	0	0	29715713	0	0	/5shagu.php
1	0	0	0	3	0	0	29751334	0	0	29749167	0	/ovajckrrj.php
1	0	0	0	1	0	0	29750390	0	0	29750390	0	/click.php?p=
1	1	0	0	0	29686883	0	0	29686883	0	0	0	/2/wp-cron.php?doing_wp_cron=1781114026.6437530517578125000000
1	1	0	0	0	29678092	0	0	29678092	0	0	0	/2/wp-cron.php?doing_wp_cron=1780586566.3296298980712890625000
1	0	0	2	0	0	29689595	0	0	29678104	0	0	/admin-footer.php
1	1	0	0	0	29674414	0	0	29674414	0	0	0	/2/wp-cron.php?doing_wp_cron=1780365852.0311191082000732421875
1	0	0	0	1	0	0	29746265	0	0	29746265	0	/wp-happy.php
1	0	0	1	0	0	29689589	0	0	29689589	0	0	/public/ws49.php
1	0	0	2	0	0	29678122	0	0	29675210	0	0	/.tmb/
1	0	0	2	0	0	29679065	0	0	29674101	0	0	/admin/editor/
1	0	0	1	0	0	29715710	0	0	29715710	0	0	/satan.php
1	0	0	1	0	0	29678119	0	0	29678119	0	0	/wp-includes.bak/html-api/about.php
1	0	0	0	1	0	0	29746264	0	0	29746264	0	/gqgsa.php
1	0	0	2	0	0	29678121	0	0	29675197	0	0	/wp-content/plugins/phpadmin/
1	1	0	0	0	29736787	0	0	29736787	0	0	0	/2/wp-cron.php?doing_wp_cron=1784108248.1170189380645751953125
1	0	0	7	2	0	29740519	29750390	0	29689588	29744747	0	/wp-blog-header.php
1	0	0	0	2	0	0	29747492	0	0	29747442	0	/groupon.php
1	0	0	2	0	0	29678093	0	0	29675192	0	0	/wp-content/languages/about.php
1	0	0	0	1	0	0	29759161	0	0	29759161	0	/bak.php
1	0	0	1	0	0	29678118	0	0	29678118	0	0	/wp-content/plugins/advanced-product-fields-for-woocommerce/db.php
1	0	0	2	0	0	29678090	0	0	29675159	0	0	/wp-includes/widgets/dyqvcfqv.php
1	0	0	10	2	0	29719606	29746264	0	29674015	29745195	0	/byp.php
1	0	0	1	3	0	29678344	29750391	0	29678344	29747443	0	/sbhu.php
1	0	0	3	0	0	29703316	0	0	29697215	0	0	/lim.php
1	0	0	2	0	0	29678093	0	0	29675192	0	0	/wp-admin/wp-conflg.php
1	0	0	1	0	0	29678100	0	0	29678100	0	0	/plugin.php
1	1	0	0	0	29693757	0	0	29693757	0	0	0	/2/wp-cron.php?doing_wp_cron=1781526472.9993250370025634765625
1	0	0	1	0	0	29722111	0	0	29722111	0	0	/sss.php
1	1	0	0	0	29675099	0	0	29675099	0	0	0	/2/wp-cron.php?doing_wp_cron=1780406950.1566450595855712890625
1	0	0	1	0	0	29678115	0	0	29678115	0	0	/wp-content/plugins/classic-editor/alam.php
1	1	0	0	0	29687501	0	0	29687501	0	0	0	/2/wp-cron.php?doing_wp_cron=1781151087.1805961132049560546875
1	0	0	0	1	0	0	29678101	0	0	29678101	0	/.well-known/pki-validation/class_api.php
1	0	0	0	3	0	0	29751334	0	0	29749167	0	/ovajelmxf.php
1	1	0	0	0	29677921	0	0	29677921	0	0	0	/2/wp-cron.php?doing_wp_cron=1780576306.0811350345611572265625
1	0	0	1	0	0	29689586	0	0	29689586	0	0	/gscxejbc.php
1	0	0	12	3	0	29740521	29750390	0	29673820	29747442	0	/8573.php
1	0	0	1	0	0	29678106	0	0	29678106	0	0	/wp-content/languages/bypass.php
1	0	0	0	1	0	0	29750390	0	0	29750390	0	/asasx.php?p=
1	0	0	26	3	0	29722539	29750390	0	29673819	29744884	0	/jp.php
1	0	0	0	1	0	0	29750391	0	0	29750391	0	/xsox.php
1	0	0	0	3	0	0	29751334	0	0	29749167	0	/zc-124.php
1	0	0	0	4	0	0	29679068	0	0	29674103	0	/wp-content/upgrade/
1	0	0	2	0	0	29678090	0	0	29675159	0	0	/wp-content/themes/classwithtostring.php
1	1	0	0	0	29679476	0	0	29679476	0	0	0	/2/wp-cron.php?doing_wp_cron=1780669570.0198950767517089843750
1	0	0	1	0	0	29678102	0	0	29678102	0	0	/wp-includes/sodium_compat/src/index.php
1	1	0	0	0	29673812	0	0	29673812	0	0	0	/2/wp-cron.php?doing_wp_cron=1780329738.3513479232788085937500
1	0	0	1	0	0	29678103	0	0	29678103	0	0	/wp-includes/widgets/class-wp-widget-search-function.php
1	0	0	0	3	0	0	29751334	0	0	29749167	0	/eursi.php
1	0	0	1	0	0	29678098	0	0	29678098	0	0	/wp-admin/images/about.php
1	0	0	0	1	0	0	29752903	0	0	29752903	0	/wint.php
1	0	0	1	0	0	29678095	0	0	29678095	0	0	/wp-includes/certificates/admin.php
1	0	0	1	0	0	29678119	0	0	29678119	0	0	/Assets/edit.php
1	0	0	2	0	0	29709529	0	0	29708413	0	0	/BDKR28.php
1	0	0	0	2	0	0	29747495	0	0	29747442	0	/161dfd072f.php
1	0	0	1	0	0	29678117	0	0	29678117	0	0	/wp-includes/block-bindings/about.php
1	0	0	7	0	0	29698652	0	0	29673810	0	0	/c55cdler.php
1	0	0	0	3	0	0	29751334	0	0	29749167	0	/albrt.php
1	1	0	0	0	29677612	0	0	29677612	0	0	0	/2/wp-cron.php?doing_wp_cron=1780557738.9690089225769042968750
1	0	0	1	0	0	29740514	0	0	29740514	0	0	/wp-admin/includes/user-ajax.php
1	0	0	2	0	0	29678122	0	0	29675202	0	0	/wp-content/uploads/2023/05/
1	0	0	1	0	0	29691489	0	0	29691489	0	0	/jk.php
1	0	0	1	1	0	29722527	29744883	0	29722527	29744883	0	/ccs.php?p=
1	0	0	1	0	0	29701599	0	0	29701599	0	0	/ticket.php
1	0	0	1	0	0	29678113	0	0	29678113	0	0	/wp-includes/sitemaps/wp-conflg.php
1	0	0	0	6	0	0	29767820	0	0	29746264	0	/dex.php
1	0	0	3	0	0	29689877	0	0	29677926	0	0	/roksad1.php
1	0	0	1	0	0	29701599	0	0	29701599	0	0	/peptide.php
1	1	0	0	0	29775339	0	0	29775339	0	0	4439	/wholesale?product=womens-pleated-striped-pattern-dress
1	1	0	0	0	29691486	0	0	29691486	0	0	0	/2/wp-cron.php?doing_wp_cron=1781390178.6484560966491699218750
1	1	0	0	0	29675164	0	0	29675164	0	0	0	/2/wp-cron.php?doing_wp_cron=1780410885.0998558998107910156250
1	1	0	0	0	29683379	0	0	29683379	0	0	0	/2/wp-cron.php?doing_wp_cron=1780903794.2076380252838134765625
1	0	0	3	0	0	29702853	0	0	29689586	0	0	/hoeig.php
1	1	0	0	0	29690437	0	0	29690437	0	0	0	/2/wp-cron.php?doing_wp_cron=1781327232.2629470825195312500000
1	1	0	0	0	29767968	0	0	29767968	0	0	6874	/collection/collection-2026
1	1	0	0	0	29775356	0	0	29775356	0	0	6588	/collection/collection-2025
1	0	0	1	2	0	29689590	29747494	0	29689590	29747442	0	/ne2026.php
1	0	0	2	1	0	29678585	29772018	0	29678585	29772018	0	/sftp-config.json
1	0	0	8	1	0	29709529	29750390	0	29677204	29750390	0	/xxa.php
1	1	0	0	0	29775396	0	0	29775396	0	0	5161	/product/womens-midi-sarafon
1	0	0	0	2	0	0	29747495	0	0	29747443	0	/kaduu.php
1	0	0	1	0	0	29701601	0	0	29701601	0	0	/an8.php
1	1	0	0	0	29722111	0	0	29722111	0	0	0	/2/wp-cron.php?doing_wp_cron=1783227712.0979869365692138671875
1	0	0	0	1	0	0	29737402	0	0	29737402	0	/?author=1
1	0	0	1	0	0	29678106	0	0	29678106	0	0	/wp-includes/widgets/class-wp-widget-rss-database.php
1	1	0	0	0	29722540	0	0	29722540	0	0	0	/2/wp-cron.php?doing_wp_cron=1783253406.8703429698944091796875
1	0	0	0	2	0	0	29747494	0	0	29747442	0	/gkojz.php
1	1	0	0	0	29709527	0	0	29709527	0	0	0	/2/wp-cron.php?doing_wp_cron=1782472635.0813200473785400390625
1	0	0	1	0	0	29678103	0	0	29678103	0	0	/wp-content/classwithtostring.php
1	0	0	1	0	0	29715715	0	0	29715715	0	0	/xBrain.php
1	1	0	0	0	29694163	0	0	29694163	0	0	64	/.well-known/acme-challenge/87YFFZYEVDJQK_TBT6H11FA7MV_L2NZ_
1	1	0	0	0	29697217	0	0	29697217	0	0	0	/2/wp-cron.php?doing_wp_cron=1781734037.5039939880371093750000
1	0	0	5	0	0	29678090	0	0	29675097	0	0	/wp-includes/images/smilies/about.php
1	0	0	0	1	0	0	29746519	0	0	29746519	0	/cron-tab.php
1	0	0	1	0	0	29678110	0	0	29678110	0	0	/wp-content/1.php 
1	0	0	3	3	0	29675097	29760771	0	29675091	29746264	0	/public/css.php
1	0	0	2	0	0	29678090	0	0	29675164	0	0	/wp-includes/blocks/table/int/tmpl/index.php
1	0	0	2	0	0	29702850	0	0	29699060	0	0	/wp-ac.php
1	0	0	2	0	0	29678122	0	0	29675202	0	0	/wp-content/plugins/erinyani/
1	0	0	1	0	0	29678349	0	0	29678349	0	0	/wp-wz.php
1	1	0	0	0	29678088	0	0	29678088	0	0	0	/2/wp-cron.php?doing_wp_cron=1780586291.1586039066314697265625
1	1	0	0	0	29684132	0	0	29684132	0	0	0	/2/wp-cron.php?doing_wp_cron=1780948942.3368279933929443359375
1	1	0	0	0	29697217	0	0	29697217	0	0	0	/2/wp-cron.php?doing_wp_cron=1781734070.3982319831848144531250
1	0	0	12	1	0	29722532	29744883	0	29673812	29744883	0	/puc.php
1	0	0	5	6	0	29709529	29768845	0	29678345	29745195	0	/class-t.api.php
1	0	0	7	5	0	29740518	29751334	0	29675172	29744747	0	/class.php
1	1	0	0	0	29775401	0	0	29775401	0	0	5215	/product/womens-stand-collar-gathered-sleeve-blouse
1	0	0	0	1	0	0	29745196	0	0	29745196	0	/article.php
1	1	0	0	0	29675197	0	0	29675197	0	0	0	/2/wp-cron.php?doing_wp_cron=1780412832.2310590744018554687500
1	1	0	0	0	29716217	0	0	29716217	0	0	0	/2/wp-cron.php?doing_wp_cron=1782874030.2764708995819091796875
1	0	0	1	0	0	29678349	0	0	29678349	0	0	/wp-admin/maint/wp-is.php
1	0	0	1	0	0	29740516	0	0	29740516	0	0	/wp-includes/ID3/module.tag.id3v1-index.php
1	1	0	0	0	29703315	0	0	29703315	0	0	0	/2/wp-cron.php?doing_wp_cron=1782099931.2354319095611572265625
1	1	0	0	0	29775401	0	0	29775401	0	0	4446	/wholesale?product=womens-pleated-stand-collar-top
1	0	0	9	0	0	29719597	0	0	29674021	0	0	/V3.php
1	0	0	1	0	0	29678108	0	0	29678108	0	0	/wp-content/upgrade/bypass.php
1	0	0	13	1	0	29722531	29744883	0	29673810	29744883	0	/wefile.php
1	0	0	5	1	0	29740522	29750390	0	29698662	29750390	0	/2P.update.php
1	0	0	1	0	0	29678105	0	0	29678105	0	0	/wp-includes/Text/index.php
1	0	0	0	1	0	0	29746265	0	0	29746265	0	/wp-link-szoppm.php
1	0	0	4	0	0	29679064	0	0	29674099	0	0	/wp-content/mu-plugins/
1	1	0	0	0	29700907	0	0	29700907	0	0	0	/2/wp-cron.php?doing_wp_cron=1781955425.8551480770111083984375
1	0	0	0	1	0	0	29759161	0	0	29759161	0	/mail.php
1	0	0	11	1	0	29719606	29745195	0	29674014	29745195	0	/sql.php
1	0	0	12	1	0	29722531	29744883	0	29673811	29744883	0	/wp-admin/css/colour.php
1	0	0	2	0	0	29678088	0	0	29675155	0	0	/.wp/wso.php
1	1	0	0	0	29775265	0	0	29775265	0	0	5159	/product/womens-satin-chemise
1	0	0	2	0	0	29686888	0	0	29677207	0	0	/zdd.php
1	0	0	2	0	0	29679067	0	0	29674102	0	0	/wp-content/plugins/contact-form-7/
1	1	0	0	0	29722537	0	0	29722537	0	0	0	/2/wp-cron.php?doing_wp_cron=1783253224.2907469272613525390625
1	0	0	4	0	0	29678099	0	0	29675098	0	0	/wp-admin/css/index.php
1	1	0	0	0	29697216	0	0	29697216	0	0	0	/2/wp-cron.php?doing_wp_cron=1781733976.4776580333709716796875
1	2	0	0	0	29694173	0	0	29694173	0	0	174	/.well-known/acme-challenge/LKovDy_OljKBOQClakNBoP-Z0fFDcM-MWLhBrEOKXiM
1	0	0	1	2	0	29689594	29747492	0	29689594	29747442	0	/aa21.php
1	0	0	0	6	0	0	29760771	0	0	29752903	0	/domvf.php
1	0	0	0	4	0	0	29760771	0	0	29752904	0	/wp-wp.php
1	0	0	2	0	0	29678122	0	0	29675202	0	0	/wp-content/plugins/revslider/includes/external/page/
1	1	0	0	0	29675091	0	0	29675091	0	0	0	/2/wp-cron.php?doing_wp_cron=1780406501.0881121158599853515625
1	0	0	0	2	0	0	29747492	0	0	29747442	0	/oco.php
1	0	0	0	2	0	0	29760771	0	0	29757598	0	/ws13.php
1	0	0	0	1	0	0	29767172	0	0	29767172	0	/7HtvV1UU.php
1	1	0	0	0	29697220	0	0	29697220	0	0	0	/2/wp-cron.php?doing_wp_cron=1781734214.2961769104003906250000
1	0	0	2	0	0	29679065	0	0	29674101	0	0	/files/
1	0	0	18	6	0	29740518	29768844	0	29674009	29744747	0	/file.php
1	0	0	4	3	0	29740522	29755802	0	29678107	29750390	0	/gm.php
1	1	0	0	0	29722532	0	0	29722532	0	0	0	/2/wp-cron.php?doing_wp_cron=1783252970.6040999889373779296875
1	1	0	0	0	29694234	0	0	29694234	0	0	0	/2/wp-cron.php?doing_wp_cron=1781555045.8938410282135009765625
1	0	0	1	0	0	29678114	0	0	29678114	0	0	/wp-includes/Text/Diff/Engine/theme.php
1	0	0	1	4	0	29699056	29747495	0	29699056	29747443	0	/assacc.php
1	1	0	0	0	29701600	0	0	29701600	0	0	0	/2/wp-cron.php?doing_wp_cron=1781997001.0709559917449951171875
1	1	0	0	0	29678343	0	0	29678343	0	0	0	/2/wp-cron.php?doing_wp_cron=1780601597.9033510684967041015625
1	1	0	0	0	29675211	0	0	29675211	0	0	0	/2/wp-cron.php?doing_wp_cron=1780413675.1842150688171386718750
1	0	0	2	1	0	29709530	29750390	0	29708414	29750390	0	/wp-ws68.php
1	0	0	1	0	0	29674549	0	0	29674549	0	0	/pro.php
1	0	0	3	0	0	29686885	0	0	29674548	0	0	/test.php
1	0	0	0	18	0	0	29760771	0	0	29673815	0	/wp-includes/l10n/
1	1	0	0	0	29715716	0	0	29715716	0	0	0	/2/wp-cron.php?doing_wp_cron=1782844015.1620829105377197265625
1	0	0	2	2	0	29693956	29747495	0	29692497	29747442	0	/htto.php
1	1	0	0	0	29696328	0	0	29696328	0	0	0	/2/wp-cron.php?doing_wp_cron=1781680708.0419890880584716796875
1	0	0	0	1	0	0	29746519	0	0	29746519	0	/ez.php
1	0	0	1	0	0	29691979	0	0	29691979	0	0	http://raspinaclothing.com/sitemap.xml
1	0	0	1	0	0	29678114	0	0	29678114	0	0	/ms-users.php
1	0	0	1	0	0	29678104	0	0	29678104	0	0	/wp-content/x.php
1	0	0	2	2	0	29702850	29747492	0	29699060	29747442	0	/fvvff.php
1	0	0	0	2	0	0	29678124	0	0	29675212	0	/wp-includes/blocks/pullquote/
1	0	0	1	0	0	29678109	0	0	29678109	0	0	/wp-includes/assets/script-loader-packages.min.php
1	0	0	0	1	0	0	29744747	0	0	29744747	0	/ohct.php
1	0	0	2	0	0	29678122	0	0	29675210	0	0	/blog/
1	0	0	1	0	0	29715714	0	0	29715714	0	0	/wp-rrtx.php
1	1	0	0	0	29689590	0	0	29689590	0	0	0	/2/wp-cron.php?doing_wp_cron=1781276454.5356900691986083984375
1	0	0	1	0	0	29678103	0	0	29678103	0	0	/wp-includes/js/tinymce/utils/license.php
1	0	0	1	0	0	29678099	0	0	29678099	0	0	/wp-includes/assets/autoload_classmap.php
1	1	0	0	0	29774865	0	0	29774865	0	0	6563	/collection/chemise?page=3
1	1	0	0	0	29764058	0	0	29764058	0	0	6535	/collection/chemise?page=2
1	0	0	2	0	0	29678093	0	0	29675192	0	0	/web.php
1	0	0	3	4	0	29678350	29768845	0	29674550	29756925	0	/NewFile.php
1	0	0	0	2	0	0	29678121	0	0	29675202	0	/wp-includes/blocks/calendar/
1	0	0	0	4	0	0	29679068	0	0	29674103	0	/wp-admin/includes/
1	1	0	0	0	29689874	0	0	29689874	0	0	0	/2/wp-cron.php?doing_wp_cron=1781293496.0393359661102294921875
1	1	0	0	0	29740517	0	0	29740517	0	0	0	/2/wp-cron.php?doing_wp_cron=1784332023.3850119113922119140625
1	0	0	0	2	0	0	29747492	0	0	29747441	0	/junvh.php
1	0	0	0	1	0	0	29746265	0	0	29746265	0	/wp-link-zorm.php
1	1	0	0	0	29775393	0	0	29775393	0	0	4425	/wholesale?product=womens-neckline-chemise
1	0	0	2	0	0	29699049	0	0	29677957	0	0	/phpinfo.php
1	0	0	2	0	0	29715709	0	0	29691486	0	0	/harvestry.php
1	0	0	1	0	0	29678109	0	0	29678109	0	0	/wp-includes/images/crystal/sad.php
1	1	0	0	0	29689589	0	0	29689589	0	0	0	/2/wp-cron.php?doing_wp_cron=1781276351.0067861080169677734375
1	1	0	0	0	29775273	0	0	29775273	0	0	5587	/product/womens-pleated-skirt-pinafore-dress-with-round-neck
1	1	0	0	0	29691487	0	0	29691487	0	0	0	/2/wp-cron.php?doing_wp_cron=1781390231.1822559833526611328125
1	0	0	3	0	0	29675098	0	0	29675096	0	0	/tes.php
1	0	0	1	0	0	29678112	0	0	29678112	0	0	/function/install.php
1	0	0	1	0	0	29722111	0	0	29722111	0	0	/u.php?p=
1	0	0	0	3	0	0	29773945	0	0	29749492	0	/shop/wp-includes/wlwmanifest.xml
1	0	0	1	0	0	29678095	0	0	29678095	0	0	/wp-includes/images/media/dog.php
1	1	0	0	0	29677924	0	0	29677924	0	0	0	/2/wp-cron.php?doing_wp_cron=1780576457.5669078826904296875000
1	1	0	0	0	29691484	0	0	29691484	0	0	0	/2/wp-cron.php?doing_wp_cron=1781390091.2121970653533935546875
1	1	0	0	0	29698859	0	0	29698859	0	0	0	/2/wp-cron.php?doing_wp_cron=1781832542.7673010826110839843750
1	0	0	2	0	0	29686891	0	0	29677212	0	0	/z.ph
1	0	0	0	4	0	0	29751334	0	0	29749167	0	/ckk.php
1	1	0	0	0	29693758	0	0	29693758	0	0	0	/2/wp-cron.php?doing_wp_cron=1781526491.5917699337005615234375
1	0	0	0	7	0	0	29679066	0	0	29674102	0	/wp-admin/css/colors/
1	0	0	2	0	0	29678092	0	0	29675172	0	0	/images/class-config.php
1	1	0	0	0	29703316	0	0	29703316	0	0	0	/2/wp-cron.php?doing_wp_cron=1782099992.2269260883331298828125
1	0	0	1	3	0	29722112	29760771	0	29722112	29755803	0	/edorxrr.php
1	0	0	1	0	0	29678105	0	0	29678105	0	0	/wp-content/themes/twentytwentyfour/content-index.php
1	0	0	0	3	0	0	29751334	0	0	29749167	0	/nhj6t74aqmkde3hgpCdefault.php
1	1	0	0	0	29701597	0	0	29701597	0	0	0	/2/wp-cron.php?doing_wp_cron=1781996824.4183740615844726562500
1	0	0	0	5	0	0	29768845	0	0	29756925	0	/gecko-new.php
1	0	0	1	0	0	29740512	0	0	29740512	0	0	/wp-includes/class-wp-oembeds-add.php
1	0	0	1	0	0	29678117	0	0	29678117	0	0	/wp-includes/ms-pie.php
1	0	0	1	0	0	29678098	0	0	29678098	0	0	/wp-includes/sitemaps/providers/index.php
1	0	0	0	2	0	0	29755803	0	0	29752904	0	/heat1.php
1	1	0	0	0	29737068	0	0	29737068	0	0	0	/2/wp-cron.php?doing_wp_cron=1784125113.5292448997497558593750
1	0	0	1	0	0	29678119	0	0	29678119	0	0	/wp-includes/ID3/Core32.php
1	0	0	1	0	0	29678103	0	0	29678103	0	0	/.well-known/acme-challenge/iR7SzrsOUEP.php
1	1	0	0	0	29679064	0	0	29679064	0	0	0	/2/wp-cron.php?doing_wp_cron=1780644894.3969581127166748046875
1	1	0	0	0	29697216	0	0	29697216	0	0	0	/2/wp-cron.php?doing_wp_cron=1781734017.2418489456176757812500
1	0	0	2	0	0	29678124	0	0	29676096	0	0	/wp-content/themes/jupiter/framework/
1	0	0	0	1	0	0	29755803	0	0	29755803	0	/rate.php
1	0	0	1	0	0	29678112	0	0	29678112	0	0	/wp-includes/js/dist/bypass.php
1	2	0	0	0	29770109	0	0	29766884	0	0	25616	/assets/images/catalog/womens-pleated-stand-collar-top/01-6772.webp
1	0	0	1	1	0	29722526	29744883	0	29722526	29744883	0	/k5.php
1	1	0	0	0	29719609	0	0	29719609	0	0	0	/2/wp-cron.php?doing_wp_cron=1783077597.0509920120239257812500
1	0	0	0	2	0	0	29678121	0	0	29675202	0	/wp-includes/sitemaps/providers/
1	0	0	1	0	0	29678111	0	0	29678111	0	0	/home/O-Simple.php
1	0	0	1	0	0	29701600	0	0	29701600	0	0	/hega.php
1	0	0	0	2	0	0	29678091	0	0	29675172	0	/wp-admin/js/wp-login.php
1	1	0	0	0	29689587	0	0	29689587	0	0	0	/2/wp-cron.php?doing_wp_cron=1781276231.2551259994506835937500
1	1	0	0	0	29693756	0	0	29693756	0	0	0	/2/wp-cron.php?doing_wp_cron=1781526407.3810749053955078125000
1	1	0	0	0	29677603	0	0	29677603	0	0	0	/2/wp-cron.php?doing_wp_cron=1780557195.6513290405273437500000
1	0	0	1	0	0	29678106	0	0	29678106	0	0	/wp-admin/css/colors/blue/navi.php
1	0	0	1	0	0	29678113	0	0	29678113	0	0	/wp-includes/sitemaps/abcd.php
1	0	0	1	0	0	29678107	0	0	29678107	0	0	/wp-admin/js/widgets/themes.php
1	0	0	6	0	0	29719599	0	0	29675093	0	0	/akcc.php
1	0	0	0	2	0	0	29755802	0	0	29752904	0	/wpass.php
1	0	0	2	0	0	29678091	0	0	29675164	0	0	/wp-admin/shell20211028.php
1	1	0	0	0	29677923	0	0	29677923	0	0	0	/2/wp-cron.php?doing_wp_cron=1780576397.5764019489288330078125
1	0	0	2	3	0	29689589	29750390	0	29678104	29747441	0	/Sanskrit.php
1	1	0	0	0	29678585	0	0	29678585	0	0	0	/2/wp-cron.php?doing_wp_cron=1780616149.2383999824523925781250
1	0	0	2	1	0	29715712	29750390	0	29691482	29750390	0	/cx.php
1	0	0	2	0	0	29678123	0	0	29675211	0	0	/js/tinymce/utils/ 
1	0	0	2	5	0	29722527	29767820	0	29698859	29744883	0	/images.php
1	1	0	0	0	29678134	0	0	29678134	0	0	0	/2/wp-cron.php?doing_wp_cron=1780589086.0896139144897460937500
1	0	0	1	3	0	29701598	29760771	0	29701598	29746264	0	/water.php
1	1	0	0	0	29674024	0	0	29674024	0	0	0	/2/wp-cron.php?doing_wp_cron=1780342455.6703579425811767578125
1	0	0	0	2	0	0	29747492	0	0	29747441	0	/fwtoa.php
1	0	0	4	0	0	29678098	0	0	29675098	0	0	/wp-includes/style-engine/index.php
1	0	0	1	0	0	29676094	0	0	29676094	0	0	/settings.json
1	1	0	0	0	29674013	0	0	29674013	0	0	0	/2/wp-cron.php?doing_wp_cron=1780341798.4827458858489990234375
1	0	0	0	4	0	0	29760771	0	0	29752904	0	/petx.php
1	1	0	0	0	29693755	0	0	29693755	0	0	0	/2/wp-cron.php?doing_wp_cron=1781526347.8501770496368408203125
1	0	0	2	0	0	29678121	0	0	29675198	0	0	/wp-content/themes/seotheme/
1	0	0	0	1	0	0	29750391	0	0	29750391	0	/lkui.php
1	0	0	0	2	0	0	29747495	0	0	29747442	0	/l10n.php
1	0	0	1	0	0	29699055	0	0	29699055	0	0	/x_3.php
1	0	0	14	9	0	29722532	29768845	0	29673812	29744883	0	/wp-admin/js/index.php
1	1	0	0	0	29678104	0	0	29678104	0	0	0	/2/wp-cron.php?doing_wp_cron=1780587251.6318540573120117187500
1	0	0	1	0	0	29678098	0	0	29678098	0	0	/wp-admin/js/widgets/cloud.php
1	1	0	0	0	29689881	0	0	29689881	0	0	0	/2/wp-cron.php?doing_wp_cron=1781293871.1679630279541015625000
1	1	0	0	0	29694302	0	0	29694302	0	0	0	/2/wp-cron.php?doing_wp_cron=1781559123.0748989582061767578125
1	0	0	1	0	0	29699059	0	0	29699059	0	0	/cs.php
1	1	0	0	0	29691484	0	0	29691484	0	0	0	/2/wp-cron.php?doing_wp_cron=1781390095.6559290885925292968750
1	1	0	0	0	29709467	0	0	29709467	0	0	0	/2/wp-cron.php?doing_wp_cron=1782469036.2588849067687988281250
1	0	0	0	2	0	0	29755802	0	0	29752904	0	/OVO7xf.php?p=
1	0	0	1	0	0	29678105	0	0	29678105	0	0	/upload/install.php
1	0	0	0	2	0	0	29755802	0	0	29752904	0	/cream3.php
1	0	0	1	0	0	29678104	0	0	29678104	0	0	/wp-content/plugins/revslider/includes/external/page/index.php
1	1	0	0	0	29702852	0	0	29702852	0	0	0	/2/wp-cron.php?doing_wp_cron=1782072123.3174519538879394531250
1	1	0	0	0	29693956	0	0	29693956	0	0	0	/2/wp-cron.php?doing_wp_cron=1781538406.4086320400238037109375
1	0	0	3	0	0	29715713	0	0	29673816	0	0	/bless24.php
1	0	0	10	0	0	29703326	0	0	29673819	0	0	/no1.php
1	0	0	11	1	0	29722537	29744884	0	29673816	29744884	0	/pol.php
1	0	0	11	0	0	29719611	0	0	29674016	0	0	/admin/function.php
1	0	0	1	0	0	29678107	0	0	29678107	0	0	/vendor/phpunit/phpunit/src/Util/PHP/fixed.php
1	1	0	0	0	29699050	0	0	29699050	0	0	0	/2/wp-cron.php?doing_wp_cron=1781844055.8776540756225585937500
1	1	0	0	0	29722109	0	0	29722109	0	0	0	/2/wp-cron.php?doing_wp_cron=1783227541.7552709579467773437500
1	0	0	7	0	0	29698658	0	0	29673817	0	0	/about2.php
1	0	0	2	0	0	29709527	0	0	29708411	0	0	/Q3.php
1	0	0	4	0	0	29719596	0	0	29675192	0	0	/wp-trackback.php
1	0	0	1	0	0	29678102	0	0	29678102	0	0	/waf_defender.php
1	0	0	6	0	0	29701595	0	0	29677206	0	0	/de.php
1	1	0	0	0	29689872	0	0	29689872	0	0	0	/2/wp-cron.php?doing_wp_cron=1781293368.0399489402770996093750
1	0	0	0	2	0	0	29678123	0	0	29675211	0	/wp-includes/sodium_compat/lib/
1	0	0	14	2	0	29719608	29755802	0	29674019	29752904	0	/Cap.php
1	0	0	5	2	0	29715716	29747493	0	29689588	29747442	0	/dass.php
1	0	0	1	0	0	29689588	0	0	29689588	0	0	/2ksm17n.php
1	0	0	1	0	0	29740516	0	0	29740516	0	0	/wp-includes/vars-string.php
1	0	0	1	0	0	29676094	0	0	29676094	0	0	/manifest.json
1	1	0	0	0	29678105	0	0	29678105	0	0	0	/2/wp-cron.php?doing_wp_cron=1780587315.0945799350738525390625
1	1	0	0	0	29693761	0	0	29693761	0	0	0	/2/wp-cron.php?doing_wp_cron=1781526709.0668690204620361328125
1	0	0	0	17	0	0	29744883	0	0	29673813	0	/wp-includes/Requests/
1	0	0	1	0	0	29740514	0	0	29740514	0	0	/wp-includes/widgets/class-wp-widget-custom-html-method.php
1	0	0	2	0	0	29678091	0	0	29675172	0	0	/wp-admin/css/colors/blue/rk2.php
1	0	0	1	0	0	29678117	0	0	29678117	0	0	/wp-content/plugins/all-in-one-wp-security-and-firewall/templates/wp.php
1	0	0	1	0	0	29715717	0	0	29715717	0	0	/bless18.php
1	0	0	1	0	0	29678111	0	0	29678111	0	0	/style.php 
1	0	0	0	2	0	0	29678124	0	0	29676097	0	/wp-content/uploads/2026/
1	0	0	1	0	0	29678351	0	0	29678351	0	0	/vgtyu.php
1	1	0	0	0	29687987	0	0	29687987	0	0	0	/2/wp-cron.php?doing_wp_cron=1781180246.5804169178009033203125
1	0	0	0	1	0	0	29678106	0	0	29678106	0	/.well-known/pki-validation/xmrlpc.php
1	1	0	0	0	29719604	0	0	29719604	0	0	0	/2/wp-cron.php?doing_wp_cron=1783077255.5859229564666748046875
1	0	0	0	2	0	0	29678124	0	0	29676097	0	/wp-content/uploads/2025/
1	3	3	0	0	29743823	0	0	29743737	0	0	9579	/readme.html
1	0	0	0	4	0	0	29760771	0	0	29752904	0	/82.php
1	0	0	0	2	0	0	29678124	0	0	29676096	0	/wp-content/uploads/2024/
1	1	0	0	0	29680209	0	0	29680209	0	0	0	/2/wp-cron.php?doing_wp_cron=1780713567.2386279106140136718750
1	0	0	1	0	0	29678115	0	0	29678115	0	0	/wp-includes/SimplePie/info.php
1	0	0	1	0	0	29678113	0	0	29678113	0	0	/wp-includes/SimplePie/Cache/index.php
1	0	0	1	0	0	29678101	0	0	29678101	0	0	/wp-themes.php
1	0	0	1	0	0	29678117	0	0	29678117	0	0	/wp-content/plugins/wp-diambar/includes/loadme.php
1	0	0	0	7	0	0	29679066	0	0	29674102	0	/wp-includes/html-api/
1	0	0	6	1	0	29674107	29745195	0	29674016	29745195	0	/date.php
1	1	0	0	0	29699058	0	0	29699058	0	0	0	/2/wp-cron.php?doing_wp_cron=1781844526.2676050662994384765625
1	0	0	1	0	0	29689586	0	0	29689586	0	0	/6fff5faf.php
1	0	0	7	2	0	29740522	29759161	0	29678346	29750390	0	/lala.php
1	1	0	0	0	29678116	0	0	29678116	0	0	0	/wp-includes/load.php
1	0	0	12	0	0	29719607	0	0	29674017	0	0	/profile.php
1	0	0	1	0	0	29678117	0	0	29678117	0	0	/wp-content/plugins/wp-default/sh/member.php
1	0	0	1	0	0	29678095	0	0	29678095	0	0	/wp-admin/xleet.php
1	0	0	1	0	0	29678104	0	0	29678104	0	0	/wp-atomx.php
1	0	0	1	0	0	29678102	0	0	29678102	0	0	/theme.php
1	0	0	2	0	0	29678092	0	0	29675172	0	0	/wp-includes/rest-api/about.php
1	0	0	2	0	0	29678120	0	0	29675196	0	0	/wp-content/plugins/linkpreview/
1	0	0	0	2	0	0	29678123	0	0	29675211	0	/wp-content/uploads/2021/
1	0	0	0	4	0	0	29760771	0	0	29752904	0	/sump3.php
1	0	0	0	2	0	0	29678124	0	0	29676096	0	/wp-includes/js/dist/development/
1	0	0	1	0	0	29678115	0	0	29678115	0	0	/wp-includes/css/dist/install.php
1	0	0	1	0	0	29678100	0	0	29678100	0	0	/wp-content/ALFA_DATA/alfacgiapi/bypass.php
1	1	0	0	0	29689878	0	0	29689878	0	0	0	/2/wp-cron.php?doing_wp_cron=1781293730.8462340831756591796875
1	0	0	1	0	0	29678115	0	0	29678115	0	0	/fm.php 
1	0	0	1	0	0	29701599	0	0	29701599	0	0	/cd.php
1	1	0	29	2	29767820	29722534	29745195	29767820	29673814	29744883	33614	/av.php
1	1	0	0	0	29715717	0	0	29715717	0	0	0	/2/wp-cron.php?doing_wp_cron=1782844021.6909089088439941406250
1	0	0	11	0	0	29719598	0	0	29675093	0	0	/abc.php
1	1	0	0	0	29722530	0	0	29722530	0	0	0	/2/wp-cron.php?doing_wp_cron=1783252850.9202959537506103515625
1	0	0	1	0	0	29678112	0	0	29678112	0	0	/.well-known/buy.php
1	1	0	0	0	29775402	0	0	29775402	0	0	4433	/wholesale?product=womens-satin-raglan-sleeve-blouse
1	0	0	3	0	0	29719611	0	0	29677596	0	0	/must.php
1	0	0	1	0	0	29699051	0	0	29699051	0	0	/ffd.php
1	0	0	26	6	0	29722532	29768845	0	29673812	29744883	0	/themes.php
1	0	0	0	2	0	0	29678121	0	0	29675202	0	/wp-includes/js/tinymce/skins/lightgray/img/
1	0	0	1	0	0	29678113	0	0	29678113	0	0	/wp-admin/media-new.php
1	1	0	0	0	29686885	0	0	29686885	0	0	0	/2/wp-cron.php?doing_wp_cron=1781114111.3247179985046386718750
1	0	0	0	20	0	0	29768844	0	0	29674009	0	/wp-mail.php
1	0	0	0	1	0	0	29746519	0	0	29746519	0	/acew67.php
1	0	0	1	0	0	29678117	0	0	29678117	0	0	/wp-includes/Requests/src/Response/about.php
1	1	0	0	0	29718524	0	0	29718524	0	0	0	/2/wp-cron.php?doing_wp_cron=1783012497.7151451110839843750000
1	2	0	0	1	29675005	0	29745196	29673671	0	29745196	15980	/license.txt
1	1	0	0	0	29708410	0	0	29708410	0	0	0	/2/wp-cron.php?doing_wp_cron=1782405649.7434430122375488281250
1	0	0	1	0	0	29678107	0	0	29678107	0	0	/wp-includes/class-wp-language-pack.php
1	1	0	0	0	29775055	0	0	29775055	0	0	5165	/product/womens-plaid-dress
1	0	0	0	2	0	0	29678120	0	0	29675197	0	/wp-admin/css/colors/light/
1	1	0	0	0	29703322	0	0	29703322	0	0	0	/2/wp-cron.php?doing_wp_cron=1782100323.2178890705108642578125
1	1	0	0	0	29708412	0	0	29708412	0	0	0	/2/wp-cron.php?doing_wp_cron=1782405752.4824268817901611328125
1	0	0	1	2	0	29689587	29747492	0	29689587	29747442	0	/h2.php
1	1	0	0	0	29691487	0	0	29691487	0	0	0	/2/wp-cron.php?doing_wp_cron=1781390275.0877089500427246093750
1	0	0	1	0	0	29678104	0	0	29678104	0	0	/wp-admin/maint/wp-conflg.php
1	0	0	0	1	0	0	29678112	0	0	29678112	0	/wp-includes/js/imgareaselect/wp-login.php
1	0	0	1	0	0	29674548	0	0	29674548	0	0	/CLA.php
1	1	0	0	0	29678100	0	0	29678100	0	0	0	/2/wp-cron.php?doing_wp_cron=1780587010.4918959140777587890625
1	0	0	0	1	0	0	29750390	0	0	29750390	0	/nine2code.php
1	0	0	1	0	0	29678114	0	0	29678114	0	0	/.well-known/acme-challenge/mah.php
1	1	0	0	0	29775400	0	0	29775400	0	0	4447	/wholesale?product=womens-kimono-tunic-with-gathered-waist
1	0	0	1	0	0	29719595	0	0	29719595	0	0	/wso112233.php
1	0	0	8	0	0	29726509	0	0	29675507	0	0	/2
1	0	0	3	0	0	29675098	0	0	29675091	0	0	/admin/controller/extension/extension/ultra.php
1	0	0	0	2	0	0	29747492	0	0	29747441	0	/xsjtz.php
1	0	0	0	1	0	0	29767820	0	0	29767820	0	/shiny.php
1	0	0	1	0	0	29678098	0	0	29678098	0	0	/wp-includes/css/chosen.php
1	1	0	0	0	29766785	0	0	29766785	0	0	5165	/product/womens-papion-collar-pleated-sleeve-chemise
1	1	0	0	0	29674011	0	0	29674011	0	0	0	/2/wp-cron.php?doing_wp_cron=1780341701.2131440639495849609375
1	1	0	0	0	29775396	0	0	29775396	0	0	5172	/product/womens-paterned-chemise
1	0	0	1	0	0	29740515	0	0	29740515	0	0	/wp-includes/class-json-variable.php
1	0	0	2	0	0	29678123	0	0	29675212	0	0	/wp-includes/images/wlw/
1	0	0	14	1	0	29719609	29745195	0	29674020	29745195	0	/new.php
1	0	0	14	4	0	29719593	29768844	0	29674017	29756925	0	/wp-content/themes/admin.php
1	1	0	0	0	29775039	0	0	29775039	0	0	5627	/product/womens-dark-blue-tiered-tencel-top
1	0	0	4	0	0	29698179	0	0	29686850	0	0	/robots.txt?46.228.199.158
1	0	0	2	0	0	29679064	0	0	29674099	0	0	/.well-knownold/
1	0	0	2	0	0	29686890	0	0	29677210	0	0	/wp-file.php
1	1	0	0	0	29697214	0	0	29697214	0	0	0	/2/wp-cron.php?doing_wp_cron=1781733894.2802150249481201171875
1	0	0	1	0	0	29678100	0	0	29678100	0	0	/wp-includes/css/atomlib.php
1	0	0	1	0	0	29722106	0	0	29722106	0	0	/ty.php?p=
1	1	0	0	0	29775363	0	0	29775363	0	0	5713	/product/womens-2ps-sarafon-and-coat
1	0	0	9	0	0	29719610	0	0	29674021	0	0	/nVEDxSgpTYq.php
1	0	0	5	0	0	29689878	0	0	29677204	0	0	/bc.php
1	0	0	0	2	0	0	29747495	0	0	29747442	0	/index-20260330022921.php
1	0	0	2	0	0	29678123	0	0	29675211	0	0	/wp-admin/js/file/
1	0	0	1	0	0	29715714	0	0	29715714	0	0	/wp-curl-file.php
1	0	0	5	0	0	29689879	0	0	29677208	0	0	/alpha.php
1	1	0	0	0	29722528	0	0	29722528	0	0	0	/2/wp-cron.php?doing_wp_cron=1783252696.8002569675445556640625
1	0	0	0	5	0	0	29760771	0	0	29746264	0	/clxcc.php
1	1	0	0	0	29677603	0	0	29677603	0	0	0	/2/wp-cron.php?doing_wp_cron=1780557190.7073600292205810546875
1	0	0	1	0	0	29678119	0	0	29678119	0	0	/wp-includes/theme-compat/wp-conflg.php
1	0	0	1	0	0	29740514	0	0	29740514	0	0	/wp-includes/ID3/module.tag.id3v1-framework.php
1	0	0	4	0	0	29701591	0	0	29677921	0	0	/wp-test.php
1	1	0	0	0	29699216	0	0	29699216	0	0	0	/2/wp-cron.php?doing_wp_cron=1781853999.6248059272766113281250
1	1	0	0	0	29697224	0	0	29697224	0	0	0	/2/wp-cron.php?doing_wp_cron=1781734487.8855071067810058593750
1	0	0	0	2	0	0	29765473	0	0	29765473	0	/product/womens-gaiter-waist-long-dress
1	0	0	0	2	0	0	29760771	0	0	29757598	0	/adminner.php
1	0	0	2	0	0	29678091	0	0	29675172	0	0	/wp-content/languages/404.php
1	1	0	0	0	29699056	0	0	29699056	0	0	0	/2/wp-cron.php?doing_wp_cron=1781844372.1956129074096679687500
1	1	0	0	0	29697215	0	0	29697215	0	0	0	/2/wp-cron.php?doing_wp_cron=1781733955.3477549552917480468750
1	0	0	0	3	0	0	29751334	0	0	29749167	0	/ggddssvl.php
1	0	0	1	0	0	29678103	0	0	29678103	0	0	/wp-includes/class-feed-index.php
1	0	0	0	2	0	0	29747492	0	0	29747442	0	/0bk5w8ti.php
1	0	0	2	0	0	29715709	0	0	29691485	0	0	/p-blog.php
1	0	0	12	5	0	29740522	29768844	0	29674016	29750390	0	/elp.php
1	0	0	3	4	0	29702857	29751334	0	29689589	29746265	0	/rithin.php
1	0	0	2	0	0	29678091	0	0	29675172	0	0	/wp-admin/function.php
1	0	0	5	0	0	29689877	0	0	29677208	0	0	/sallu.php
1	0	0	3	0	0	29702855	0	0	29689587	0	0	/levi.php
1	0	0	1	0	0	29678119	0	0	29678119	0	0	/wp-includes/rest-api/alfa-rex.php
1	0	0	0	4	0	0	29760771	0	0	29746264	0	/spadex.php
1	0	0	14	2	0	29722107	29755802	0	29673811	29752904	0	/like.php
1	0	0	0	15	0	0	29744883	0	0	29673811	0	/wp-admin/css/colors/modern/
1	0	0	2	0	0	29678124	0	0	29676096	0	0	/management/assets/assets/css/
1	0	0	1	0	0	29740514	0	0	29740514	0	0	/wp-includes/class-wp-block-type-registry-interface.php
1	0	0	1	0	0	29699054	0	0	29699054	0	0	/wp-content/shell.php
1	0	0	1	0	0	29678115	0	0	29678115	0	0	/wp-admin/css/colors/blue/admin-footer.php
1	0	0	1	0	0	29676094	0	0	29676094	0	0	/config/secrets.yml
1	0	0	1	0	0	29678105	0	0	29678105	0	0	/wp-admin/css/colors/blue/shell.php
1	0	0	0	3	0	0	29751334	0	0	29749167	0	/p14rAeWytPdH5hZcscCFdefault.php
1	0	0	1	1	0	29678097	29759161	0	29678097	29759161	0	/ab.php
1	0	0	5	0	0	29689877	0	0	29677208	0	0	/f5.php
1	3	0	1	0	29760771	29678094	0	29746264	29678094	0	19475	/special.php
1	0	0	3	1	0	29678095	29767820	0	29673808	29767820	0	/xp.php
1	0	0	10	3	0	29719606	29751334	0	29674016	29749167	0	/ftde.php
1	0	0	2	0	0	29740513	0	0	29740513	0	0	/wp-includes/spl-autoload-compat-restful.php
1	0	0	1	0	0	29678114	0	0	29678114	0	0	/wp-includes/interactivity-api/about.php
1	0	0	2	0	0	29678124	0	0	29676096	0	0	/wp-content/uploads/fusion-forms/
1	0	0	1	0	0	29678103	0	0	29678103	0	0	/wp-includes/PHPMailer/index.php
1	0	0	1	3	0	29678112	29760771	0	29678112	29746264	0	/wp-content/cong.php
1	0	0	0	3	0	0	29751334	0	0	29749167	0	/pm90apbv3v5fvgkbguyiCdefault.php
1	1	0	0	0	29712434	0	0	29712434	0	0	0	/2/wp-cron.php?doing_wp_cron=1782647058.1591670513153076171875
1	1	0	0	0	29675256	0	0	29675256	0	0	0	/2/wp-cron.php?doing_wp_cron=1780416405.7962710857391357421875
1	0	0	1	0	0	29678098	0	0	29678098	0	0	/js/fm.php
1	1	0	0	0	29693954	0	0	29693954	0	0	0	/2/wp-cron.php?doing_wp_cron=1781538286.6956470012664794921875
1	1	0	0	0	29691143	0	0	29691143	0	0	0	/2/wp-cron.php?doing_wp_cron=1781369591.4871098995208740234375
1	0	0	1	0	0	29678099	0	0	29678099	0	0	/assets/images/admin.php
1	3	0	0	0	29769629	0	0	29767821	0	0	21933	/shop
1	0	0	3	4	0	29689881	29760771	0	29677931	29752904	0	/zero.php
1	1	0	0	0	29719595	0	0	29719595	0	0	0	/2/wp-cron.php?doing_wp_cron=1783076718.8195099830627441406250
1	0	0	1	0	0	29740514	0	0	29740514	0	0	/wp-includes/class-phpmailer-security.php
1	0	0	0	1	0	0	29770552	0	0	29770552	0	/fk_tp_fp_not_exist_x9k2
1	1	0	0	0	29676648	0	0	29676648	0	0	0	/2/wp-cron.php?doing_wp_cron=1780499891.0431079864501953125000
1	0	0	1	0	0	29678107	0	0	29678107	0	0	/wp-includes/category-double.php
1	0	0	1	0	0	29678110	0	0	29678110	0	0	/wp-content/themes/wp-pridmag/init.php
1	1	0	0	0	29720901	0	0	29720901	0	0	0	/2/wp-cron.php?doing_wp_cron=1783155119.8048899173736572265625
1	1	0	0	0	29775373	0	0	29775373	0	0	5770	/product/womens-tie-front-stand-collar-blouse
1	9	0	0	0	29679486	0	0	29674014	0	0	0	/wp-content/plugins/index.php
1	0	0	1	0	0	29699055	0	0	29699055	0	0	/ver.php
1	1	0	0	0	29702853	0	0	29702853	0	0	0	/2/wp-cron.php?doing_wp_cron=1782072238.8428080081939697265625
1	0	0	0	3	0	0	29773945	0	0	29749492	0	/wordpress/wp-includes/wlwmanifest.xml
1	1	0	0	0	29694309	0	0	29694309	0	0	0	/2/wp-cron.php?doing_wp_cron=1781559594.7048940658569335937500
1	0	0	1	0	0	29678099	0	0	29678099	0	0	/wp-admin/css/colors/light/alfa-rex.php
1	0	0	1	3	0	29701592	29751334	0	29701592	29749167	0	/wo.php
1	0	0	11	8	0	29719603	29768844	0	29674012	29745195	0	/vx.php
1	0	0	0	2	0	0	29755802	0	0	29752904	0	/menhu.php
1	0	0	2	0	0	29679067	0	0	29674102	0	0	/wp-content/plugins/wordpress-seo/js/dist/
1	1	0	0	0	29693748	0	0	29693748	0	0	0	/2/wp-cron.php?doing_wp_cron=1781525930.9483859539031982421875
1	0	0	0	2	0	0	29755803	0	0	29752904	0	/btex.php
1	1	0	0	0	29675265	0	0	29675265	0	0	0	/2/wp-cron.php?doing_wp_cron=1780416916.7249190807342529296875
1	0	0	0	1	0	0	29678099	0	0	29678099	0	/.well-known/pki-validation/1.php
1	0	0	10	0	0	29719610	0	0	29674014	0	0	/wp-admin/maint/about.php
1	0	0	2	0	0	29678089	0	0	29675159	0	0	/wp-includes/js/index.php
1	0	0	1	0	0	29699049	0	0	29699049	0	0	/00:.php
1	0	0	1	0	0	29699051	0	0	29699051	0	0	/3301.php
1	1	0	0	0	29680379	0	0	29680379	0	0	0	/2/wp-cron.php?doing_wp_cron=1780723740.8898780345916748046875
1	1	0	0	0	29673817	0	0	29673817	0	0	0	/2/wp-cron.php?doing_wp_cron=1780330061.2340390682220458984375
1	1	0	0	0	29699048	0	0	29699048	0	0	0	/2/wp-cron.php?doing_wp_cron=1781843932.0673151016235351562500
1	0	0	1	0	0	29678111	0	0	29678111	0	0	/wp-includes/theme-compat/footer-embed-function.php
1	1	0	0	0	29701590	0	0	29701590	0	0	0	/2/wp-cron.php?doing_wp_cron=1781996408.5691781044006347656250
1	1	0	0	0	29698661	0	0	29698661	0	0	0	/2/wp-cron.php?doing_wp_cron=1781820672.7802240848541259765625
1	1	0	0	0	29699063	0	0	29699063	0	0	0	/2/wp-cron.php?doing_wp_cron=1781844838.4391729831695556640625
1	1	0	0	0	29673818	0	0	29673818	0	0	0	/2/wp-cron.php?doing_wp_cron=1780330090.7859458923339843750000
1	0	0	2	1	0	29709527	29750390	0	29708410	29750390	0	/faze.php
1	0	0	0	2	0	0	29747495	0	0	29747442	0	/bfil.php
1	0	0	0	7	0	0	29715108	0	0	29700108	0	/?149.56.160.149
1	0	0	2	4	0	29714318	29754746	0	29674700	29746013	0	/wp-plain.php
1	0	0	1	1	0	29722526	29744883	0	29722526	29744883	0	/qterm.php?p=
1	0	0	2	0	0	29678122	0	0	29675211	0	0	/wp-content/themes/wp-pridmag/
1	0	0	25	8	0	29740517	29768844	0	29673814	29744747	0	/inputs.php
1	0	0	16	3	0	29740518	29750391	0	29673810	29744747	0	/error_log.php
1	0	0	0	4	0	0	29768844	0	0	29756925	0	/wp-content/themes/pridmag/il.php
1	0	0	13	6	0	29740517	29767820	0	29673819	29750390	0	/xa.php
1	0	0	1	0	0	29691486	0	0	29691486	0	0	/bmi.php
1	0	0	1	0	0	29701594	0	0	29701594	0	0	/x=34.php
1	1	0	0	0	29775397	0	0	29775397	0	0	4425	/wholesale?product=womens-satin-pants
1	0	0	0	1	0	0	29770552	0	0	29770552	0	/index.phps=/aaaaaaaa
1	0	0	0	4	0	0	29751334	0	0	29746519	0	/koiy.php
1	1	0	0	0	29673812	0	0	29673812	0	0	0	/2/wp-cron.php?doing_wp_cron=1780329762.3271870613098144531250
1	0	0	2	0	0	29678090	0	0	29675164	0	0	/wp-includes/IXR/admin.php
1	0	0	1	0	0	29678101	0	0	29678101	0	0	/wp-admin/css/colors/tfileman.php
1	0	0	1	3	0	29715713	29747491	0	29715713	29746264	0	/0xD.php
1	17	17	0	7	29722536	0	29768845	29673816	0	29744884	0	/wp-content/
1	0	0	0	1	0	0	29767820	0	0	29767820	0	/mgrr.php
1	0	0	2	0	0	29679064	0	0	29674099	0	0	/index/
1	1	0	0	0	29715836	0	0	29715836	0	0	0	/2/wp-cron.php?doing_wp_cron=1782851204.0557219982147216796875
1	0	0	13	5	0	29719609	29760771	0	29674021	29752903	0	/we.php
1	0	0	1	0	0	29678105	0	0	29678105	0	0	/wp-content/themes/twentytwentyfour/system_cache.php 
1	1	0	0	0	29703323	0	0	29703323	0	0	0	/2/wp-cron.php?doing_wp_cron=1782100429.0969190597534179687500
1	0	0	1	0	0	29691979	0	0	29691979	0	0	http://raspinaclothing.com/news-sitemap.xml
1	1	0	0	0	29674010	0	0	29674010	0	0	0	/2/wp-cron.php?doing_wp_cron=1780341611.3515489101409912109375
1	0	0	21	6	0	29722535	29768844	0	29673815	29744884	0	/abcd.php
1	0	0	1	0	0	29678111	0	0	29678111	0	0	/wp-content/themes/twentytwentytwo/av.php
1	0	0	7	0	0	29698660	0	0	29673819	0	0	/file81.php
1	0	0	3	3	0	29715712	29755802	0	29691488	29744747	0	/000.php
1	0	0	1	0	0	29678109	0	0	29678109	0	0	/wp-includes/css/dist/edit-widgets/bypass.php
1	1	0	0	0	29677956	0	0	29677956	0	0	0	/2/wp-cron.php?doing_wp_cron=1780578406.6100859642028808593750
1	0	0	1	0	0	29689592	0	0	29689592	0	0	/lm15.php
1	0	0	1	0	0	29678096	0	0	29678096	0	0	/wp-content/themes/seotheme/mar.php
1	1	0	0	0	29677374	0	0	29677374	0	0	0	/2/wp-cron.php?doing_wp_cron=1780543491.1099939346313476562500
1	1	0	0	0	29678090	0	0	29678090	0	0	0	/2/wp-cron.php?doing_wp_cron=1780586446.8598530292510986328125
1	0	0	1	2	0	29715716	29747492	0	29715716	29747441	0	/G-In.php
1	0	0	2	0	0	29678092	0	0	29675172	0	0	/wp-content/product.php
1	0	0	1	0	0	29678102	0	0	29678102	0	0	/wp-content/themes/twentytwentytwo/waf_defender.php
1	0	0	1	0	0	29678116	0	0	29678116	0	0	/css/about.php
1	0	0	2	0	0	29678123	0	0	29675211	0	0	/Requests/Exception/
1	0	0	1	0	0	29689586	0	0	29689586	0	0	/jj_260530013947.php
1	1	0	0	0	29678093	0	0	29678093	0	0	0	/2/wp-cron.php?doing_wp_cron=1780586595.7506248950958251953125
1	0	0	18	12	0	29740518	29768844	0	29674009	29744747	0	/classwithtostring.php
1	1	0	0	0	29698860	0	0	29698860	0	0	0	/2/wp-cron.php?doing_wp_cron=1781832655.3541059494018554687500
1	0	0	1	0	0	29675068	0	0	29675068	0	0	/wp-content/plugins/fix/up.php?43.165.198.144
1	1	0	0	0	29699054	0	0	29699054	0	0	0	/2/wp-cron.php?doing_wp_cron=1781844286.8094270229339599609375
1	1	0	0	0	29675093	0	0	29675093	0	0	0	/2/wp-cron.php?doing_wp_cron=1780406596.9401400089263916015625
1	0	0	16	0	0	29719608	0	0	29674018	0	0	/hplfuns.php
1	1	0	0	0	29703317	0	0	29703317	0	0	0	/2/wp-cron.php?doing_wp_cron=1782100069.8323409557342529296875
1	0	0	1	0	0	29698859	0	0	29698859	0	0	/includesh1.php?p=
1	0	0	9	0	0	29719597	0	0	29674011	0	0	/y.php
1	1	0	0	0	29699053	0	0	29699053	0	0	0	/2/wp-cron.php?doing_wp_cron=1781844230.1376540660858154296875
1	0	0	1	0	0	29678119	0	0	29678119	0	0	/lib/functions.php
1	0	0	1	0	0	29691486	0	0	29691486	0	0	/set.php
1	0	0	1	0	0	29676094	0	0	29676094	0	0	/env.json
1	3	0	0	0	29768834	0	0	29749682	0	0	42979	/wishlist
1	0	0	1	2	0	29689593	29747492	0	29689593	29747441	0	/xfun.php
1	1	0	0	0	29673811	0	0	29673811	0	0	0	/2/wp-cron.php?doing_wp_cron=1780329677.9037559032440185546875
1	1	0	0	0	29678118	0	0	29678118	0	0	353	/wp-includes/customize/class-wp-customize-cropped-image-control.php
1	0	0	1	0	0	29678117	0	0	29678117	0	0	/wp-includes/ID3/simi.php
1	0	0	4	0	0	29679066	0	0	29674101	0	0	/plugins/
1	1	0	0	0	29693750	0	0	29693750	0	0	0	/2/wp-cron.php?doing_wp_cron=1781526059.4346408843994140625000
1	0	0	0	1	0	0	29746265	0	0	29746265	0	/ccc.php
1	1	0	0	0	29678114	0	0	29678114	0	0	0	/2/wp-cron.php?doing_wp_cron=1780587856.5542368888854980468750
1	0	0	2	0	0	29693955	0	0	29692496	0	0	/asu.php
1	0	0	0	2	0	0	29747495	0	0	29747443	0	/bclms.php
1	1	0	0	0	29723274	0	0	29723274	0	0	0	/2/wp-cron.php?doing_wp_cron=1783297462.1949889659881591796875
1	0	0	1	0	0	29678099	0	0	29678099	0	0	/ff2.php
1	1	0	0	0	29725624	0	0	29725624	0	0	0	/2/wp-cron.php?doing_wp_cron=1783438462.6703948974609375000000
1	1	0	0	0	29693755	0	0	29693755	0	0	0	/2/wp-cron.php?doing_wp_cron=1781526320.9910750389099121093750
1	0	0	1	2	0	29678343	29747492	0	29678343	29747441	0	/atkno.php
1	0	0	0	4	0	0	29760771	0	0	29752903	0	/reop3.php?p=
1	0	0	1	0	0	29691483	0	0	29691483	0	0	/gcqoa.php
1	0	0	1	0	0	29701596	0	0	29701596	0	0	/xinder.php
1	0	0	0	1	0	0	29746265	0	0	29746265	0	/dfre.php
1	0	0	14	3	0	29722113	29760771	0	29674018	29746264	0	/core.php
1	0	0	0	2	0	0	29676742	0	0	29676094	0	/.git/config
1	1	0	0	0	29710303	0	0	29710303	0	0	0	/2/wp-cron.php?doing_wp_cron=1782519216.9143369197845458984375
1	0	0	17	2	0	29740522	29750391	0	29674013	29745195	0	/t.php
1	0	0	1	0	0	29678115	0	0	29678115	0	0	/wp-includes/assets/script-loader-react-refresh-entry.min-object.php
1	0	0	15	8	0	29722530	29767820	0	29673810	29744883	0	/ops.php
1	0	0	0	1	0	0	29767820	0	0	29767820	0	/ora.php
1	0	0	1	4	0	29678099	29768845	0	29678099	29756925	0	/randkeyword.PhP7
1	1	0	0	0	29678100	0	0	29678100	0	0	0	/2/wp-cron.php?doing_wp_cron=1780587046.4435129165649414062500
1	0	0	0	7	0	0	29679066	0	0	29674102	0	/wp-includes/js/
1	0	0	0	3	0	0	29773945	0	0	29749492	0	/blog/wp-includes/wlwmanifest.xml
1	0	0	0	2	0	0	29755803	0	0	29752904	0	/1wld4ctl.php
1	0	0	1	0	0	29689590	0	0	29689590	0	0	/lowpr.php
1	0	0	0	2	0	0	29678090	0	0	29675164	0	/.well-known/pki-validation/admin.php
1	0	0	2	0	0	29678124	0	0	29676097	0	0	/wp-content/themes/Avada/shortcodes/
1	0	0	1	0	0	29678108	0	0	29678108	0	0	/wp-includes/certificates/wp-conflg.php
1	1	0	0	0	29674410	0	0	29674410	0	0	0	/2/wp-cron.php?doing_wp_cron=1780365642.5462999343872070312500
1	2	0	0	0	29775290	0	0	29767861	0	0	8912	/wholesale?product=womens-turn-down-collar-blouse-with-wide-cuffs
1	0	0	1	0	0	29678108	0	0	29678108	0	0	/wp-content/themes/twentytwentyfour/icascreenshots.php
1	0	0	4	0	0	29699052	0	0	29675097	0	0	/o.php
1	0	0	1	0	0	29689587	0	0	29689587	0	0	/0upb5b.php
1	0	0	0	1	0	0	29678105	0	0	29678105	0	/.well-known/pki-validation/server.php
1	0	0	1	0	0	29678106	0	0	29678106	0	0	/wp-content/autoload_classmap.php
1	0	0	1	0	0	29678100	0	0	29678100	0	0	/.well-known/acme-challenge/content.php
1	0	0	0	4	0	0	29760771	0	0	29752903	0	/thoms.php
1	1	0	0	0	29770856	0	0	29770856	0	0	4437	/wholesale?product=womens-gaiter-waist-sarafon
1	1	0	0	0	29699062	0	0	29699062	0	0	0	/2/wp-cron.php?doing_wp_cron=1781844738.4932880401611328125000
1	0	0	11	0	0	29722107	0	0	29673811	0	0	/wordpress/wp-admin/maint/
1	0	0	1	0	0	29678115	0	0	29678115	0	0	/wp-content/goods.php
1	0	0	0	2	0	0	29747494	0	0	29747442	0	/6xBAm3vODE05BSzkJZRAws.php
1	1	0	0	0	29674416	0	0	29674416	0	0	0	/2/wp-cron.php?doing_wp_cron=1780366001.8119449615478515625000
1	1	0	0	0	29694163	0	0	29694163	0	0	64	/.well-known/acme-challenge/ZDRE18RZ7VB09V-PPPEWDBDTKMZ-78CL
1	0	0	1	0	0	29699057	0	0	29699057	0	0	/contact-demo.php
1	0	0	7	0	0	29698661	0	0	29673820	0	0	/file58.php
1	0	0	1	0	0	29740515	0	0	29740515	0	0	/wp-includes/class-wp-user-meta-session-tokens-less.php
1	1	0	0	0	29679481	0	0	29679481	0	0	0	/2/wp-cron.php?doing_wp_cron=1780669876.7227959632873535156250
1	201	201	0	617	29775399	0	29765457	29745358	0	29673624	1507923	/
1	1	0	0	0	29677926	0	0	29677926	0	0	0	/2/wp-cron.php?doing_wp_cron=1780576606.8238580226898193359375
1	0	0	2	0	0	29678093	0	0	29675192	0	0	/.well-known/gecko-litespeed.php
1	0	0	2	0	0	29678123	0	0	29675211	0	0	/themes/travelscape/
1	0	0	0	4	0	0	29760771	0	0	29746264	0	/wpx.php
1	0	0	1	0	0	29678098	0	0	29678098	0	0	/wp-includes/function.php
1	0	0	0	4	0	0	29768845	0	0	29756925	0	/wp-admin/classwithtostring.php
1	0	0	23	4	0	29719603	29760771	0	29673820	29752904	0	/a5.php
1	0	0	2	0	0	29678088	0	0	29675155	0	0	/O-Simple.php
1	0	0	1	0	0	29678344	0	0	29678344	0	0	/yellow.php
1	0	0	2	0	0	29678093	0	0	29675192	0	0	/images/index.php
1	0	0	1	0	0	29678104	0	0	29678104	0	0	/options-reading.php
1	0	0	1	0	0	29678099	0	0	29678099	0	0	/license.php
1	1	0	0	0	29693759	0	0	29693759	0	0	0	/2/wp-cron.php?doing_wp_cron=1781526561.0726330280303955078125
1	0	0	0	2	0	0	29747495	0	0	29747443	0	/13ede.php
1	1	0	0	0	29701600	0	0	29701600	0	0	0	/2/wp-cron.php?doing_wp_cron=1781997049.8094151020050048828125
1	1	0	0	0	29694298	0	0	29694298	0	0	0	/2/wp-cron.php?doing_wp_cron=1781558936.2894580364227294921875
1	0	0	2	0	0	29678089	0	0	29675159	0	0	/wp-content/languages/wp-conflg.php
1	0	0	2	0	0	29678122	0	0	29675211	0	0	/file/
1	1	0	0	0	29722110	0	0	29722110	0	0	0	/2/wp-cron.php?doing_wp_cron=1783227615.9394180774688720703125
1	0	0	1	0	0	29678118	0	0	29678118	0	0	/storage/framework/views/core.php
1	1	0	0	0	29699061	0	0	29699061	0	0	0	/2/wp-cron.php?doing_wp_cron=1781844712.3889610767364501953125
1	0	0	0	2	0	0	29755802	0	0	29752903	0	/daerl3.php?p=
1	0	0	2	0	0	29678122	0	0	29675211	0	0	/wp-content/themes/twentytwentyfour/patterns/
1	0	0	1	0	0	29678112	0	0	29678112	0	0	/wp-admin/maint/lint-branch.php
1	0	0	0	2	0	0	29767457	0	0	29749492	0	/2018/wp-includes/wlwmanifest.xml
1	1	0	0	0	29719606	0	0	29719606	0	0	0	/2/wp-cron.php?doing_wp_cron=1783077376.2484369277954101562500
1	1	0	0	0	29722107	0	0	29722107	0	0	0	/2/wp-cron.php?doing_wp_cron=1783227474.9029219150543212890625
1	0	0	1	0	0	29678119	0	0	29678119	0	0	/wp-admin/post-new.php
1	0	0	1	0	0	29678113	0	0	29678113	0	0	/wp-includes/sodium_compat/lib/widget-group.php
1	0	0	2	0	0	29678120	0	0	29675196	0	0	/wp-content/themes/pridmag/
1	1	0	0	0	29767820	0	0	29767820	0	0	33614	/xpohywjo.php
1	0	0	1	0	0	29678105	0	0	29678105	0	0	/wp-content/plugins/pwnd/install.php
1	1	0	0	0	29697219	0	0	29697219	0	0	0	/2/wp-cron.php?doing_wp_cron=1781734196.4614000320434570312500
1	1	0	0	0	29722111	0	0	29722111	0	0	0	/2/wp-cron.php?doing_wp_cron=1783227661.9778370857238769531250
1	0	0	3	0	0	29689875	0	0	29677922	0	0	/wps.php
1	0	0	1	0	0	29715711	0	0	29715711	0	0	/wp-sync.php
1	0	0	0	1	0	0	29744747	0	0	29744747	0	/zpslrqry.php
1	0	0	0	2	0	0	29760771	0	0	29757598	0	/srontol.php?p=
3	0	0	0	5	0	0	29720210	0	0	29720207	0	android-app://com.google.android.googlequicksearchbox/
3	0	0	0	2	0	0	29678201	0	0	29678201	0	http://rasooldev.ir/cgi-sys/suspendedpage.cgi
3	1	0	0	0	29768834	0	0	29768834	0	0	4627	http://raspinaclothing.com/catalog
3	0	0	0	8	0	0	29682771	0	0	29673989	0	http://raspinaclothes.com/
3	0	0	0	1	0	0	29680090	0	0	29680090	0	https://duckduckgo.com/
3	1	0	0	0	29768834	0	0	29768834	0	0	15121	http://raspinaclothing.com/wishlist
3	10	0	7	0	29768834	29768834	0	29749682	29749682	0	48190	http://raspinaclothing.com/contact
3	1	1	1	5	29771539	29737402	29737402	29771539	29737402	29691807	0	https://www.google.com/
3	0	0	0	1	0	0	29744448	0	0	29744448	0	http://raspinaclothing.com/index.php?rest_route=/wp/v2/plugins
3	9	0	0	2	29772963	0	29699629	29747794	0	29696736	179093	http://www.raspinaclothing.com/
3	0	0	0	1	0	0	29683045	0	0	29683045	0	http://mail.raspinaclothes.com/
3	4	0	0	0	29766730	0	0	29754190	0	0	25186	http://raspinaclothing.com/contact?sent=1
3	244	9	0	64	29775411	0	29765473	29746167	0	29673624	9404782	http://raspinaclothing.com/
3	0	0	0	1	0	0	29674851	0	0	29674851	0	http://www.raspinaclothes.com/
3	3	0	2	0	29768834	29768834	0	29768834	29768834	0	13123	http://raspinaclothing.com/wholesale
3	1	0	0	0	29768834	0	0	29768834	0	0	3823	http://raspinaclothing.com/terms
3	1	0	0	0	29768834	0	0	29768834	0	0	7311	http://raspinaclothing.com/shop
3	0	0	0	2	0	0	29721743	0	0	29721743	0	https://google.com/
3	2	0	0	2	29761718	0	29720394	29747642	0	29680758	97490	http://mail.raspinaclothing.com/
3	1	0	0	0	29768834	0	0	29768834	0	0	4171	http://raspinaclothing.com/about-us
3	0	0	0	2	0	0	29678273	0	0	29677733	0	http://aisearchindex.space/
3	1	0	0	0	29768834	0	0	29768834	0	0	3799	http://raspinaclothing.com/privacy
4	0	0	25	3	0	29678122	29678090	0	29675173	29675197	0	Mozilla/5.0 (Windows NT 10.0; Win64; x64; rv:79.0) Gecko/20100101 Firefox/79.0
4	1	0	22	2	29678117	29678122	29678124	29678117	29675159	29675197	2	Mozilla/5.0 (Windows NT 6.1; Win64; x64) AppleWebKit/537.36 (KHTML, like Gecko) Chrome/58.0.3029.110 Safari/537.3
4	0	0	0	6	0	0	29678204	0	0	29674855	0	Mozilla/5.0 (Windows NT 10.0; Win64; x64) AppleWebKit/537.36 (KHTML, like Gecko) Chrome/129.0.0.0 Safari/537.36
4	2	2	0	6	29747681	0	29695730	29746400	0	29673776	33577	Mozilla/5.0 (Windows NT 10.0; Win64; x64) AppleWebKit/537.36 (KHTML, like Gecko) Chrome/130.0.0.0 Safari/537.36
4	1	1	35	7	29675195	29678123	29678124	29675195	29675155	29675197	0	Mozilla/5.0 (Windows NT 10.0; WOW64) AppleWebKit/537.36 (KHTML, like Gecko) Chrome/84.0.4147.105 Safari/537.36
4	0	0	0	2	0	0	29765287	0	0	29765287	0	Mozilla/5.0 (X11; Linux x86_64) AppleWebKit/537.36 (KHTML, like Gecko) Chrome/80.0.3987.116 Safari/537.36
4	0	0	0	1	0	0	29742954	0	0	29742954	0	Mozilla/5.0 (iPhone; CPU iPhone OS 16_3 like Mac OS X) AppleWebKit/605.1.15 (KHTML, like Gecko) CriOS/122.0.6261.89 Mobile/15E148 Safari/604
4	0	0	0	1	0	0	29714669	0	0	29714669	0	Mozilla/5.0 (Windows NT 10.0; Win64; x64) AppleWebKit/537.36 (KHTML, like Gecko) Chrome/130.0.0.0 Safari/537.36 Edg/130.0.0.0
4	0	0	1	0	0	29679536	0	0	29679536	0	0	Mozilla/5.0 (Windows NT 10.0; Win64; x64) AppleWebKit/537.36 (KHTML, like Gecko) Chrome/62.0.2868.143 Safari/537.36
4	0	0	0	2	0	0	29736520	0	0	29736520	0	Mozilla/5.0 (compatible; JoomlaDetector/1.0)
4	0	0	0	1	0	0	29716339	0	0	29716339	0	Mozilla/5.0 (Windows NT 10.0; Win64; x64) AppleWebKit/537.36 (KHTML, like Gecko) Chrome/62.0.3191.0 Safari/537.36
4	0	0	0	1	0	0	29684663	0	0	29684663	0	Mozilla/5.0 (Windows NT 10.0; Win64; x64) AppleWebKit/537.36 (KHTML, like Gecko) Chrome/115.0.0.0 Safari/537.36 Edg/115.0.1901.188
4	0	0	23	3	0	29678124	29678122	0	29675158	29675197	0	Mozilla/5.0 (X11; Linux x86_64) AppleWebKit/537.36 (KHTML, like Gecko) Chrome/84.0.4147.105 Safari/537.36
4	0	0	0	1	0	0	29773273	0	0	29773273	0	curl/7.64.0
4	0	0	0	1	0	0	29741336	0	0	29741336	0	Mozilla/5.0 (SS; Linux i686) AppleWebKit/537.36 (KHTML, like Gecko) Chrome/132.0.0.0 Safari/537.36
4	0	0	0	2	0	0	29721743	0	0	29721743	0	Mozilla/5.0 (Windows NT 10.0; Win64; x64; rv:152.0) Gecko/20100101 Firefox/152.0
4	9	5	0	18	29774602	0	29741656	29753222	0	29673989	229095	Mozilla/5.0 (X11; Linux x86_64; rv:142.0) Gecko/20100101 Firefox/142.0
4	0	0	0	4	0	0	29688113	0	0	29685484	0	Mozilla/5.0 (Windows NT 10.0; Win64; x64) AppleWebKit/537.36 (KHTML, like Gecko) Chrome/146.0.0.0 Safari/537.36
4	1	0	21	6	29678118	29678120	29678124	29678118	29675164	29675197	353	Mozilla/5.0 (Macintosh; Intel Mac OS X 10_15_6) AppleWebKit/537.36 (KHTML, like Gecko) Chrome/84.0.4147.125 Safari/537.36
4	0	0	1	0	0	29674692	0	0	29674692	0	0	Mozilla/5.0 (Macintosh; Intel Mac OS X 10.12; rv:47.0) Gecko/20100101 Firefox/47.0
4	2	1	3	2	29754667	29715309	29715309	29754666	29687987	29688006	6326	Mozilla/5.0 AppleWebKit/537.36 (KHTML, like Gecko; compatible; bingbot/2.0; +http://www.bing.com/bingbot.htm) Chrome/116.0.1938.76 Safari/537.36
4	6	6	9	19	29754746	29714318	29774905	29746013	29674700	29674700	34452	Mozlila/5.0 (Linux; Android 7.0; SM-G892A Bulid/NRD90M; wv) AppleWebKit/537.36 (KHTML, like Gecko) Version/4.0 Chrome/60.0.3112.107 Moblie Safari/537.36
4	0	0	0	8	0	0	29680003	0	0	29673624	0	Mozilla/5.0 (Windows NT 10.0; Win64; x64) AppleWebKit/537.36 (KHTML, like Gecko) Chrome/131.0.0.0 Safari/537.36 Avast/131.0.0.0
4	0	0	1	0	0	29704532	0	0	29704532	0	0	Mozilla/5.0 (compatible; MSIE 9.0; Windows NT 6.3; Win64; x64; Trident/5.0)
4	0	0	27	5	0	29678124	29678122	0	29675155	29675212	0	Mozilla/5.0 (Windows NT 10.0; Win64; x64) AppleWebKit/537.36 (KHTML, like Gecko) Chrome/69.0.3497.100 Safari/537.36
4	0	0	1	2	0	29673680	29676727	0	29673680	29673680	0	Mozilla/5.0 (Windows NT 10.0; Win64; x64) AppleWebKit/537.36 (KHTML, like Gecko) Chrome/122.0.0.0 Safari/537.3
4	8	0	0	5	29766970	0	29766710	29746172	0	29705703	258729	Googlebot-Image/1.0
4	0	0	0	20	0	0	29713280	0	0	29673793	0	Mozilla/5.0 (Linux; Android 6.0.1; Nexus 5X Build/MMB29P) AppleWebKit/537.36 (KHTML, like Gecko) Chrome/148.0.7778.96 Mobile Safari/537.36 (compatible; Googlebot/2.1; +http://www.google.com/bot.html)
4	0	0	1	0	0	29677373	0	0	29677373	0	0	Mozilla/5.0 (Windows NT 5.1; Win64; x64) AppleWebKit/537.36 (KHTML, like Gecko) Chrome/56.0.2926.10 Safari/537.36
4	0	0	0	2	0	0	29691450	0	0	29690264	0	Mozilla/5.0 (iPhone; CPU iPhone OS 26_0 like Mac OS X) AppleWebKit/605.1.15 (KHTML, like Gecko) Version/26.0 Mobile/15E148 Safari/604.1
4	6	0	9	0	29757234	29725350	0	29746021	29677657	0	780	Mozilla/5.0 (Linux; Android 5.0) AppleWebKit/537.36 (KHTML, like Gecko) Mobile Safari/537.36 (compatible; Bytespider; spider-feedback@bytedance.com)
4	0	0	28	7	0	29678124	29678123	0	29675164	29675193	0	Mozilla/5.0 (Macintosh; Intel Mac OS X 10_10_1) AppleWebKit/537.36 (KHTML, like Gecko) Chrome/39.0.2171.95 Safari/537.36
4	1	1	0	0	29772951	0	0	29772951	0	0	6747	Mozilla/5.0 (compatible; CMS-Checker/1.0; +https://example.com)
4	2	2	0	3	29767975	0	29714323	29749109	0	29685169	12686	2ip bot/1.1 (+https://2ip.io/bot/)
4	1	0	0	0	29769552	0	0	29769552	0	0	130	Mozilla/5.0 (Windows NT 10.0; Win64; x64) AppleWebKit/537.36 (KHTML, like Gecko) Chrome/61.0.3845.59 Safari/537.36 Edge/18.18362
4	1	0	0	0	29750087	0	0	29750087	0	0	7110163	Mozilla/5.0 AppleWebKit/537.36 (KHTML, like Gecko; compatible; GoogleOther) Chrome/150.0.7871.128 Safari/537.36
4	1	1	2	5	29747728	29689429	29726027	29747728	29674036	29674036	5601	Mozilla/5.0 (Linux; Android 12; SAMSUNG SM-A415F) AppleWebKit/537.36 (KHTML, like Gecko) SamsungBrowser/23.0 Chrome/115.0.0.0 Mobile Safari/537.3
4	0	0	27	5	0	29678124	29678120	0	29675155	29675172	0	Mozilla/5.0 (Windows NT 10.0; Win64; x64; rv:75.0) Gecko/20100101 Firefox/75.0
4	0	0	2	0	0	29696347	0	0	29696347	0	0	Mozilla/5.0 (Linux; Android 10; K) AppleWebKit/537.36 (KHTML, like Gecko) Chrome/140.0.0.0 Mobile Safari/537.36
4	1	0	0	0	29773002	0	0	29773002	0	0	130	Mozilla/5.0 (Windows NT 10.0; Win64; x64) AppleWebKit/537.36 (KHTML, like Gecko) Chrome/48.0.3193.42 Safari/537.36
4	1	1	0	2	29757729	0	29736713	29757729	0	29698787	6937	Mozilla/5.0 (Windows NT 6.3; Win64; x64; rv:109.0) Gecko/20100101 Firefox/115
4	0	0	0	2	0	0	29676454	0	0	29676454	0	2ip bot/1.1 (+https://2ip.io)
4	0	0	0	1	0	0	29716451	0	0	29716451	0	Mozilla/5.0 (Windows NT 10.0; Win64; x64) AppleWebKit/537.36 (KHTML, like Gecko) Chrome/111.0.0.0 Safari/537.36
4	26	0	0	0	29775401	0	0	29763886	0	0	130779	Mozilla/5.0 (Windows NT 10.0; Win64; x64) AppleWebKit/537.36 (KHTML, like Gecko) Chrome/145.0.0.0 Safari/537.36
4	1	1	0	0	29754106	0	0	29754106	0	0	6937	Mozilla/5.0 (X11; FreeBSD amd64) AppleWebKit/537.36 (KHTML, like Gecko) Chrome/35.0.1916.153 Safari/537.36
4	0	0	3	3	0	29715817	29715817	0	29695837	29695837	0	Mozilla/5.0 (Windows NT 10.0; Win64; x64) AppleWebKit/537.36 (KHTML, like Gecko) Chrome/139.0.0.0 Safari/537.36/Nutch-1.21-SNAPSHOT
4	1	1	0	3	29762239	0	29703377	29762239	0	29675803	6937	Mozilla/5.0 (Windows NT 10.0; Win64; x64) AppleWebKit/537.36 (KHTML, like Gecko) Chrome/120.0.0.0 Safari/537.36 Viewer/99.9.8853.8
4	0	0	0	2	0	0	29694173	0	0	29694173	0	Mozilla/5.0 (compatible; rust_sniffer/0.1; +https://github.com/)
4	0	0	1	0	0	29674627	0	0	29674627	0	0	Mozilla/5.0 (compatible; AffsignalCrawler/1.0; +https://affsignal.com/bot)
4	1	1	23	8	29675202	29678119	29678123	29675202	29675155	29675159	2	Mozilla/5.0 (Macintosh; Intel Mac OS X 10_12_6) AppleWebKit/537.36 (KHTML, like Gecko) Chrome/58.0.3029.110 Safari/537.3
4	0	0	1	0	0	29677374	0	0	29677374	0	0	Mozilla/5.0 (X11; Ubuntu; Linux i686; rv:48.0) Gecko/20100101 Firefox/48.0
4	0	0	1	0	0	29700279	0	0	29700279	0	0	Mozilla/5.0 (Windows NT 10.0; Win64; x64) AppleWebKit/537.36 (KHTML, like Gecko) Chrome/81.0.4503.123 Safari/537.36 Edge/18.18362
4	3	3	0	18	29767457	0	29767457	29767457	0	29767457	100842	Mozilla/5.0 (Windows NT 10.0; Win64; x64) AppleWebKit/537.36 (KHTML, like Gecko) Chrome/78.0.3904.108 Safari/537.36
4	0	0	1	0	0	29676742	0	0	29676742	0	0	Mozilla/5.0 (Macintosh; Intel Mac OS X 10_15_7) AppleWebKit/537.36 (KHTML, like Gecko) Chrome/132.0.0.0 Safari/537.36
4	0	0	1	0	0	29674692	0	0	29674692	0	0	Mozilla/5.0 (Macintosh; Intel Mac OS X 10.8; rv:51.0) Gecko/20100101 Firefox/51.0
4	16	0	0	0	29694173	0	0	29694173	0	0	1392	Mozilla/5.0 (compatible; Let's Encrypt validation server; +https://www.letsencrypt.org)
4	0	0	2	0	0	29676094	0	0	29676094	0	0	Mozilla/5.0 AppleWebKit/537.36 (KHTML, like Gecko); compatible; PerplexityBot/1.0; +https://perplexity.ai/perplexitybot
4	0	0	0	1	0	0	29737275	0	0	29737275	0	Mozilla/5.0 (Linux; Android 6.0.1; Nexus 5X Build/MMB29P) AppleWebKit/537.36 (KHTML, like Gecko) Chrome/150.0.7871.114 Mobile Safari/537.36 (compatible; Googlebot/2.1; +http://www.google.com/bot.html)
4	0	0	0	4	0	0	29699000	0	0	29699000	0	Mozilla/5.0 (X11; Linux x86_64; rv:103.0) Gecko/20100101 Firefox/103.0
4	0	0	28	6	0	29678123	29678123	0	29675172	29675202	0	Mozilla/5.0 (X11; Linux i686; rv:79.0) Gecko/20100101 Firefox/79.0
4	1	0	0	0	29775547	0	0	29775547	0	0	130	Mozilla/5.0 (Windows NT 10.0; WOW64) AppleWebKit/537.36 (KHTML, like Gecko) Chrome/70.0.3468.118 Safari/537.36 Core/1.70.3722.400 QQBrowser/10.5.3739.400
4	0	0	1	2	0	29737402	29737402	0	29737402	29737402	0	Mozilla/5.0 (X11; Linux x86_64) AppleWebKit/537.36 (KHTML, like Gecko) Chrome/119.0.0.0 Safari/537.36
4	1	1	0	1	29775284	0	29743291	29775284	0	29743291	6714	Python/3.12 aiohttp/3.14.1
4	0	0	1	0	0	29700246	0	0	29700246	0	0	Mozilla/5.0 (Windows NT 10.0; Win64; x64) AppleWebKit/537.36 (KHTML, like Gecko) Chrome/86.0.3929.66 Safari/537.36 Edge/18.18362
4	1	1	0	0	29745573	0	0	29745573	0	0	5601	Mozilla/5.0 (Windows NT 10.0; Win64; x64) AppleWebKit/537.36 (KHTML, like Gecko) Chrome/124.0.0.0 Safari/537.36 Edg/124.0.0.0
4	0	0	0	2	0	0	29679997	0	0	29677708	0	Mozilla/5.0 (Windows NT 10.0; Win64; x64) AppleWebKit/537.36 (KHTML, like Gecko) Chrome/91.0.4472.114 Safari/537.36 Edg/91.0.864.54
4	0	0	27	4	0	29678123	29678123	0	29675158	29675197	0	Mozilla/5.0 (Windows NT 10.0; Win64; x64; rv:71.0) Gecko/20100101 Firefox/71.0
4	0	0	1	0	0	29718240	0	0	29718240	0	0	Mozilla/5.0 (Windows NT 6.3) AppleWebKit/537.36 (KHTML, like Gecko) Chrome/49.0.2625.69 Safari/537.36
4	0	0	1	0	0	29718458	0	0	29718458	0	0	Mozilla/5.0 (Windows NT 10.0; WOW64) AppleWebKit/537.36 (KHTML, like Gecko) Chrome/51.0.2842.69 Safari/537.36 SE 2.X MetaSr 1.0
4	0	0	8	0	0	29712434	0	0	29675506	0	0	Mozilla/5.0 (Windows NT 10.0; Win64; x64) AppleWebKit/537.36 (KHTML, like Gecko) Chrome/109.0.0.0 Safari/537.36
4	1	1	0	1	29749598	0	29674194	29749598	0	29674194	5939	Mozilla/5.0 (Windows NT 10.0; Win64; x64) AppleWebKit/537.36 (KHTML, like Gecko) HeadlessChrome/134.0.0.0 Safari/537.36 Edg/134.0.0.0
4	0	0	1	0	0	29717544	0	0	29717544	0	0	Mozilla/5.0 (Windows NT 10.0; WOW64) AppleWebKit/537.36 (KHTML, like Gecko) Chrome/88.0.2748.142 Safari/537.36 SE 2.X MetaSr 1.0
4	0	0	0	2	0	0	29721194	0	0	29721194	0	Mozilla/5.0 (compatible; WebatlaBot/1.0; +https://bot.webatla.com; abuse@webatla.com)
4	21	0	0	0	29775402	0	0	29767273	0	0	105828	Mozilla/5.0 (Windows NT 10.0; Win64; x64) AppleWebKit/537.36 (KHTML, like Gecko) Chrome/144.0.0.0 Safari/537.36
4	0	0	0	1	0	0	29716451	0	0	29716451	0	Mozilla/5.0 (Windows NT 10.0; Win64; x64; rv:109.0) Gecko/20100101 Firefox/116.0
4	0	0	5	1	0	29716881	29716841	0	29716844	29716841	0	Mozilla/5.0 (X11; Linux x86_64) AppleWebKit/537.36 (KHTML, like Gecko) Chrome/96.0.4664.45 Safari/537.36
4	0	0	1	0	0	29676094	0	0	29676094	0	0	Mozilla/5.0 AppleWebKit/537.36 (KHTML, like Gecko); compatible; OAI-SearchBot/1.0; +https://openai.com/searchbot
4	1	1	0	0	29761601	0	0	29761601	0	0	6937	Mozilla/5.0 (X11; Linux x86_64) AppleWebKit/537.36 (KHTML, like Gecko) Chrome/136.0.0.0 Safari/537.36
4	0	0	1	0	0	29720901	0	0	29720901	0	0	Mozilla/5.0 (Windows NT 10.0; Win64; x64) AppleWebKit/537.36 (KHTML, like Gecko) Chrome/81.0.3972.112 Safari/537.36 Edge/18.18362
4	2	0	45	0	29714494	29740048	0	29714493	29673874	0	0	Mozilla/5.0 (Macintosh; Intel Mac OS X 10_15_7) AppleWebKit/537.36 (KHTML, like Gecko) Chrome/131.0.0.0 Safari/537.36; compatible; OAI-SearchBot/1.0; +https://openai.com/searchbot
4	0	0	1	0	0	29676094	0	0	29676094	0	0	Mozilla/5.0 (Linux; Android 13; SM-G998B) AppleWebKit/537.36 (KHTML, like Gecko) SamsungBrowser/26.0 Chrome/122.0.0.0 Mobile Safari/537.36
4	0	0	3	1	0	29719840	29719840	0	29709467	29719840	0	Mozilla/5.0 (Windows NT 10.0; Win64; x64) AppleWebKit/537.36 (KHTML, like Gecko) Edge/115.0.0.0
4	1	0	0	0	29749584	0	0	29749584	0	0	130	Mozilla/5.0 (Windows NT 10.0; Win64; x64) AppleWebKit/537.36 (KHTML, like Gecko) Chrome/47.0.3938.71 Safari/537.36
4	0	0	0	1	0	0	29680000	0	0	29680000	0	Mozilla/5.0 (Macintosh; Intel Mac OS X 10_15_7) AppleWebKit/537.36 (KHTML, like Gecko) Chrome/147.0.0.0 Safari/537.36 Edg/147.0.0.0
4	1	1	0	4	29750110	0	29724220	29750110	0	29718606	6865	Mozilla/5.0 (Windows NT 10.0; Win64; x64) AppleWebKit/537.36 (KHTML, like Gecko) Chrome/126.0.0.0 Safari/537.36
4	0	0	0	2	0	0	29720845	0	0	29720844	0	Wget/1.25.0
4	0	0	2	0	0	29676742	0	0	29676094	0	0	anthropic-ai
4	1	0	0	0	29768209	0	0	29768209	0	0	130	Mozilla/5.0 (Windows NT 10.0; WOW64) AppleWebKit/537.36 (KHTML, like Gecko) Chrome/88.0.3971.76 Safari/537.36 SE 2.X MetaSr 1.0
4	20	0	0	3	29775402	0	29765294	29769629	0	29765294	102765	Mozilla/5.0 (Windows NT 10.0; Win64; x64) AppleWebKit/537.36 (KHTML, like Gecko) Chrome/145.0.0.0 Safari/537.36 Edg/145.0.0.0
4	2	1	0	2	29769986	0	29694237	29769982	0	29694233	55492	Mozilla/5.0 (X11; Ubuntu; Linux x86_64; rv:134.0) Gecko/20100101 Firefox/134.0
4	1	0	0	0	29746806	0	0	29746806	0	0	7110163	Mozilla/5.0 (Linux; Android 6.0.1; Nexus 5X Build/MMB29P) AppleWebKit/537.36 (KHTML, like Gecko) Chrome/150.0.7871.128 Mobile Safari/537.36 (compatible; GoogleOther)
4	0	0	2	7	0	29714318	29754746	0	29674700	29746013	0	Mozilla/5.0 (Linux; Android 7.0; SM-G892A Bulid/NRD90M; wv) AppleWebKit/537.36 (KHTML, like Gecko) Version/4.0 Chrome/60.0.3112.107 Moblie Safari/537.36
4	1	0	35	5	29675164	29678124	29678124	29675164	29675159	29675197	0	Mozilla/5.0 (Windows NT 10.0; Win64; x64) AppleWebKit/537.36 (KHTML, like Gecko) Chrome/74.0.3729.157 Safari/537.36
4	30	0	0	2	29775402	0	29765473	29765475	0	29765473	155713	Mozilla/5.0 (Windows NT 10.0; Win64; x64) AppleWebKit/537.36 (KHTML, like Gecko) Chrome/143.0.0.0 Safari/537.36
4	0	0	0	1	0	0	29678218	0	0	29678218	0	Mozilla/5.0 (Linux; Android 9; Redmi Note 7 Build/PKQ1.180904.001) AppleWebKit/537.36 (KHTML, like Gecko) Chrome/80.0.3987.99 Mobile Safari/537.36 YaApp_Android/10.61 YaSearchBrowser/10.61
4	0	0	27	6	0	29678124	29678124	0	29675159	29675197	0	Mozilla/5.0 (Windows NT 10.0; Win64; x64; rv:66.0) Gecko/20100101 Firefox/66.0
4	0	0	20	0	0	29678114	0	0	29675159	0	0	Mozilla/5.0 (Windows NT 10.0) AppleWebKit/537.36 (KHTML, like Gecko) Chrome/84.0.4147.105 Safari/537.36
4	0	0	0	2	0	0	29678201	0	0	29678201	0	Mozilla/5.0 (X11; Linux x86_64) AppleWebKit/537.36 (KHTML, like Gecko) Chrome/135.0.0.0 Safari/537.36
4	1	1	0	0	29748362	0	0	29748362	0	0	5601	Mozilla/5.0 (Macintosh; U; PPC Mac OS X 10.5; en-US; rv:1.9.2.15) Gecko/20110303 Firefox/3.6.15
4	23	0	0	0	29740523	0	0	29732875	0	0	0	WordPress/7.0.1; https://raspinaclothing.com/2
4	2	0	0	0	29754667	0	0	29754667	0	0	146640	Mozilla/5.0 AppleWebKit/537.36 (KHTML, like Gecko; compatible; bingbot/2.0; +http://www.bing.com/bingbot.htm) Chrome/100.0.4896.127 Safari/537.36
4	0	0	1	1	0	29676094	29676742	0	29676094	29676742	0	Mozilla/5.0 (Macintosh; Intel Mac OS X 10_15_7) AppleWebKit/537.36 (KHTML, like Gecko) Chrome/130.0.0.0 Safari/537.36
4	0	0	2	0	0	29718560	0	0	29708943	0	0	Mozilla/5.0 (Macintosh; Intel Mac OS X 10_15_7) AppleWebKit/537.36 (KHTML, like Gecko) Chrome/129.0.0.0 Safari/537.36
4	1	1	0	0	29756765	0	0	29756765	0	0	6937	Mozilla/5.0 (Windows NT 10.0; Win64; x64; rv:133.0) Gecko/20100101 Firefox/133.0
4	0	0	1	0	0	29680209	0	0	29680209	0	0	Mozilla/5.0 (compatible; MSIE 10.0; Windows NT 6.2; WOW64; Trident/6.0)
4	0	0	0	1	0	0	29680654	0	0	29680654	0	Mozilla/5.0 (Macintosh; Intel Mac OS X 10_15_7) AppleWebKit/605.1.15 (KHTML, like Gecko) Version/14.0 Safari/605.1.15
4	15	3	4	1	29771539	29768834	29743782	29768834	29768834	29743782	77621	Mozilla/5.0 (Windows NT 10.0; Win64; x64) AppleWebKit/537.36 (KHTML, like Gecko) Chrome/125.0.0.0 Safari/537.36
4	0	0	35	5	0	29678119	29678123	0	29675158	29675164	0	Mozilla/5.0 (Windows NT 6.1; Win64; x64) AppleWebKit/537.36 (KHTML, like Gecko) Chrome/78.0.3904.108 Safari/537.36
4	0	0	0	1	0	0	29716049	0	0	29716049	0	Mozilla/5.0 (Windows NT 10.0; Win64; x64) AppleWebKit/537.36 (KHTML, like Gecko) Chrome/127.0.0.0 Safari/537.36 Edg/127.0.0.0
4	0	0	0	1	0	0	29712773	0	0	29712773	0	Mozilla/5.0 (compatible; WP-Safe-Scanner/1.0)
4	1	1	22	2	29675197	29678124	29678121	29675197	29675172	29675172	0	Mozilla/5.0 (Windows NT 10.0; Win64; x64) AppleWebKit/537.36 (KHTML, like Gecko) Chrome/70.0.3538.110 Safari/537.36
4	0	0	2	0	0	29718525	0	0	29718524	0	0	Mozilla/5.0 (Windows NT 10.0; Win64; x64; rv:136.0) Gecko/20100101 Firefox/136.0
4	0	0	1	0	0	29676094	0	0	29676094	0	0	Mozilla/5.0 (Macintosh; Intel Mac OS X 10_15_7) AppleWebKit/537.36 (KHTML, like Gecko) Chrome/131.0.0.0 Safari/537.36 OPR/116.0.0.0
4	0	0	0	1	0	0	29702464	0	0	29702464	0	Mozilla/5.0 (Linux; Android 9; Phone) AppleWebKit/537.36 (KHTML, like Gecko) Chrome/81.0.4044.138 Mobile Safari/537.36
4	1	1	0	0	29757458	0	0	29757458	0	0	6937	Mozilla/5.0 (Macintosh; Intel Mac OS X 10_12_6) AppleWebKit/603.3.8 (KHTML, like Gecko) Version/10.1.2 Safari/603.3.8
4	0	0	0	1	0	0	29677997	0	0	29677997	0	Mozilla/5.0 (Windows NT 6.3) AppleWebKit/537.36 (KHTML, like Gecko) Chrome/69.0.2850.124 Safari/537.36
4	0	0	0	9	0	0	29678107	0	0	29673765	0	Mozilla/5.0 (compatible; CensysInspect/1.1; +https://about.censys.io/)
4	1	0	33	12	29692796	29740215	29769206	29692796	29674130	29746003	0	Mozilla/5.0 (Windows NT 10.0; Win64; x64) AppleWebKit/537.36 (KHTML, like Gecko) Chrome/85.0.4183.102 Safari/537.36
4	0	0	0	1	0	0	29694599	0	0	29694599	0	Mozilla/5.0 (Windows NT 10.0; Win64; x64; rv:140.0) Gecko/20100101 Firefox/140.0
4	19	0	0	0	29775411	0	0	29764058	0	0	110111	Mozilla/5.0 (Windows NT 10.0; Win64; x64) AppleWebKit/537.36 (KHTML, like Gecko) Chrome/142.0.0.0 Safari/537.36
4	2	2	2	5	29773311	29720996	29773311	29769977	29682671	29698021	13461	Go-http-client/1.1
4	1	1	0	2	29755948	0	29739816	29755948	0	29723007	6937	Python/3.12 aiohttp/3.13.5
4	0	0	24	3	0	29678124	29678121	0	29675172	29675197	0	Mozilla/5.0 (Windows NT 10.0; WOW64; x64) AppleWebKit/537.36 (KHTML, like Gecko) Chrome/84.0.4147.105 Safari/537.36 OPR/70.0.3728.95
4	0	0	32	7	0	29678124	29678114	0	29675159	29675197	0	Mozilla/5.0 (X11; Fedora; Linux x86_64; rv:79.0) Gecko/20100101 Firefox/79.0
4	0	0	4	0	0	29718067	0	0	29717946	0	0	Mozilla/5.0 (X11; Linux x86_64) AppleWebKit/537.36 (KHTML, like Gecko) Chrome/134.0.0.0 Safari/537.36
4	1	1	0	2	29761774	0	29721260	29761774	0	29682497	6937	Mozilla/5.0 (iPhone; CPU iPhone OS 17_1_2 like Mac OS X) AppleWebKit/605.1.15 (KHTML, like Gecko) Version/17.1.2 Mobile/15E148 Safari/604
4	1	1	19	6	29675197	29678124	29678124	29675197	29675159	29675212	0	Mozilla/5.0 (Windows NT 10.0; Win64; x64; rv:76.0) Gecko/20100101 Firefox/76.0
4	0	0	29	3	0	29678124	29678121	0	29675155	29675202	0	Mozilla/5.0 (Macintosh; Intel Mac OS X 10.15; rv:79.0) Gecko/20100101 Firefox/79.0
4	3	3	0	0	29770960	0	0	29770960	0	0	0	Mozilla/5.0 (Macintosh; Intel Mac OS X 10_15_7) AppleWebKit/537.36 (KHTML, like Gecko) Chrome/92.0.4515.107 Safari/537.36 (compatible; +https://developers.cloudflare.com/security-center/)
4	0	0	1	0	0	29676743	0	0	29676743	0	0	Mozilla/5.0 (X11; Linux x86_64; rv:133.0) Gecko/20100101 Firefox/133.0
4	0	0	27	5	0	29678123	29678123	0	29675159	29675202	0	Mozilla/5.0 (Windows NT 10.0; Win64; x64) AppleWebKit/537.36 (KHTML, like Gecko) Chrome/81.0.4044.129 Safari/537.36
4	0	0	2	1	0	29676743	29676742	0	29676743	29676742	0	Mozilla/5.0 AppleWebKit/537.36 (KHTML, like Gecko); compatible; GPTBot/1.2; +https://openai.com/gptbot
4	1031	0	0	0	29726799	0	0	29673680	0	0	0	WordPress/7.0; https://raspinaclothing.com/2
4	0	0	0	4	0	0	29770552	0	0	29770552	0	Mozilla/5.0 (Windows NT 10.0; Win64; x64; rv:146.0) Gecko/20100101 Firefox/146.0
4	0	0	1	0	0	29708773	0	0	29708773	0	0	Mozilla/5.0 (Windows NT 10.0; WOW64) AppleWebKit/537.36 (KHTML, like Gecko) Chrome/49.0.4237.111 Safari/537.36 QIHU 360EE
4	1	1	2	0	29753200	29695188	0	29753200	29695188	0	6937	Mozilla/5.0 (Macintosh; Intel Mac OS X 10_11_1) AppleWebKit/601.2.4 (KHTML, like Gecko) Version/9.0.1 Safari/601.2.4 facebookexternalhit/1.1 Facebot Twitterbot/1.0
4	0	0	0	1	0	0	29677997	0	0	29677997	0	Mozilla/5.0 (Windows NT 6.1) AppleWebKit/537.36 (KHTML, like Gecko) Chrome/69.0.3213.145 Safari/537.36
4	1	0	0	0	29749627	0	0	29749627	0	0	130	Mozilla/5.0 (Windows NT 10.0; WOW64) AppleWebKit/537.36 (KHTML, like Gecko) Chrome/54.0.3535.72 Safari/537.36 QIHU 360EE
4	1	1	0	0	29767867	0	0	29767867	0	0	6747	Mozilla/5.0 (Macintosh; Intel Mac OS X 10_15_7) AppleWebKit/537.36 (KHTML, like Gecko) Chrome/111.0.0.0 Safari/537.36
4	27	1	0	0	29775402	0	0	29758844	0	0	140580	Mozilla/5.0 (Macintosh; Intel Mac OS X 10_15_7) AppleWebKit/537.36 (KHTML, like Gecko) Chrome/145.0.0.0 Safari/537.36
4	0	0	0	1	0	0	29677144	0	0	29677144	0	Mozilla/5.0 (Windows NT 10.0; Win64; x64; rv:150.0) Gecko/20100101 Firefox/150.0
4	1	1	0	0	29770552	0	0	29770552	0	0	6747	CmsScaner/net8
4	0	0	1	0	0	29676094	0	0	29676094	0	0	Mozilla/5.0 (Macintosh; Intel Mac OS X 10_15_7) AppleWebKit/605.1.15 (KHTML, like Gecko) Version/18.1 Safari/605.1.15
4	0	0	0	1	0	0	29725315	0	0	29725315	0	Mozilla/5.0 (X11; Linux x86_64) AppleWebKit/537.36 (KHTML, like Gecko) Chrome/96.0.4664.110 Safari/537.36
4	1	0	0	0	29677509	0	0	29677509	0	0	0	Mozilla/5.0 (Windows NT 10.0; WOW64) AppleWebKit/537.36 (KHTML, like Gecko) Chrome/61.0.4396.83 Safari/537.36 LBBROWSER
4	0	0	0	1	0	0	29719523	0	0	29719523	0	Mozilla/5.0 (Macintosh; Intel Mac OS X 10_10_1) AppleWebKit/537.36 (KHTML, like Gecko) Chrome/60.0.3112.90 Safari/537.36
4	1	0	20	5	29678096	29678122	29678121	29678096	29675155	29675173	0	Mozilla/5.0 (Windows NT 10.0; Win64; x64) AppleWebKit/537.36 (KHTML, like Gecko) Chrome/83.0.4103.61 Safari/537.36
4	1	0	23	3	29678116	29678122	29678121	29678116	29675155	29675197	0	Mozilla/5.0 (Windows NT 10.0; Win64; x64; rv:72.0) Gecko/20100101 Firefox/72.0
4	0	0	0	3	0	0	29713111	0	0	29682712	0	Mozilla/5.0 (Windows NT 10.0; Win64; x64) AppleWebKit/537.36 (KHTML, like Gecko) Chrome/123.0.0.0 Safari/537.36
4	0	0	0	6	0	0	29720210	0	0	29720207	0	Mozilla/5.0 (Linux; Android 10; K) AppleWebKit/537.36 (KHTML, like Gecko) Chrome/149.0.0.0 Mobile Safari/537.36
4	5	1	35	4	29770109	29678124	29678123	29770109	29675158	29675197	121058	Mozilla/5.0 (Windows NT 10.0; Win64; x64) AppleWebKit/537.36 (KHTML, like Gecko) Chrome/79.0.3945.79 Safari/537.36
4	1	1	0	1	29751889	0	29751889	29751889	0	29751889	33115	wp2shell-rce/1.0
4	1	1	0	5	29774677	0	29734633	29774677	0	29694261	6747	Mozilla/5.0 (Linux; arm_64; Android 12; CPH2205) AppleWebKit/537.36 (KHTML, like Gecko) Chrome/110.0.0.0 YaBrowser/23.3.3.86.00 SA/3 Mobile Safari/537.36
4	0	0	4	1	0	29676743	29676386	0	29676094	29676386	0	CCBot/2.0 (https://commoncrawl.org/faq/)
4	2	0	0	0	29675005	0	0	29673671	0	0	15980	python-requests/2.27.1
4	0	0	0	1	0	0	29742573	0	0	29742573	0	Mozilla/5.0 (X11; U; Linux i686; en-US) AppleWebKit/532.4 (KHTML, like Gecko) Chrome/4.0.237.0 Safari/532.4 Debian
4	3	3	0	1	29754320	0	29711307	29754320	0	29711307	0	Mozilla/5.0 (compatible; DomainScores/2.1; +https://www.domainscores.net/headers)
4	0	0	2	0	0	29709467	0	0	29709467	0	0	Mozilla/5.0 (X11; Linux x86_64) AppleWebKit/537.36 (KHTML, like Gecko) Chrome/115.0.0.0 Safari/537.36
4	1	1	0	0	29775399	0	0	29775399	0	0	6714	Mozilla/5.0 (X11; Linux x86_64) AppleWebKit/537.36 (KHTML, like Gecko) Chrome/150.0.0.0 Safari/537.36
4	0	0	1	0	0	29676094	0	0	29676094	0	0	Mozilla/5.0 (compatible; Claude-Web/1.0; +https://www.anthropic.com)
4	15	0	0	0	29775402	0	0	29765574	0	0	72145	Mozilla/5.0 (Macintosh; Intel Mac OS X 10_15_7) AppleWebKit/537.36 (KHTML, like Gecko) Chrome/144.0.0.0 Safari/537.36
4	0	0	0	3	0	0	29709049	0	0	29675632	0	Mozilla/5.0 (Android 14; Mobile; rv:123.0) Gecko/123.0 Firefox/123
4	1	1	0	9	29749492	0	29749492	29749492	0	29749492	5939	Mozilla/5.0 (Windows NT 10.0; Win64; x64) AppleWebKit/537.36 (KHTML, like Gecko) Chrome/76.0.3809.132 Safari/537.36
4	12	4	3	11	29766730	29766730	29726692	29754190	29754190	29675316	104537	Mozilla/5.0 (Windows NT 10.0; Win64; x64) AppleWebKit/537.36 (KHTML, like Gecko) Chrome/130.0.0.0 Safari/537.36 CCleaner/130.0.0.0
4	1	1	0	1	29759571	0	29724422	29759571	0	29724422	6904	Mozilla/5.0 (Windows NT 10.0; Win64; x64) AppleWebKit/537.36 (KHTML, like Gecko) Chrome/105.0.0.0 Safari/537.36
4	1	0	0	0	29754600	0	0	29754600	0	0	130	Mozilla/5.0 (Windows NT 10.0; WOW64) AppleWebKit/537.36 (KHTML, like Gecko) Chrome/51.0.3796.61 Safari/537.36 QIHU 360EE
4	0	0	2	4	0	29700144	29742191	0	29681646	29681646	0	Mozilla/5.0 (Linux; U; Android 13; sk-sk; Xiaomi 11T Pro Build/TKQ1.220829.002) AppleWebKit/537.36 (KHTML, like Gecko) Version/4.0 Chrome/112.0.5615.136 Mobile Safari/537.36 XiaoMi/MiuiBrowser/14.4.0-g
4	0	0	1	0	0	29716339	0	0	29716339	0	0	Mozilla/5.0 (Linux; Android 12; Pixel 4) AppleWebKit/537.36 (KHTML, like Gecko) Chrome/101.0.4951.61 Mobile Safari/537.36
4	0	0	1	0	0	29677374	0	0	29677374	0	0	Mozilla/5.0 (compatible; MSIE 10.0; Windows NT 6.1; Win64; x64; Trident/6.0)
4	1	1	0	0	29771869	0	0	29771869	0	0	6747	Mozilla/5.0 (Windows NT 10.0; Win64; x64) AppleWebKit/537.36 (KHTML, like Gecko) Chrome/94.0.4606.61 Safari/537.36
4	0	0	0	1	0	0	29674876	0	0	29674876	0	Mozilla/5.0 (X11; OpenBSD amd64; rv:30.0) Gecko/20100101 Firefox/30.0
4	0	0	1	0	0	29680209	0	0	29680209	0	0	Mozilla/5.0 (Windows NT 10.0; WOW64) AppleWebKit/537.36 (KHTML, like Gecko) Chrome/56.0.2964.20 Safari/537.36
4	0	0	0	1	0	0	29718606	0	0	29718606	0	Mozilla/5.0 (Macintosh; Intel Mac OS X 10_15_7) AppleWebKit/537.36 (KHTML, like Gecko) Chrome/126.0.0.0 Safari/537.36
4	1	1	0	0	29771292	0	0	29771292	0	0	6747	python-requests/2.34.2
4	0	0	0	1	0	0	29684663	0	0	29684663	0	Mozilla/5.0 (X11; Linux x86_64) AppleWebKit/537.36 (KHTML, like Gecko) Chrome/77.0.3865.75 Safari/537.36
4	0	0	4	0	0	29676094	0	0	29676094	0	0	meta-externalagent/1.1 (+https://developers.facebook.com/docs/sharing/webmasters/crawler)
4	0	0	0	2	0	0	29678273	0	0	29677733	0	Mozilla/5.0 (Linux; Android 15; XT2343-6) AppleWebKit/537.36 (KHTML, like Gecko) Chrome/126.0.0.0 Mobile Safari/537.36
4	0	0	39	6	0	29678124	29675212	0	29675164	29675197	0	Mozilla/5.0 (Windows NT 10.0; Win64; x64) AppleWebKit/537.36 (KHTML, like Gecko) Chrome/84.0.4147.105 Safari/537.36
4	0	0	0	2	0	0	29743239	0	0	29740245	0	Mozilla/5.0 (Linux; Android 6.0.1; Nexus 5X Build/MMB29P) AppleWebKit/537.36 (KHTML, like Gecko) Chrome/150.0.7871.124 Mobile Safari/537.36 (compatible; Googlebot/2.1; +http://www.google.com/bot.html)
4	0	0	0	1	0	0	29696236	0	0	29696236	0	PragmaticSecurity-Scanner/2.0 (+https://www.domainscores.net/headers; check your domain security free)
4	1	0	26	7	29678117	29678123	29678123	29678117	29675159	29675197	0	Mozilla/5.0 (Windows NT 10.0; Win64; x64; rv:67.0) Gecko/20100101 Firefox/67.0
4	0	0	0	1	0	0	29688113	0	0	29688113	0	Mozilla/5.0 (X11; Linux x86_64) AppleWebKit/537.36 (KHTML, like Gecko) Chrome/148.0.0.0 Safari/537.36
4	0	0	2	0	0	29709467	0	0	29678530	0	0	Mozilla/5.0 (compatible; Bingbot/2.0; +http://www.bing.com/bingbot.htm)
4	4	1	0	0	29767804	0	0	29767804	0	0	94012	Mozilla/5.0 (Windows NT 10.0; Win64; x64) AppleWebKit/537.36 (KHTML, like Gecko) Chrome/138.0.0.0 Safari/537.36
4	0	0	2	2	0	29675462	29675462	0	29674485	29674485	0	Mozilla/5.0 (compatible; MJ12bot/v2.0.5; http://mj12bot.com/)
4	8	0	0	0	29694163	0	0	29694163	0	0	512	Cpanel-HTTP-Client/1.0
4	1	1	26	5	29678120	29678123	29678092	29678120	29675159	29675197	0	Mozilla/5.0 (Windows NT 10.0; WOW64) AppleWebKit/537.36 (KHTML, like Gecko) Chrome/72.0.3626.121 Safari/537.36
4	80	68	0	292	29775223	0	29765279	29745358	0	29673681	7634460	Mozilla/5.0 (iPhone; CPU iPhone OS 13_2_3 like Mac OS X) AppleWebKit/605.1.15 (KHTML, like Gecko) Version/13.0.3 Mobile/15E148 Safari/604.1
4	9	2	2	0	29772963	29707395	0	29751703	29704493	0	90924	Mozilla/5.0 (Macintosh; Intel Mac OS X 10_15_7) AppleWebKit/605.1.15 (KHTML, like Gecko) Version/17.4 Safari/605.1.15 (Applebot/0.1; +http://www.apple.com/go/applebot)
4	1	1	0	0	29770680	0	0	29770680	0	0	6747	Mozilla/5.0 (Macintosh; Intel Mac OS X 10_15_7) AppleWebKit/537.36 (KHTML, like Gecko) Chrome/125.0.0.0 Safari/537.36
4	0	0	2	2	0	29680627	29680627	0	29678921	29678921	0	Mozilla/5.0 (compatible; SeznamBot/4.0; +https://o-seznam.cz/napoveda/vyhledavani/en/seznambot-crawler/)
4	1	0	0	0	29753413	0	0	29753413	0	0	130	Mozilla/5.0 (Windows NT 10.0; WOW64) AppleWebKit/537.36 (KHTML, like Gecko) Chrome/92.0.2884.53 Safari/537.36 Core/1.70.3722.400 QQBrowser/10.5.3739.400
4	0	0	23	5	0	29678122	29678120	0	29675172	29675202	0	Mozilla/5.0 (Windows NT 10.0; Win64; x64; rv:77.0) Gecko/20100101 Firefox/77.0
4	0	0	3	0	0	29678134	0	0	29674929	0	0	Mozilla/5.0 (X11; Linux x86_64; rv:109.0) Gecko/20100101 Firefox/114.3
4	0	0	0	3	0	0	29691807	0	0	29691807	0	Mozilla/5.0 (Macintosh; Intel Mac OS X 10_15_7) AppleWebKit/537.36 (KHTML, like Gecko) Chrome/142.0.0.0 Safari/537.36
4	2	1	0	10	29750333	0	29735739	29750333	0	29692573	55682	DuckDuckBot/1.1; (+http://duckduckgo.com/duckduckbot.html)
4	0	0	31	5	0	29678124	29678102	0	29675158	29675197	0	Mozilla/5.0 (X11; Ubuntu; Linux x86_64; rv:79.0) Gecko/20100101 Firefox/79.0
4	1	1	0	0	29765585	0	0	29765585	0	0	6788	Mozilla/5.0 (Linux; Android 10; M2010J19SI) AppleWebKit/537.36 (KHTML, like Gecko) Chrome/95.0.4638.74 Mobile Safari/537.36
4	1	1	0	0	29759855	0	0	29759855	0	0	6937	Mozilla/5.0 (Linux; Android 7.0; HUAWEI CAN-L11) AppleWebKit/537.36 (KHTML, like Gecko) Chrome/101.0.4951.61 Mobile Safari/537.36
4	0	0	21	3	0	29678120	29678124	0	29675159	29678100	0	Mozilla/5.0 (X11; Ubuntu; Linux i686; rv:79.0) Gecko/20100101 Firefox/79.0
4	0	0	1	0	0	29676743	0	0	29676743	0	0	Mozilla/5.0 (Linux; Android 14; V2309A) AppleWebKit/537.36 (KHTML, like Gecko) Chrome/131.0.0.0 Mobile Safari/537.36
4	0	0	0	1	0	0	29690802	0	0	29690802	0	Mozilla/5.0 (Windows NT 10.0; Win64; x64) AppleWebKit/537.36 (KHTML, like Gecko) Chrome/90.0.4430.85 Safari/537.36
4	0	0	13	3	0	29678123	29678124	0	29676096	29675197	0	Mozilla/5.0 (Windows NT 10.0; Win64; x64) AppleWebKit/537.36 (KHTML, like Gecko) Chrome/80.0.3987.149 Safari/537.36
4	0	0	0	1	0	0	29705032	0	0	29705032	0	Mozilla/5.0 (Windows NT 10.0; Win64; x64)
4	0	0	2	0	0	29694029	0	0	29694029	0	0	Mozilla/5.0 (iPhone; CPU iPhone OS 26_3_0 like Mac OS X) AppleWebKit/605.1.15 (KHTML, like Gecko) CriOS/144.0.7559.95 Mobile/15E148 Safari/604.1
4	7	7	0	11	29773497	0	29743823	29743737	0	29674161	61833	Mozilla/5.0 (Windows NT 10.0; Win64; x64) AppleWebKit/537.36 (KHTML, like Gecko) Chrome/120.0.0.0 Safari/537.36
4	0	0	0	1	0	0	29724465	0	0	29724465	0	Mozilla/5.0 (Windows NT 10.0; Win64; x64) AppleWebKit/537.36
4	0	0	0	1	0	0	29676094	0	0	29676094	0	Mozilla/5.0 (Linux; Android 14; SM-S928B) AppleWebKit/537.36 (KHTML, like Gecko) Chrome/131.0.0.0 Mobile Safari/537.36
4	3	3	0	17	29773945	0	29773945	29773945	0	29773945	20241	Mozilla/5.0 (Windows NT 10.0; Win64; x64) AppleWebKit/537.36 (KHTML, like Gecko) Chrome/89.0.4389.114 Safari/537.36
4	31	18	0	1	29775247	0	29764735	29758065	0	29764735	309425	Mozilla/5.0 (Linux; Android 6.0.1; Nexus 5X Build/MMB29P) AppleWebKit/537.36 (KHTML, like Gecko) Chrome/150.0.7871.186 Mobile Safari/537.36 (compatible; Googlebot/2.1; +http://www.google.com/bot.html)
4	0	0	0	2	0	0	29737467	0	0	29720489	0	Mozilla/5.0 (Linux; Android 13; SM-A037U) AppleWebKit/537.36 (KHTML, like Gecko) Chrome/128.0.0.0 Mobile Safari/537.36
4	0	0	0	2	0	0	29676143	0	0	29676143	0	Mozilla/5.0 (Macintosh; Intel Mac OS X 10_15_7) AppleWebKit/537.36 (KHTML, like Gecko) Chrome/106.0.0.0 Safari/537.36
4	0	0	30	2	0	29678124	29675202	0	29675159	29675164	0	Mozilla/5.0 (Windows NT 10.0; Win64; x64) AppleWebKit/537.36 (KHTML, like Gecko) Chrome/75.0.3770.100 Safari/537.36
4	1	1	0	0	29759023	0	0	29759023	0	0	6937	Mozilla/5.0 (Windows NT 10.0; Win64; x64) AppleWebKit/537.36 (KHTML, like Gecko) Chrome/136.0.0.0 Safari/537.36
4	1	0	24	4	29678113	29678124	29678099	29678113	29675155	29675164	0	Mozilla/5.0 (Windows NT 10.0; Win64; x64; rv:73.0) Gecko/20100101 Firefox/73.0
4	0	0	0	1	0	0	29741423	0	0	29741423	0	Mozilla/5.0 (Macintosh; Intel Mac OS X 10_15_7) AppleWebKit/605.1.15 (KHTML, like Gecko) Version/18.4 Safari/605.1.15
4	0	0	0	1	0	0	29720489	0	0	29720489	0	Mozilla/5.0 (Linux; Android 13; SM-A037U) AppleWebKit/537.36 (KHTML, like Gecko) Chrome/140.0.0.0 Mobile Safari/537.36
4	14	1	0	0	29770109	0	0	29770109	0	0	337429	Mozilla/5.0 (Windows NT 6.1; Win64; x64) AppleWebKit/537.36 (KHTML, like Gecko) Chrome/83.0.4103.61 Safari/537.36
4	0	0	0	1	0	0	29698636	0	0	29698636	0	Mozilla/5.0 (compatible; Dataprovider.com)
4	0	0	15	6	0	29678122	29678122	0	29675172	29678118	0	Mozilla/5.0 (Windows NT 10.0; Win64; x64) AppleWebKit/537.36 (KHTML, like Gecko) Chrome/79.0.3945.88 Safari/537.36
4	2	2	0	1	29758215	0	29690046	29748435	0	29690046	12538	Mozilla/5.0 (Windows NT 10.0; Win64; x64; rv:123.0) Gecko/20100101 Firefox/123
4	0	0	0	1	0	0	29765457	0	0	29765457	0	Mozilla/5.0 (X11; Linux x86_64) AppleWebKit/537.36 (KHTML, like Gecko) Chrome/128.0.0.0 Safari/537.36
4	0	0	1	0	0	29676094	0	0	29676094	0	0	Mozilla/5.0 (Macintosh; Intel Mac OS X 10_15_7) AppleWebKit/537.36 (KHTML, like Gecko) Chrome/131.0.0.0 Safari/537.36 Edg/131.0.0.0
4	0	0	1	1	0	29720109	29720109	0	29720109	29720109	0	Mozilla/5.0 (Linux; Android 14; SM-S901B) AppleWebKit/537.36 (KHTML, like Gecko) Chrome/120.0.6099.280 Mobile Safari/537.36 OPR/80.4.4244.7786
4	1	0	0	0	29752198	0	0	29752198	0	0	130	Mozilla/5.0 (Windows NT 10.0; WOW64) AppleWebKit/537.36 (KHTML, like Gecko) Chrome/81.0.3371.138 Safari/537.36 Core/1.70.3722.400 QQBrowser/10.5.3739.400
4	1	0	0	0	29741803	0	0	29741803	0	0	0	WordPress/7.0.2; https://raspinaclothing.com/2
4	0	0	27	8	0	29678119	29678121	0	29675155	29675195	0	Mozilla/5.0 (Windows NT 10.0; Win64; x64) AppleWebKit/537.36 (KHTML, like Gecko) Chrome/77.0.3865.90 Safari/537.36
4	2	1	0	2	29745890	0	29743064	29745890	0	29743064	54346	Mozilla/5.0 (Windows NT 10.0; Win64; x64) AppleWebKit/537.36 (KHTML, like Gecko) Chrome/134.0.0.0 Safari/537.3
4	0	0	0	1	0	0	29692358	0	0	29692358	0	Mozilla/5.0 (Windows NT 10.0; Win64; x64) AppleWebKit/537.36 (KHTML, like Gecko) Chrome/118.0.0.0 Safari/537.36
4	0	0	0	2	0	0	29678115	0	0	29678114	0	Mozilla/5.0 (Macintosh; Intel Mac OS X 15_7_7) AppleWebKit/605.1.15 (KHTML, like Gecko) Version/26.0 Safari/605.1.15
4	0	0	0	1	0	0	29741314	0	0	29741314	0	Mozilla/5.0 (Macintosh; Intel Mac OS X 10_15_6) AppleWebKit/605.1.15 (KHTML, like Gecko) Version/14.0.1 Safari/605.1.15
4	0	0	1	0	0	29741803	0	0	29741803	0	0	Mozilla/5.0 (Windows NT 6.1; Win64; x64; rv:48.0) Gecko/20100101 Firefox/48.0
4	0	0	0	1	0	0	29679862	0	0	29679862	0	curl/8.3.0
4	0	0	1	0	0	29739849	0	0	29739849	0	0	Mozilla/5.0 (Windows NT 10.0; Win64; x64) AppleWebKit/537.36 (KHTML, like Gecko) Chrome/50.0.2796.52 Safari/537.36 Edge/18.18362
4	0	0	1	5	0	29681181	29681231	0	29681181	29681181	0	Mozilla/5.0 (X11; Linux x86_64) AppleWebKit/537.36 (KHTML, like Gecko; GeedoShopProductFinder) Chrome/142.0.0.0 Safari/537.36
4	0	0	36	6	0	29678123	29676097	0	29675159	29675195	0	Mozilla/5.0 (Linux x86_64; rv:79.0) Gecko/20100101 Firefox/79.0
4	0	0	28	2	0	29678124	29678106	0	29675155	29676096	0	Mozilla/5.0 (Windows NT 10.0; Win64; x64) AppleWebKit/537.36 (KHTML, like Gecko) Chrome/74.0.3729.169 Safari/537.36
4	1	1	0	0	29750044	0	0	29750044	0	0	6834	Mozilla/5.0 (Macintosh; Intel Mac OS X 10_15_7) AppleWebKit/537.36 (KHTML, like Gecko) Chrome/105.0.0.0 Safari/537.36
4	0	0	0	2	0	0	29744448	0	0	29744448	0	Mozilla/5.0 (Macintosh; Intel Mac OS X 10.10; rv:51.0) Gecko/20100101 Firefox/51.0
4	1	0	0	2	29769869	0	29680021	29769869	0	29680021	7110163	Mozilla/5.0 (Windows NT 10.0; Win64; x64) AppleWebKit/537.36 (KHTML, like Gecko) Chrome/135.0.0.0 Safari/537.36
4	1	1	2	0	29745368	29696328	0	29745368	29696328	0	27910	Mozilla/5.0 (X11; Ubuntu; Linux i686; rv:24.0) Gecko/20100101 Firefox/24.0 Chrome/80.0.3987.132 Safari/537.36
4	0	0	0	1	0	0	29738026	0	0	29738026	0	Mozilla/5.0 (Windows NT 6.1; Win64; x64) AppleWebKit/537.36 (KHTML, like Gecko) Chrome/61.0.3163.91 Safari/537.36
4	1	1	0	0	29764041	0	0	29764041	0	0	6937	Mozilla/5.0 (Windows NT 6.3; WOW64) AppleWebKit/537.36 (KHTML, like Gecko) Chrome/50.0.2661.102 Safari/537.36
4	2	1	1	2	29757876	29681240	29757876	29757876	29681240	29681240	7067	Mozilla/5.0 (X11; CrOS x86_64 14541.0.0) AppleWebKit/537.36 (KHTML, like Gecko) Chrome/121.0.0.0 Safari/537.3
4	4	0	2	4	29753200	29695188	29753200	29753200	29695188	29695188	90313	NetworkingExtension/8623.2.7.10.4 CFNetwork/3860.400.51 Darwin/25.3.0
4	2	0	30	5	29678113	29678122	29678123	29678110	29675197	29675172	1676	Mozilla/5.0 (Windows NT 6.1; Win64; x64) AppleWebKit/537.36 (KHTML, like Gecko) Chrome/80.0.3987.149 Safari/537.36
4	0	0	1	0	0	29738964	0	0	29738964	0	0	Mozilla/5.0 (Windows NT 10.0; WOW64) AppleWebKit/537.36 (KHTML, like Gecko) Chrome/57.0.2811.119 UBrowser/6.2.3964.2 Safari/537.36
4	0	0	0	1	0	0	29679234	0	0	29679234	0	Mozilla/5.0 (Macintosh; Intel Mac OS X 10_6_8) AppleWebKit/535.7 (KHTML, like Gecko) Chrome/16.0.912.36 Safari/535.7
4	0	0	1	1	0	29700907	29700907	0	29700907	29700907	0	Mozilla/5.0 (compatible; ips-agent)
4	0	0	27	2	0	29678124	29678112	0	29675155	29675202	0	Mozilla/5.0 (Windows NT 10.0; Win64; x64) AppleWebKit/537.36 (KHTML, like Gecko) Chrome/83.0.4103.97 Safari/537.36
4	0	0	27	3	0	29678120	29678123	0	29675202	29678100	0	Mozilla/5.0 (Windows NT 10.0) AppleWebKit/537.36 (KHTML, like Gecko) Chrome/72.0.3626.121 Safari/537.36
4	0	0	0	3	0	0	29726810	0	0	29680798	0	Mozilla/5.0 (Windows NT 10.0; Win64; x64) AppleWebKit/537.36 (KHTML, like Gecko) Chrome/121.0.0.0 Safari/537.3
4	0	0	1	0	0	29718239	0	0	29718239	0	0	Mozilla/5.0 (Macintosh; Intel Mac OS X 10.11; rv:48.0) Gecko/20100101 Firefox/48.0
4	0	0	0	1	0	0	29673978	0	0	29673978	0	Mozilla/5.0 (Linux; Android 5.1.1; SAMSUNG SM-J110M) AppleWebKit/537.36 (KHTML, like Gecko) SamsungBrowser/11.2 Chrome/75.0.3770.143 Mobile Safari/537.36
4	0	0	3	0	0	29718525	0	0	29717946	0	0	Mozilla/5.0 (Windows NT 10.0; Win64; x64) AppleWebKit/537.36 (KHTML, like Gecko) Chrome/134.0.0.0 Safari/537.36
4	1	1	0	0	29750111	0	0	29750111	0	0	6865	Mozilla/5.0 (X11; Linux x86_64) AppleWebKit/537.36 (KHTML, like Gecko) Chrome/126.0.0.0 Safari/537.36
4	1	1	35	2	29678120	29678124	29678120	29678120	29675164	29678120	0	Mozilla/5.0 (Macintosh; Intel Mac OS X 10_15_6) AppleWebKit/537.36 (KHTML, like Gecko) Chrome/84.0.4147.105 Safari/537.36
4	0	0	0	2	0	0	29677871	0	0	29677871	0	python-requests/2.32.5
4	0	0	4	0	0	29676033	0	0	29676033	0	0	python-requests/2.32.4
4	0	0	0	1	0	0	29698702	0	0	29698702	0	Mozilla/5.0 (Windows NT 10.0; Win64; x64) AppleWebKit/537.36 (KHTML, like Gecko) Chrome/120.0 Safari/537.36
4	0	0	30	2	0	29678123	29678121	0	29675192	29675198	0	Mozilla/5.0 (Windows NT 10.0; Win64; x64) AppleWebKit/537.36 (KHTML, like Gecko) Chrome/58.0.3029.110 Safari/537.3
4	0	0	1	2	0	29713169	29713169	0	29713169	29713169	0	Mozilla/5.0 (Linux; Android 11; moto e20) AppleWebKit/537.36 (KHTML, like Gecko) Chrome/101.0.4951.41 Mobile Safari/537.36
4	0	0	0	3	0	0	29688113	0	0	29685483	0	Mozilla/5.0 (Windows NT 10.0; Win64; x64) AppleWebKit/537.36 (KHTML, like Gecko) Chrome/116.0.0.0 Safari/537.36
4	2	0	32	4	29678094	29678118	29678121	29678090	29675155	29675164	220	Mozilla/5.0 (Windows NT 10.0; Win64; x64) AppleWebKit/537.36 (KHTML, like Gecko) Chrome/70.0.3538.77 Safari/537.36
4	0	0	2	1	0	29719840	29709467	0	29678530	29709467	0	Mozilla/5.0 (Windows NT 10.0; Win64; x64; rv:108.0) Gecko/20100101 Firefox/108.0
4	0	0	0	1	0	0	29683353	0	0	29683353	0	Mozilla/5.0 (Windows NT 6.3; Win64; x64) AppleWebKit/537.36 (KHTML, like Gecko) Chrome/75.0.3770.100 Safari/537.36
4	1	1	1	2	29753972	29710616	29710617	29753972	29710616	29709798	6937	Mozilla/5.0 (iPhone; CPU iPhone OS 17_3_1 like Mac OS X) AppleWebKit/605.1.15 (KHTML, like Gecko) Version/17.3.1 Mobile/15E148 Safari/604
4	24	8	65	7	29774020	29743238	29733459	29746166	29673701	29687334	49026	Mozilla/5.0 (compatible; Googlebot/2.1; +http://www.google.com/bot.html)
4	0	0	6	0	0	29735040	0	0	29674254	0	0	Mozilla/5.0 (X11; Linux x86_64) AppleWebKit/537.36 (KHTML, like Gecko) Chrome/143.0.0.0 Safari/537.36
4	0	0	0	1	0	0	29742978	0	0	29742978	0	Python/3.11 aiohttp/3.11.11
4	0	0	3	0	0	29679930	0	0	29676583	0	0	Mozilla/5.0 (Linux; U; Android 4.4.2; en-US; HM NOTE 1W Build/KOT49H) AppleWebKit/534.30 (KHTML, like Gecko) Version/4.0 UCBrowser/11.0.5.850 U3/0.8.0 Mobile Safari/534.30
4	0	0	0	2	0	0	29763702	0	0	29678913	0	Mozilla/5.0 (Windows NT 10.0; Win64; x64) AppleWebKit/537.36 (KHTML, like Gecko) Chrome/91.0.4472.124 Safari/537.36
4	1	1	23	8	29678121	29678115	29678124	29678121	29675155	29675197	2	Mozilla/5.0 (Windows NT 10.0; Win64; x64) AppleWebKit/537.36 (KHTML, like Gecko) Chrome/79.0.3945.130 Safari/537.36
4	0	0	29	6	0	29678123	29678121	0	29675172	29675197	0	Mozilla/5.0 (Windows NT 6.1; Win64; x64) AppleWebKit/537.36 (KHTML, like Gecko) Chrome/74.0.3729.169 Safari/537.36
4	0	0	0	4	0	0	29722271	0	0	29722271	0	Mozilla/5.0 (Macintosh; Intel Mac OS X 10_13_6) AppleWebKit/537.36 (KHTML, like Gecko) Chrome/68.0.3440.106 Safari/537.36
4	0	0	32	4	0	29678123	29678123	0	29675159	29675212	0	Mozilla/5.0 (Macintosh; Intel Mac OS X 10_15_6) AppleWebKit/537.36 (KHTML, like Gecko) Chrome/84.0.4147.105 Safari/537.36 OPR/70.0.3728.95
4	1	0	0	0	29762557	0	0	29762557	0	0	130	Mozilla/5.0 (Windows NT 10.0; WOW64) AppleWebKit/537.36 (KHTML, like Gecko) Chrome/74.0.4142.100 Safari/537.36 Core/1.70.3722.400 QQBrowser/10.5.3739.400
4	0	0	0	4	0	0	29734225	0	0	29719278	0	Mozilla/5.0 (Linux; Android 6.0.1; Nexus 5X Build/MMB29P) AppleWebKit/537.36 (KHTML, like Gecko) Chrome/150.0.7871.46 Mobile Safari/537.36 (compatible; Googlebot/2.1; +http://www.google.com/bot.html)
4	1	0	0	0	29753427	0	0	29753427	0	0	130	Mozilla/5.0 (Windows NT 10.0; Win64; x64) AppleWebKit/537.36 (KHTML, like Gecko) Chrome/64.0.3903.54 Safari/537.36 Edge/18.18362
4	0	0	0	1	0	0	29676098	0	0	29676098	0	Mozilla/5.0 (Linux; Android 9; ZB602KL Build/PKQ1) AppleWebKit/537.36 (KHTML, like Gecko) Chrome/81.0.4044.111 Mobile Safari/537.36 YaApp_Android/10.41 YaSearchBrowser/10.41
4	0	0	0	1	0	0	29696979	0	0	29696979	0	Mozilla/5.0 (Windows NT 10.0; Win64; x64) AppleWebKit/537.36 (KHTML, like Gecko) Chrome/136.0.0.0 Safari/537.36 OPR/120.0.0.0
4	16	7	0	0	29755495	0	0	29746167	0	0	135389	Mozilla/5.0 (Linux; Android 6.0.1; Nexus 5X Build/MMB29P) AppleWebKit/537.36 (KHTML, like Gecko) Chrome/150.0.7871.128 Mobile Safari/537.36 (compatible; Googlebot/2.1; +http://www.google.com/bot.html)
4	0	0	0	1	0	0	29677138	0	0	29677138	0	Mozilla/5.0 (Windows NT 10.0; Win64; x64) AppleWebKit/537.36 (KHTML, like Gecko) Chrome/62.0.3202.94 Safari/537.36
4	1	1	0	4	29752190	0	29742104	29752190	0	29721963	6937	Mozilla/5.0 (Windows NT 10.0; WOW64) AppleWebKit/537.36 (KHTML, like Gecko) Chrome/109.0.0.0 Safari/537.36
4	1	0	0	0	29763228	0	0	29763228	0	0	48745	Mozilla/5.0 (Macintosh; Intel Mac OS X 10_15_7) AppleWebKit/537.36 (KHTML, like Gecko) Chrome/120.0.0.0 Safari/537.36
4	27	0	0	0	29775402	0	0	29762421	0	0	145645	Mozilla/5.0 (Windows NT 10.0; Win64; x64) AppleWebKit/537.36 (KHTML, like Gecko) Chrome/144.0.0.0 Safari/537.36 Edg/144.0.0.0
4	0	0	1	0	0	29678530	0	0	29678530	0	0	Mozilla/5.0 (Windows NT 10.0; Win64; x64) AppleWebKit/537.36 (KHTML, like Gecko) Chrome/115.0.0.0 Safari/537.36
4	1	1	4	2	29772603	29726509	29693828	29772603	29696336	29693699	6714	Mozilla/5.0 (Windows NT 10.0; Win64; x64) AppleWebKit/537.36 (KHTML, like Gecko) Chrome/149.0.0.0 Safari/537.36
4	0	0	27	9	0	29678124	29678123	0	29675155	29675193	0	Mozilla/5.0 (Windows NT 10.0; Win64; x64; rv:74.0) Gecko/20100101 Firefox/74.0
4	0	0	5	6	0	29691152	29772018	0	29678585	29772018	0	Mozilla/5.0 (Macintosh; Intel Mac OS X 10.15; rv:77.0) Gecko/20100101 Firefox/77.0
4	0	0	1	0	0	29674692	0	0	29674692	0	0	Mozilla/5.0 (Windows NT 10.0; WOW64; rv:50.0) Gecko/20100101 Firefox/50.0
4	3	2	1	4	29769151	29738868	29769151	29765674	29738868	29676936	13665	Mozilla/5.0 (Macintosh; Intel Mac OS X 10_15_7) AppleWebKit/605.1.15 (KHTML, like Gecko) Version/17.3.1 Safari/605.1.1
4	0	0	1	0	0	29676742	0	0	29676742	0	0	Mozilla/5.0 AppleWebKit/537.36 (KHTML, like Gecko); compatible; ClaudeBot/1.0; +mailto:support@anthropic.com
4	0	0	2	0	0	29676743	0	0	29676094	0	0	Mozilla/5.0 AppleWebKit/537.36 (KHTML, like Gecko); compatible; Perplexity-User/1.0; +https://perplexity.ai/perplexity-user
4	10	5	0	36	29769971	0	29744565	29750330	0	29675414	278220	Mozilla/5.0 (X11; Linux x86_64) AppleWebKit/537.36 (KHTML, like Gecko) Chrome/142.0.0.0 Safari/537.36
4	0	0	0	1	0	0	29693452	0	0	29693452	0	Mozilla/5.0 (Windows NT 6.1; Win64; x64) AppleWebKit/537.36 (KHTML, like Gecko) Chrome/79.0.3945.88 Safari/537.36
4	1	1	0	1	29759020	0	29674194	29759020	0	29674194	6937	Mozilla/5.0 (Windows NT 10.0; Win64; x64) AppleWebKit/537.36 (KHTML, like Gecko) Chrome/135.0.0.0 Safari/537.36 Edg/135.0.0.0
4	0	0	2	0	0	29676743	0	0	29676094	0	0	Mozilla/5.0 AppleWebKit/537.36 (KHTML, like Gecko); compatible; ChatGPT-User/1.0; +https://openai.com/bot
4	3	1	14	24	29758016	29733985	29770070	29691979	29691978	29673964	7658	Mozilla/5.0
4	0	0	1	1	0	29737068	29737068	0	29737068	29737068	0	Pandalytics/2.0 (+https://domainsbot.com/network-crawler-pandalytics-kdc68dhsbd/)
4	0	0	23	3	0	29678123	29678122	0	29675155	29678119	0	Mozilla/5.0 (Windows NT 10.0; Win64; x64) AppleWebKit/537.36 (KHTML, like Gecko) Chrome/84.0.4147.105 Safari/537.36 OPR/70.0.3728.95
4	0	0	0	1	0	0	29678530	0	0	29678530	0	Mozilla/5.0 (iPad; CPU OS 16_4 like Mac OS X) AppleWebKit/605.1.15 (KHTML, like Gecko) Version/16.4 Mobile/15E148 Safari/604.1
4	0	0	0	1	0	0	29719379	0	0	29719379	0	Mozilla/5.0 (X11; Linux x86_64) AppleWebKit/537.36 (KHTML, like Gecko) Chrome/124.0.0.0 Safari/537.36
4	0	0	5	0	0	29676743	0	0	29676094	0	0	Mozilla/5.0 (compatible; cohere-ai/1.0; +https://cohere.com)
4	1	0	0	0	29763590	0	0	29763590	0	0	130	Mozilla/5.0 (Windows NT 10.0; Win64; x64) AppleWebKit/537.36 (KHTML, like Gecko) Chrome/71.0.2662.145 Safari/537.36 OPR/63.0.3368.43
4	1	0	0	0	29760971	0	0	29760971	0	0	130	Mozilla/5.0 (Linux; Android 5.0) AppleWebKit/537.36 (KHTML, like Gecko) Mobile Safari/537.36 (compatible; Bytespider; https://bytedance.sg.larkoffice.com/docx/K5bxdypulop3IIxrJb0lOjLVgFe)
4	2	2	0	0	29764341	0	0	29753298	0	0	13874	Mozilla/5.0 (Windows NT 10.0; Win64; x64) AppleWebKit/537.36 (KHTML, like Gecko) Chrome/64.0.3282.186 Safari/537.36
4	1	1	0	2	29766419	0	29715851	29766419	0	29690061	6747	Mozilla/5.0 (Windows NT 6.1; Win64; x64; rv:109.0) Gecko/20100101 Firefox/115
4	0	0	0	1	0	0	29680294	0	0	29680294	0	Mozilla/4.0 (compatible; MSIE 6.0; Windows NT 5.1; SV1)
4	0	0	38	8	0	29678124	29678122	0	29675159	29675197	0	Mozilla/5.0 (compatible; MSIE 10.0; Windows NT 6.1; Trident/6.0)
4	3	3	0	2	29766709	0	29726043	29746172	0	29705703	17004	Mozilla/5.0 (Linux; Android 6.0.1; Nexus 5X Build/MMB29P) AppleWebKit/537.36 (KHTML, like Gecko) Chrome/99.0.4844.84 Mobile Safari/537.36 (compatible; Googlebot/2.1; +http://www.google.com/bot.html)
4	1	0	0	0	29762563	0	0	29762563	0	0	130	Mozilla/5.0 (Windows NT 10.0; WOW64) AppleWebKit/537.36 (KHTML, like Gecko) Chrome/47.0.3743.77 Safari/537.36 QIHU 360EE
4	1	0	26	2	29678099	29678123	29675211	29678099	29675159	29675197	0	Mozilla/5.0 (Windows NT 6.3; Win64; x64; rv:73.0) Gecko/20100101 Firefox/73.0
4	0	0	0	1	0	0	29674508	0	0	29674508	0	Mozilla/4.0 (compatible; MSIE 7.0; Windows NT 6.0; SLCC1; .NET CLR 2.0.50727; Media Center PC 5.0; .NET4.0C; .NET CLR 3.0.30729; InfoPath.3)
4	0	0	1	0	0	29680209	0	0	29680209	0	0	Mozilla/5.0 (X11; Linux x86_64; rv:45.0) Gecko/20100101 Firefox/45.0
4	6	0	1	0	29758377	29678545	0	29678545	29678545	0	650	facebookexternalhit/1.1 (+http://www.facebook.com/externalhit_uatext.php)
4	0	0	4	0	0	29676743	0	0	29676094	0	0	Mozilla/5.0 (compatible; Amazonbot/0.1; +https://developer.amazon.com/support/amazonbot)
4	0	0	0	1	0	0	29736793	0	0	29736793	0	Mozilla/5.0 (Windows NT 10.0; WOW64) AppleWebKit/537.36 (KHTML, like Gecko) Chrome/57.0.2987.133 AOL/11.0 AOLBUILD/11.0.1305 Safari/537.36
4	9	3	0	0	29748434	0	0	29747642	0	0	231398	Mozilla/5.0 (Windows NT 6.1) AppleWebKit/537.36 (KHTML, like Gecko) Chrome/49.0.2623.112 Safari/537.36
4	1	1	0	1	29750111	0	29680090	29750111	0	29680090	6865	Mozilla/5.0 (Macintosh; Intel Mac OS X 10_15_7) AppleWebKit/605.1.15 (KHTML, like Gecko) Version/16.6 Safari/605.1.15
4	0	0	1	0	0	29676094	0	0	29676094	0	0	Mozilla/5.0 (compatible; Bytespider; spider-feedback@bytedance.com)
4	0	0	1	1	0	29676094	29676094	0	29676094	29676094	0	Mozilla/5.0 (compatible; Applebot/0.1; +http://www.apple.com/go/applebot)
4	3	1	2	15	29757762	29757762	29733040	29757762	29718560	29673710	15029	Mozilla/5.0 (Windows NT 10.0; Win64; x64) AppleWebKit/537.36 (KHTML, like Gecko) Chrome/131.0.0.0 Safari/537.36
4	0	0	27	6	0	29678122	29678122	0	29675158	29675197	0	Mozilla/5.0 (X11; Linux x86_64) AppleWebKit/537.36 (KHTML, like Gecko) Chrome/84.0.4147.105 Safari/537.36 OPR/70.0.3728.95
4	2	1	27	6	29678120	29678124	29678124	29678099	29675192	29675197	0	Mozilla/5.0 (Windows NT 6.1; Win64; x64) AppleWebKit/537.36 (KHTML, like Gecko) Chrome/79.0.3945.130 Safari/537.36
4	1	0	0	0	29756621	0	0	29756621	0	0	130	Mozilla/5.0 (Windows NT 10.0; WOW64) AppleWebKit/537.36 (KHTML, like Gecko) Chrome/66.0.3933.38 Safari/537.36 QIHU 360EE
4	0	0	31	9	0	29678123	29678120	0	29675159	29675197	0	Mozilla/5.0 (Windows NT 10.0; WOW64; Trident/7.0; .NET4.0C; .NET4.0E; .NET CLR 2.0.50727; .NET CLR 3.0.30729; .NET CLR 3.5.30729; rv:11.0) like Gecko
4	1	1	0	1	29753277	0	29720520	29753277	0	29720520	6937	Mozilla/5.0 (Windows NT 10.0; Win64; x64) AppleWebKit/537.36 (KHTML, like Gecko) Chrome/122.0.0.0 Safari/537.36 Agency/93.8.2357.5
4	4	1	1	0	29749682	29749682	0	29749682	29749682	0	24437	Mozilla/5.0 (Windows NT 10.0; Win64; x64) AppleWebKit/537.36 (KHTML, like Gecko) Chrome/99.0.4844.51 Safari/537.36
4	0	0	1	0	0	29690711	0	0	29690711	0	0	Mozilla/5.0 (Windows NT 10.0; Win64; x64) AppleWebKit/537.36 (KHTML, like Gecko) Chrome/85.0.4090.118 Safari/537.36
4	1	1	0	7	29763227	0	29738666	29763227	0	29675093	6937	Mozilla/5.0 (X11; Linux x86_64) AppleWebKit/537.36 (KHTML, like Gecko) Chrome/105.0.0.0 Safari/537.36
4	1	0	0	1	29746172	0	29716219	29746172	0	29716219	6157	Mozilla/5.0 (Linux; Android 6.0.1; Nexus 5X Build/MMB29P) AppleWebKit/537.36 (KHTML, like Gecko) Chrome/149.0.7827.200 Mobile Safari/537.36 (compatible; Googlebot/2.1; +http://www.google.com/bot.html)
4	1	0	0	0	29759299	0	0	29759299	0	0	130	Mozilla/5.0 (Windows NT 10.0; WOW64) AppleWebKit/537.36 (KHTML, like Gecko) Chrome/67.0.3482.100 Safari/537.36 Core/1.70.3722.400 QQBrowser/10.5.3739.400
5	1	0	0	0	29772963	0	0	29772963	0	0	12248	17.241.75.64
5	0	0	0	1	0	0	29742954	0	0	29742954	0	5.133.192.212
5	0	0	5	1	0	29716881	29716841	0	29716844	29716841	0	184.72.1.213
5	0	0	0	2	0	0	29694173	0	0	29694173	0	47.86.190.79
5	1	0	0	0	29775399	0	0	29775399	0	0	4441	2a10:7b00:d454:69db:d069:c932:eef5:b826
5	0	0	0	1	0	0	29765157	0	0	29765157	0	80.240.17.174
5	0	0	4	1	0	29719840	29719840	0	29719840	29719840	0	128.90.128.3
5	0	0	0	1	0	0	29691807	0	0	29691807	0	5.231.64.22
5	1	0	0	0	29770878	0	0	29770878	0	0	6911	200.91.238.29
5	0	0	0	2	0	0	29679732	0	0	29679732	0	159.89.121.26
5	1	0	0	0	29775402	0	0	29775402	0	0	5690	118.69.30.124
5	1	0	0	0	29769271	0	0	29769271	0	0	4447	43.134.236.36
5	0	0	0	1	0	0	29721260	0	0	29721260	0	5.133.192.189
5	0	0	0	1	0	0	29715851	0	0	29715851	0	5.133.192.200
5	1	0	0	0	29769986	0	0	29769986	0	0	48745	91.196.152.70
5	1	1	0	0	29769982	0	0	29769982	0	0	6747	91.196.152.69
5	0	0	0	1	0	0	29737544	0	0	29737544	0	5.133.192.188
5	1	0	0	0	29757234	0	0	29757234	0	0	130	47.128.98.144
5	0	0	0	1	0	0	29674834	0	0	29674834	0	43.134.236.33
5	0	0	0	1	0	0	29676518	0	0	29676518	0	66.132.224.94
5	1	1	0	0	29764041	0	0	29764041	0	0	6937	212.192.41.80
5	0	0	0	2	0	0	29675405	0	0	29675405	0	77.246.100.120
5	1	0	0	0	29775325	0	0	29775325	0	0	4424	174.85.191.54
5	1	0	0	0	29775228	0	0	29775228	0	0	4445	186.102.160.75
5	0	0	0	1	0	0	29678107	0	0	29678107	0	66.132.224.92
5	0	0	0	1	0	0	29712773	0	0	29712773	0	161.118.233.30
5	0	0	0	1	0	0	29736793	0	0	29736793	0	98.93.49.127
5	0	0	48	0	0	29709530	0	0	29709526	0	0	20.107.204.22
5	1	1	0	0	29745573	0	0	29745573	0	0	5601	54.164.167.77
5	0	0	0	1	0	0	29675034	0	0	29675034	0	43.163.85.226
5	0	0	0	3	0	0	29723971	0	0	29694429	0	43.140.247.223
5	0	0	2	1	0	29679672	29680294	0	29678767	29680294	0	45.76.43.26
5	1	0	0	0	29775360	0	0	29775360	0	0	5703	2a13:dcc2:4c20:3ade:917b:dbd1:5d5d:b632
5	3	1	1	3	29766730	29766730	29680119	29766730	29766730	29675316	59489	77.90.185.5
5	0	0	0	1	0	0	29679997	0	0	29679997	0	62.141.44.236
5	1	0	0	0	29775400	0	0	29775400	0	0	5713	2a13:f41:fc5e:e2f1:ac90:2341:c7ca:6617
5	1	0	0	0	29775396	0	0	29775396	0	0	5575	182.190.216.225
5	1	0	0	0	29749627	0	0	29749627	0	0	130	115.45.40.3
5	0	0	0	2	0	0	29720394	0	0	29720394	0	104.248.136.28
5	1	0	0	0	29775366	0	0	29775366	0	0	5555	186.81.100.85
5	1	0	0	0	29775401	0	0	29775401	0	0	5597	2a11:c41:ea0b:a747:5cce:ec4c:6af:d258
5	4	4	184	100	29678121	29678124	29678124	29678120	29678118	29678118	2	216.73.160.171
5	1	0	0	0	29775201	0	0	29775201	0	0	4392	195.114.144.4
5	0	0	0	1	0	0	29676098	0	0	29676098	0	192.42.116.142
5	0	0	1	1	0	29678921	29678921	0	29678921	29678921	0	77.75.76.169
5	1	0	0	0	29775252	0	0	29775252	0	0	5169	207.179.185.185
5	1	0	0	0	29757207	0	0	29757207	0	0	130	69.171.230.41
5	0	0	0	1	0	0	29675146	0	0	29675146	0	43.156.114.184
5	0	0	0	2	0	0	29679470	0	0	29677272	0	43.153.19.83
5	0	0	0	2	0	0	29735918	0	0	29735918	0	174.138.54.91
5	0	0	1	0	0	29715836	0	0	29715836	0	0	20.219.137.198
5	0	0	0	6	0	0	29735368	0	0	29679060	0	101.42.46.71
5	0	0	0	1	0	0	29694607	0	0	29694607	0	159.89.38.232
5	1	0	0	0	29775370	0	0	29775370	0	0	4418	2a10:7b00:c589:d4c5:4534:7e45:2aae:4bb1
5	3	3	0	3	29743823	0	29743823	29743737	0	29743737	9579	87.107.108.234
5	0	0	5	0	0	29713809	0	0	29713808	0	0	52.138.3.29
5	1	0	0	0	29775397	0	0	29775397	0	0	4425	170.79.82.111
5	0	0	0	1	0	0	29674141	0	0	29674141	0	43.165.197.116
5	0	0	0	4	0	0	29678952	0	0	29678913	0	93.183.94.195
5	0	0	0	3	0	0	29674341	0	0	29673855	0	124.220.42.101
5	0	0	1	0	0	29680595	0	0	29680595	0	0	47.128.27.165
5	0	0	1	0	0	29691152	0	0	29691152	0	0	104.234.208.198
5	0	0	0	2	0	0	29724358	0	0	29724358	0	188.166.100.71
5	1	0	0	0	29775375	0	0	29775375	0	0	5700	2a10:7b00:bd66:f555:562f:c488:8574:f320
5	0	0	1	0	0	29704493	0	0	29704493	0	0	17.246.23.254
5	0	0	0	2	0	0	29676043	0	0	29674071	0	43.165.186.188
5	1	0	0	0	29775196	0	0	29775196	0	0	5177	105.232.160.41
5	0	0	0	1	0	0	29724272	0	0	29724272	0	104.28.156.139
5	0	0	1	0	0	29691506	0	0	29691506	0	0	85.215.252.189
5	0	0	0	2	0	0	29676343	0	0	29674467	0	43.164.190.28
5	0	0	1	0	0	29722440	0	0	29722440	0	0	47.128.27.148
5	0	0	0	2	0	0	29678077	0	0	29676578	0	43.153.76.247
5	0	0	0	1	0	0	29678913	0	0	29678913	0	88.216.73.20
5	0	0	0	2	0	0	29678317	0	0	29675513	0	49.51.36.179
5	0	0	1	0	0	29691151	0	0	29691151	0	0	172.171.3.232
5	0	0	0	1	0	0	29680614	0	0	29680614	0	192.71.2.99
5	1	0	0	0	29755499	0	0	29755499	0	0	130	47.128.27.134
5	0	0	0	1	0	0	29758908	0	0	29758908	0	52.238.199.152
5	1	0	0	0	29748208	0	0	29748208	0	0	130	47.128.27.133
5	0	0	1	0	0	29738964	0	0	29738964	0	0	116.76.196.232
5	0	0	0	1	0	0	29675128	0	0	29675128	0	199.244.88.231
5	0	0	0	1	0	0	29718588	0	0	29718588	0	199.244.88.230
5	1	0	0	0	29763228	0	0	29763228	0	0	48745	199.244.88.227
5	1	0	0	0	29767968	0	0	29767968	0	0	6874	78.134.112.203
5	1	0	0	0	29775161	0	0	29775161	0	0	5573	2a01:f2c1:340a:cd10:4395:5a3d:ddc1:3c61
5	1	0	0	0	29754037	0	0	29754037	0	0	130	47.128.27.125
5	0	0	0	1	0	0	29695594	0	0	29695594	0	199.244.88.226
5	0	0	0	1	0	0	29738666	0	0	29738666	0	199.244.88.225
5	3	1	146	18	29674418	29674419	29674418	29674413	29674407	29674410	0	40.113.223.68
5	0	0	0	1	0	0	29688113	0	0	29688113	0	167.235.93.252
5	0	0	1	0	0	29725350	0	0	29725350	0	0	47.128.27.121
5	0	0	0	1	0	0	29675093	0	0	29675093	0	199.244.88.221
5	2	2	0	9	29753345	0	29742477	29751100	0	29677724	13874	111.230.233.46
5	1	1	0	0	29763227	0	0	29763227	0	0	6937	199.244.88.219
5	0	0	0	2	0	0	29674272	0	0	29674272	0	178.128.45.31
5	1	0	0	0	29753413	0	0	29753413	0	0	130	116.76.196.216
5	0	0	0	1	0	0	29689016	0	0	29689016	0	104.28.156.102
5	0	0	0	2	0	0	29678201	0	0	29678201	0	68.233.37.50
5	1	1	0	0	29771292	0	0	29771292	0	0	6747	139.59.229.65
5	0	0	2	0	0	29684622	0	0	29684132	0	0	66.135.20.66
5	0	0	0	1	0	0	29678253	0	0	29678253	0	43.166.253.94
5	1	0	0	0	29775401	0	0	29775401	0	0	5524	95.236.21.105
5	0	0	0	2	0	0	29698600	0	0	29698600	0	157.245.120.70
5	1	0	0	0	29774953	0	0	29774953	0	0	5576	2a10:7b00:7050:ff21:e807:fa60:542c:36b3
5	0	0	0	1	0	0	29724465	0	0	29724465	0	162.43.13.221
5	0	0	1	0	0	29716612	0	0	29716612	0	0	47.128.27.109
5	0	0	0	1	0	0	29678003	0	0	29678003	0	43.165.126.130
5	8	0	0	320	29760771	0	29760771	29757598	0	29757597	55430	20.48.234.177
5	1	0	0	0	29759299	0	0	29759299	0	0	130	113.88.76.2
5	0	0	0	1	0	0	29678628	0	0	29678628	0	43.156.249.28
5	1	0	0	0	29775294	0	0	29775294	0	0	7272	2a13:dcc1:1fb8:e578:5c80:91e0:ed80:d8f9
5	2	1	0	0	29767811	0	0	29759193	0	0	12468	43.130.14.245
5	3	1	0	0	29747794	0	0	29747794	0	0	62066	106.75.147.138
5	1	0	1	0	29746021	29719521	0	29746021	29719521	0	130	47.128.27.102
5	1	0	0	0	29775399	0	0	29775399	0	0	4438	68.201.41.137
5	1	0	0	0	29775233	0	0	29775233	0	0	5582	45.71.13.93
5	3	1	101	18	29722110	29722113	29722110	29722108	29722105	29722106	0	20.151.224.143
5	0	0	1	0	0	29709130	0	0	29709130	0	0	149.248.63.183
5	0	0	1	0	0	29706948	0	0	29706948	0	0	20.29.75.69
5	2	1	0	0	29754113	0	0	29754113	0	0	55682	64.23.244.255
5	1	1	0	0	29759023	0	0	29759023	0	0	6937	3.228.112.215
5	1	0	0	0	29673671	0	0	29673671	0	0	7990	188.166.188.52
5	14	2	4	0	29768834	29768834	0	29768834	29768834	0	77621	171.25.193.78
5	2	2	0	4	29750505	0	29742829	29748929	0	29677349	12876	175.27.136.83
5	0	0	0	1	0	0	29679475	0	0	29679475	0	43.136.167.197
5	0	0	2	0	0	29694234	0	0	29694234	0	0	140.82.49.202
5	0	0	1	0	0	29733336	0	0	29733336	0	0	107.191.36.209
5	5	4	306	110	29675202	29676097	29676097	29675164	29675155	29675159	2	157.230.97.122
5	0	0	0	4	0	0	29714057	0	0	29692420	0	162.14.66.219
5	3	3	0	18	29767457	0	29767457	29767457	0	29767457	100842	146.70.194.220
5	0	0	0	1	0	0	29675736	0	0	29675736	0	106.54.62.156
5	0	0	0	2	0	0	29690061	0	0	29675803	0	192.71.126.249
5	1	0	0	0	29775393	0	0	29775393	0	0	4425	171.240.213.255
5	1	0	0	0	29775354	0	0	29775354	0	0	6575	2a12:f540:9df9:e4a7:f5d3:29e8:b8b3:ebe6
5	0	0	48	1	0	29674700	29674700	0	29674130	29674700	0	20.226.41.15
5	1	0	0	0	29775072	0	0	29775072	0	0	4436	2a13:f40:a409:bc1c:412b:53fa:bf2d:55f8
5	0	0	1	0	0	29718560	0	0	29718560	0	0	120.233.118.166
5	0	0	0	2	0	0	29685571	0	0	29685571	0	185.210.86.218
5	0	0	1	0	0	29676074	0	0	29676074	0	0	3.237.65.43
5	0	0	0	1	0	0	29676518	0	0	29676518	0	66.132.172.202
5	0	0	0	1	0	0	29678096	0	0	29678096	0	66.132.195.61
5	0	0	0	1	0	0	29677197	0	0	29677197	0	43.165.174.53
5	1	0	0	1	29767830	0	29674937	29767830	0	29674937	6874	119.28.89.249
5	0	0	0	1	0	0	29673714	0	0	29673714	0	49.51.178.45
5	0	0	0	1	0	0	29711307	0	0	29711307	0	54.38.176.226
5	1	1	0	107	29754746	0	29756925	29754746	0	29754746	6937	20.151.254.105
5	0	0	0	1	0	0	29677144	0	0	29677144	0	207.241.173.124
5	0	0	0	1	0	0	29692358	0	0	29692358	0	95.211.193.12
5	0	0	0	1	0	0	29676827	0	0	29676827	0	43.135.139.165
5	1	1	0	0	29769971	0	0	29769971	0	0	6747	2a03:b0c0:2:f0:0:1:d566:8001
5	2	2	0	0	29765674	0	0	29762239	0	0	13725	93.158.90.72
5	0	0	0	1	0	0	29720612	0	0	29720612	0	35.182.119.77
5	5	4	0	0	29775247	0	0	29770547	0	0	26988	66.249.73.132
5	1	0	0	0	29775373	0	0	29775373	0	0	5770	2a13:f40:291a:77d1:aa34:d5da:3eac:75f
5	1	1	0	0	29771962	0	0	29771962	0	0	6747	66.249.73.131
5	0	0	0	1	0	0	29710617	0	0	29710617	0	93.158.90.69
5	1	0	0	0	29755929	0	0	29755929	0	0	130	173.252.107.6
5	12	5	0	1	29774020	0	29766710	29750087	0	29766710	7240438	66.249.73.130
5	13	5	0	1	29774020	0	29764735	29753593	0	29764735	101587	66.249.73.129
5	1	1	0	0	29770960	0	0	29770960	0	0	0	104.30.167.164
5	1	0	0	0	29775401	0	0	29775401	0	0	4480	187.183.15.239
5	26	12	0	0	29770547	0	0	29749213	0	0	219191	66.249.73.128
5	0	0	0	1	0	0	29678103	0	0	29678103	0	43.153.204.189
5	2	0	0	0	29694173	0	0	29694173	0	0	174	51.21.244.104
5	0	0	1	0	0	29710616	0	0	29710616	0	0	93.158.90.67
5	1	0	0	0	29772963	0	0	29772963	0	0	26272	17.246.23.131
5	0	0	0	1	0	0	29676085	0	0	29676085	0	43.133.60.72
5	0	0	1	0	0	29713233	0	0	29713233	0	0	20.197.57.67
5	1	0	0	0	29762421	0	0	29762421	0	0	5593	101.53.255.42
5	3	1	0	0	29748434	0	0	29748434	0	0	62031	106.75.175.69
5	1	1	0	0	29754667	0	0	29754667	0	0	6196	52.167.144.170
5	0	0	0	1	0	0	29674647	0	0	29674647	0	43.130.67.33
5	1	0	0	0	29762673	0	0	29762673	0	0	6843	103.156.164.2
5	1	0	0	0	29775185	0	0	29775185	0	0	4446	76.168.210.156
5	0	0	0	2	0	0	29678382	0	0	29678382	0	144.126.192.211
5	0	0	1	0	0	29673680	0	0	29673680	0	0	93.158.90.52
5	1	0	0	0	29775377	0	0	29775377	0	0	4454	2a12:da80:ba66:b9d:e810:6948:6fe6:586a
5	1	0	0	0	29775401	0	0	29775401	0	0	4429	2a12:f540:3fd2:5c26:2f2f:5eff:45c5:6eb4
5	0	0	0	1	0	0	29680101	0	0	29680101	0	43.157.179.227
5	3	1	1	0	29762738	29762738	0	29762738	29762738	0	15029	195.200.28.67
5	0	0	0	1	0	0	29765473	0	0	29765473	0	77.98.146.41
5	0	0	0	1	0	0	29678855	0	0	29678855	0	43.162.114.69
5	0	0	0	1	0	0	29757876	0	0	29757876	0	93.158.90.46
5	0	0	0	1	0	0	29759007	0	0	29759007	0	52.176.39.128
5	0	0	3	1	0	29701309	29693187	0	29693101	29693187	0	66.249.68.34
5	0	0	1	0	0	29690711	0	0	29690711	0	0	113.88.77.85
5	0	0	2	4	0	29692262	29701337	0	29689385	29689385	0	66.249.68.33
5	1	0	0	0	29775399	0	0	29775399	0	0	4431	196.190.32.25
5	0	0	1	2	0	29695286	29701339	0	29695286	29698179	0	66.249.68.32
5	0	0	0	1	0	0	29682712	0	0	29682712	0	85.17.14.29
5	0	0	1	0	0	29689429	0	0	29689429	0	0	93.158.90.35
5	1	1	0	0	29747681	0	0	29747681	0	0	27976	82.29.95.116
5	0	0	151	0	0	29740523	0	0	29740512	0	0	172.202.76.205
5	0	0	0	2	0	0	29765287	0	0	29765287	0	148.72.140.6
5	1	0	0	1	29759202	0	29678859	29759202	0	29678859	4446	170.106.35.153
5	0	0	0	1	0	0	29742438	0	0	29742438	0	38.107.237.80
5	1	0	0	0	29757876	0	0	29757876	0	0	130	93.158.90.29
5	0	0	0	1	0	0	29675475	0	0	29675475	0	170.106.161.78
5	0	0	100	0	0	29699067	0	0	29699058	0	0	4.204.204.10
5	1	1	0	0	29749598	0	0	29749598	0	0	5939	98.91.173.173
5	0	0	0	1	0	0	29736043	0	0	29736043	0	38.107.237.72
5	0	0	0	1	0	0	29673987	0	0	29673987	0	43.153.71.132
5	0	0	1	0	0	29704532	0	0	29704532	0	0	64.225.78.218
5	4	4	0	15	29748603	0	29748603	29748284	0	29747404	21914	20.80.81.78
5	0	0	1	1	0	29680627	29680627	0	29680627	29680627	0	77.75.79.17
5	0	0	0	1	0	0	29702464	0	0	29702464	0	45.84.107.76
5	0	0	0	1	0	0	29690046	0	0	29690046	0	192.71.12.10
5	1	0	0	0	29775401	0	0	29775401	0	0	5185	2a12:f540:c65a:af6:dcb6:9aad:ead5:f1e9
5	0	0	0	1	0	0	29677395	0	0	29677395	0	43.130.139.177
5	1	0	0	0	29749584	0	0	29749584	0	0	130	120.240.178.247
5	2	1	0	0	29767717	0	0	29767717	0	0	55492	209.97.135.216
5	0	0	0	2	0	0	29682497	0	0	29675632	0	192.71.126.151
5	0	0	0	1	0	0	29676733	0	0	29676733	0	170.106.180.246
5	1	1	0	0	29754106	0	0	29754106	0	0	6937	3.80.49.219
5	1	0	0	0	29775332	0	0	29775332	0	0	4431	120.28.228.15
5	0	0	0	72	0	0	29759161	0	0	29759161	0	4.184.60.71
5	0	0	1	0	0	29688097	0	0	29688097	0	0	144.202.21.131
5	0	0	0	1	0	0	29681347	0	0	29681347	0	46.45.185.172
5	0	0	0	1	0	0	29674682	0	0	29674682	0	43.135.134.127
5	0	0	0	3	0	0	29734632	0	0	29694261	0	93.159.230.28
5	0	0	0	1	0	0	29676274	0	0	29676274	0	43.159.58.77
5	0	0	0	2	0	0	29674851	0	0	29674851	0	147.182.238.76
5	1	0	0	0	29677509	0	0	29677509	0	0	0	120.240.178.232
5	0	0	0	1	0	0	29677901	0	0	29677901	0	170.106.11.6
5	0	0	0	1	0	0	29676154	0	0	29676154	0	46.45.185.167
5	0	0	0	1	0	0	29765294	0	0	29765294	0	2.51.207.141
5	0	0	0	1	0	0	29676274	0	0	29676274	0	124.156.226.179
5	0	0	0	4	0	0	29740017	0	0	29678264	0	82.156.116.86
5	1	0	0	0	29774865	0	0	29774865	0	0	6563	2804:2a80:c03b:2b00:84d:c4fa:cb94:afa1
5	1	0	0	0	29775402	0	0	29775402	0	0	4431	47.148.248.218
5	1	0	0	0	29767861	0	0	29767861	0	0	4458	43.159.145.153
5	0	0	0	1	0	0	29691450	0	0	29691450	0	167.71.103.240
5	0	0	2	0	0	29720901	0	0	29700246	0	0	120.240.178.221
5	1	0	0	0	29754600	0	0	29754600	0	0	130	120.240.178.219
5	0	0	1	0	0	29677657	0	0	29677657	0	0	47.128.27.15
5	8	2	274	36	29694309	29694311	29694310	29693747	29693745	29693750	0	20.9.14.5
5	1	0	0	0	29775094	0	0	29775094	0	0	6840	190.181.136.90
5	1	0	0	0	29754667	0	0	29754667	0	0	47996	65.55.210.115
5	0	0	0	2	0	0	29676169	0	0	29676169	0	45.74.3.87
5	0	0	0	1	0	0	29716049	0	0	29716049	0	34.195.125.215
5	1	0	0	0	29764058	0	0	29764058	0	0	6535	125.167.56.84
5	0	0	1	0	0	29717544	0	0	29717544	0	0	120.240.178.209
5	0	0	3	0	0	29688586	0	0	29688586	0	0	172.213.25.203
5	1	0	0	0	29768209	0	0	29768209	0	0	130	120.240.178.198
5	0	0	0	1	0	0	29676616	0	0	29676616	0	43.162.95.192
5	1	0	0	0	29775063	0	0	29775063	0	0	4437	2a10:7b01:b84c:6d70:eac3:7b38:4cf9:f548
5	0	0	0	6	0	0	29735739	0	0	29715552	0	40.88.21.235
5	0	0	1	0	0	29679536	0	0	29679536	0	0	120.240.178.196
5	1	1	0	0	29759178	0	0	29759178	0	0	6937	43.166.132.142
5	0	0	1	0	0	29678545	0	0	29678545	0	0	173.252.95.114
5	1	0	0	0	29752198	0	0	29752198	0	0	130	120.240.178.193
5	0	0	0	1	0	0	29720489	0	0	29720489	0	34.214.4.21
5	0	0	2	0	0	29739849	0	0	29718458	0	0	120.240.178.201
5	0	0	0	1	0	0	29680418	0	0	29680418	0	43.133.91.48
5	1	0	0	0	29775390	0	0	29775390	0	0	5194	90.109.189.239
5	1	0	0	0	29775273	0	0	29775273	0	0	6856	104.28.194.105
5	0	0	0	1	0	0	29673686	0	0	29673686	0	43.133.41.88
5	0	0	0	2	0	0	29699000	0	0	29699000	0	216.163.199.14
5	0	0	0	20	0	0	29767172	0	0	29767172	0	172.202.95.21
5	1	1	0	1	29751889	0	29751889	29751889	0	29751889	33115	20.84.81.88
5	0	0	0	1	0	0	29674508	0	0	29674508	0	45.84.107.198
5	0	0	2	0	0	29722175	0	0	29720840	0	0	198.13.42.56
5	0	0	0	1	0	0	29678115	0	0	29678115	0	45.61.184.179
5	0	0	1	0	0	29715309	0	0	29715309	0	0	40.77.167.219
5	1	0	1	0	29692796	29693346	0	29692796	29693346	0	0	104.156.239.228
5	0	0	1	1	0	29676386	29676386	0	29676386	29676386	0	18.97.9.171
5	1	1	0	0	29746400	0	0	29746400	0	0	5601	82.29.95.7
5	0	0	0	1	0	0	29752574	0	0	29752574	0	209.38.81.9
5	1	0	0	0	29775390	0	0	29775390	0	0	4427	93.191.113.17
5	0	0	0	1	0	0	29673925	0	0	29673925	0	43.166.251.233
5	0	0	0	1	0	0	29742978	0	0	29742978	0	217.199.247.207
5	1	0	0	0	29775126	0	0	29775126	0	0	4436	195.80.141.238
5	0	0	0	2	0	0	29677938	0	0	29673881	0	150.109.46.88
5	0	0	109	0	0	29689881	0	0	29689872	0	0	132.196.25.14
5	1	0	0	0	29775055	0	0	29775055	0	0	5165	2804:7f4:12c2:9346:14f8:8676:3c01:1c61
5	1	0	0	0	29767005	0	0	29767005	0	0	4436	187.190.16.43
5	0	0	0	1	0	0	29688113	0	0	29688113	0	62.248.101.8
5	1	0	0	0	29766709	0	0	29766709	0	0	4430	112.202.61.122
5	1	0	0	1	29759181	0	29677762	29759181	0	29677762	6626	43.164.131.148
5	5	5	0	9	29771117	0	29744445	29753978	0	29676319	34305	119.91.20.139
5	1	1	0	1	29764341	0	29765457	29764341	0	29765457	6937	52.3.206.35
5	1	1	0	5	29773629	0	29738029	29773629	0	29679809	6747	49.233.45.47
5	1	0	0	0	29763590	0	0	29763590	0	0	130	120.240.178.158
5	0	0	0	1	0	0	29694237	0	0	29694237	0	91.231.89.123
5	1	0	0	0	29769552	0	0	29769552	0	0	130	120.240.178.156
5	0	0	2	0	0	29688006	0	0	29687987	0	0	40.77.167.184
5	1	0	0	0	29775399	0	0	29775399	0	0	5739	45.237.132.8
5	0	0	3	0	0	29680209	0	0	29680209	0	0	185.14.4.4
5	1	0	0	0	29775356	0	0	29775356	0	0	6588	82.4.87.221
5	1	1	0	2	29774677	0	29734633	29774677	0	29734616	6747	77.74.177.118
5	1	0	0	0	29767273	0	0	29767273	0	0	4436	119.13.153.206
5	1	1	0	1	29767806	0	29676509	29767806	0	29676509	6747	170.106.84.136
5	2	0	122	0	29691489	29691490	0	29691481	29691481	0	440	20.226.60.146
5	1	0	0	0	29766782	0	0	29766782	0	0	6912	50.27.174.109
5	1	0	0	0	29753427	0	0	29753427	0	0	130	120.240.178.145
5	1	0	0	0	29775256	0	0	29775256	0	0	6840	2a01:cb00:ae:ad00:681e:f975:cc05:b401
5	1	0	0	0	29775158	0	0	29775158	0	0	5561	182.8.132.178
5	1	0	0	0	29767269	0	0	29767269	0	0	4449	188.64.8.39
5	1	0	0	0	29769151	0	0	29769151	0	0	130	185.151.8.79
5	1	0	0	0	29759212	0	0	29759212	0	0	5582	170.106.180.139
5	1	0	0	0	29775209	0	0	29775209	0	0	5188	163.227.244.156
5	0	0	1	0	0	29674765	0	0	29674765	0	0	20.197.177.252
5	0	0	0	1	0	0	29679404	0	0	29679404	0	170.106.73.216
5	0	0	0	1	0	0	29688113	0	0	29688113	0	96.126.64.143
5	1	0	0	0	29775243	0	0	29775243	0	0	4432	177.137.200.155
5	0	0	0	2	0	0	29678878	0	0	29675348	0	43.154.140.188
5	1	0	0	0	29762563	0	0	29762563	0	0	130	120.240.178.132
5	1	0	0	0	29775378	0	0	29775378	0	0	4024	71.224.84.46
5	0	0	0	1	0	0	29688006	0	0	29688006	0	40.77.167.158
5	1	0	0	0	29756621	0	0	29756621	0	0	130	120.240.178.129
5	0	0	3	0	0	29675507	0	0	29675506	0	0	89.198.213.220
5	1	0	0	0	29775265	0	0	29775265	0	0	5159	2a10:7b00:63f1:5bfc:5ac2:d752:760f:861d
5	0	0	0	1	0	0	29719523	0	0	29719523	0	54.237.83.138
5	1	0	0	0	29775401	0	0	29775401	0	0	5705	163.227.144.131
5	0	0	0	1	0	0	29680654	0	0	29680654	0	54.227.227.84
5	1	0	0	0	29775401	0	0	29775401	0	0	5686	157.35.45.48
5	0	0	0	1	0	0	29685484	0	0	29685484	0	198.145.111.210
5	1	0	0	0	29775402	0	0	29775402	0	0	3799	182.63.59.96
5	1	0	0	0	29775387	0	0	29775387	0	0	4469	90.103.65.100
5	0	0	0	2	0	0	29681196	0	0	29681196	0	159.223.233.128
5	0	0	0	1	0	0	29679234	0	0	29679234	0	34.227.32.116
5	1	0	0	0	29774970	0	0	29774970	0	0	5583	2a12:da82:a243:e704:2e9a:934:63c0:ca62
5	1	0	0	0	29775100	0	0	29775100	0	0	4440	2a01:f2c2:5cec:98a:a150:8f40:14d6:3d76
5	0	0	3	0	0	29677374	0	0	29677373	0	0	91.238.67.159
5	3	3	0	17	29773945	0	29773945	29773945	0	29773945	20241	35.197.117.124
5	0	0	0	2	0	0	29673964	0	0	29673964	0	3.144.226.245
5	1	0	0	0	29775402	0	0	29775402	0	0	4432	137.118.210.233
5	0	0	0	5	0	0	29749064	0	0	29749020	0	4.221.224.60
5	1	0	0	0	29769649	0	0	29769649	0	0	4431	186.138.185.212
5	1	1	0	3	29753042	0	29724314	29753042	0	29709422	6937	43.138.68.113
5	1	0	0	0	29775400	0	0	29775400	0	0	5561	180.252.165.195
5	3	0	0	45	29767820	0	29767820	29767820	0	29767819	100842	20.218.73.95
5	0	0	2	0	0	29703565	0	0	29703565	0	0	165.22.145.3
5	1	0	0	0	29775245	0	0	29775245	0	0	4444	49.42.93.104
5	1	0	0	0	29774942	0	0	29774942	0	0	5201	78.177.130.20
5	0	0	0	1	0	0	29753856	0	0	29753856	0	170.64.129.204
5	2	1	137	1	29699059	29699060	29699052	29699050	29699048	29699052	0	20.104.248.142
5	1	0	0	0	29775006	0	0	29775006	0	0	4442	24.133.126.85
5	3	0	506	14	29677612	29677613	29677613	29674025	29674024	29674024	0	20.226.60.108
5	0	0	0	1	0	0	29680005	0	0	29680005	0	43.134.177.47
5	1	0	0	0	29775392	0	0	29775392	0	0	5171	2a10:4a00:11ac:5212:198b:f6b3:60bf:3730
5	0	0	0	2	0	0	29709049	0	0	29691549	0	192.71.126.53
5	1	1	0	0	29756341	0	0	29756341	0	0	6937	49.51.183.15
5	2	1	0	0	29772958	0	0	29772958	0	0	6877	17.246.19.194
5	1	0	0	0	29771113	0	0	29771113	0	0	5213	2a12:f545:1e52:aa60:10be:7b29:35ea:210d
5	0	0	1	0	0	29689963	0	0	29689963	0	0	149.28.56.206
5	1	0	0	0	29775402	0	0	29775402	0	0	5205	173.206.121.137
5	0	0	0	1	0	0	29676227	0	0	29676227	0	43.164.3.23
5	0	0	0	1	0	0	29680422	0	0	29680422	0	124.222.230.178
5	1	0	0	0	29775363	0	0	29775363	0	0	5175	181.114.119.222
5	0	0	0	1	0	0	29674161	0	0	29674161	0	77.238.225.146
5	0	0	0	1	0	0	29679083	0	0	29679083	0	43.153.86.78
5	0	0	0	1	0	0	29674897	0	0	29674897	0	43.159.128.155
5	1	1	0	0	29773497	0	0	29773497	0	0	6747	2606:2040:1800:79::5
5	0	0	4	2	0	29738003	29734225	0	29704315	29713280	0	66.249.64.226
5	3	3	0	0	29754320	0	0	29754320	0	0	0	34.242.177.108
5	5	2	8	11	29748390	29736787	29743239	29746167	29707290	29704315	7126546	66.249.64.225
5	1	0	0	0	29775393	0	0	29775393	0	0	5182	2a10:4a00:be02:3e10:ec6d:7b3f:212a:6617
5	8	3	6	8	29748228	29743238	29746173	29746166	29710303	29707291	86578	66.249.64.224
5	1	1	0	0	29748362	0	0	29748362	0	0	5601	54.89.98.153
5	0	0	0	5	0	0	29719374	0	0	29675055	0	49.235.136.28
5	0	0	1	0	0	29676983	0	0	29676983	0	0	172.202.92.73
5	0	0	0	1	0	0	29681646	0	0	29681646	0	93.158.91.241
5	12	0	947	41	29678118	29678118	29678118	29678090	29678088	29678089	2251	45.8.19.106
5	0	0	1	0	0	29681646	0	0	29681646	0	0	93.158.91.239
5	0	0	0	1	0	0	29713111	0	0	29713111	0	172.216.245.35
5	0	0	0	1	0	0	29709798	0	0	29709798	0	192.71.126.27
5	1	0	0	0	29775363	0	0	29775363	0	0	5713	176.108.238.243
5	0	0	0	1	0	0	29675941	0	0	29675941	0	129.28.84.30
5	1	1	0	1	29747728	0	29698787	29747728	0	29698787	5601	192.71.126.26
5	1	0	0	0	29771027	0	0	29771027	0	0	4462	14.239.43.11
5	5	1	1	0	29754190	29754190	0	29754190	29754190	0	23082	146.70.194.19
5	1	0	0	0	29763886	0	0	29763886	0	0	6574	186.250.160.84
5	0	0	0	2	0	0	29680021	0	0	29680021	0	188.72.107.204
5	3	3	0	3	29750111	0	29718606	29750110	0	29718606	20595	168.222.65.84
5	1	1	0	0	29758016	0	0	29758016	0	0	6904	91.92.241.196
5	1	0	0	0	29694173	0	0	29694173	0	0	87	16.16.241.23
5	1	0	0	0	29758377	0	0	29758377	0	0	130	173.252.70.51
5	0	0	0	1	0	0	29720845	0	0	29720845	0	3.231.152.88
5	1	1	0	0	29756765	0	0	29756765	0	0	6937	95.217.33.120
5	1	0	0	0	29765574	0	0	29765574	0	0	4170	176.113.215.67
5	2	2	0	2	29765639	0	29692751	29764001	0	29676112	13692	49.232.104.223
5	0	0	0	1	0	0	29739816	0	0	29739816	0	80.249.128.41
5	0	0	3	0	0	29718067	0	0	29718066	0	0	64.177.119.188
5	0	0	0	2	0	0	29744448	0	0	29744448	0	151.115.167.97
5	0	0	110	1	0	29677212	29677203	0	29677201	29677203	0	4.201.75.230
5	1	0	0	0	29770507	0	0	29770507	0	0	4627	187.175.28.196
5	0	0	1	0	0	29708943	0	0	29708943	0	0	43.139.116.254
5	1	0	0	0	29775380	0	0	29775380	0	0	5194	2001:1388:1e43:2500:5064:a354:73:e2fd
5	0	0	0	1	0	0	29675595	0	0	29675595	0	43.156.109.53
5	0	0	1	0	0	29718560	0	0	29718560	0	0	43.173.132.115
5	1	0	0	0	29775401	0	0	29775401	0	0	4451	2a12:f540:91fe:28d0:c1ae:ebf5:6d29:a4a3
5	4	0	662	18	29679486	29679487	29679487	29674105	29674099	29674100	0	40.83.92.30
5	0	0	1	0	0	29718543	0	0	29718543	0	0	4.193.121.157
5	0	0	0	1	0	0	29674112	0	0	29674112	0	43.166.245.120
5	1	1	0	0	29759855	0	0	29759855	0	0	6937	54.175.68.148
5	0	0	2	0	0	29696336	0	0	29696336	0	0	136.243.130.244
5	0	0	0	1	0	0	29677163	0	0	29677163	0	170.106.37.134
5	0	0	0	1	0	0	29690264	0	0	29690264	0	137.184.139.126
5	1	0	0	0	29775294	0	0	29775294	0	0	4432	131.0.216.15
5	0	0	0	1	0	0	29720844	0	0	29720844	0	34.235.150.111
5	0	0	0	1	0	0	29690437	0	0	29690437	0	104.28.159.48
5	1	0	0	0	29775147	0	0	29775147	0	0	4435	45.229.187.137
5	0	0	0	1	0	0	29675508	0	0	29675508	0	43.164.0.96
5	0	0	0	2	0	0	29678273	0	0	29677733	0	46.138.250.165
5	0	0	0	1	0	0	29680032	0	0	29680032	0	43.165.167.69
5	0	0	0	1	0	0	29676808	0	0	29676808	0	43.165.7.132
5	1	0	0	0	29775365	0	0	29775365	0	0	5579	2804:1b3:a680:7fd3:b178:e777:78b1:de9c
5	0	0	0	1	0	0	29689231	0	0	29689231	0	104.28.159.44
5	0	0	0	2	0	0	29741656	0	0	29741656	0	174.138.77.196
5	0	0	0	1	0	0	29737467	0	0	29737467	0	35.164.202.158
5	0	0	0	123	0	0	29749167	0	0	29749167	0	20.151.204.183
5	0	0	1	0	0	29674627	0	0	29674627	0	0	157.180.59.87
5	1	0	0	0	29772963	0	0	29772963	0	0	12248	17.246.19.101
5	1	0	0	0	29775401	0	0	29775401	0	0	4433	2a10:4a00:420c:5a1b:bd10:d021:35a5:8ba9
5	0	0	0	2	0	0	29677355	0	0	29674223	0	129.226.146.42
5	0	0	1	0	0	29690455	0	0	29690455	0	0	45.63.1.100
5	0	0	9	0	0	29737096	0	0	29705628	0	0	66.249.64.132
5	1	0	0	0	29775395	0	0	29775395	0	0	5536	2a11:c47:b298:fb7e:acdf:c347:4f25:718b
5	0	0	3	0	0	29725624	0	0	29708375	0	0	66.249.64.131
5	2	2	0	7	29773345	0	29739692	29768607	0	29683055	13494	129.211.229.121
5	0	0	4	0	0	29738455	0	0	29718416	0	0	66.249.64.128
5	1	0	0	0	29765475	0	0	29765475	0	0	4428	189.201.49.229
5	1	0	155	4	29674014	29674021	29674018	29674014	29674008	29674009	0	20.9.81.163
5	1	0	0	0	29775401	0	0	29775401	0	0	4438	210.195.157.150
5	1	0	0	0	29767821	0	0	29767821	0	0	7311	101.32.49.171
5	1	0	0	0	29775380	0	0	29775380	0	0	4432	91.150.204.68
5	0	0	0	1	0	0	29679599	0	0	29679599	0	101.32.128.28
5	0	0	0	1	0	0	29723274	0	0	29723274	0	85.137.91.55
5	1	1	0	0	29771869	0	0	29771869	0	0	6747	155.94.203.247
5	0	0	0	2	0	0	29674194	0	0	29674194	0	3.216.193.107
5	0	0	0	1	0	0	29733686	0	0	29733686	0	85.137.91.52
5	1	0	0	0	29765392	0	0	29765392	0	0	4423	106.215.93.55
5	1	0	0	0	29754666	0	0	29754666	0	0	130	52.167.144.59
5	0	0	0	2	0	0	29695730	0	0	29695730	0	36.133.83.211
5	2	2	0	4	29772051	0	29737018	29752363	0	29674528	13651	43.136.86.241
5	0	0	110	1	0	29686892	29686884	0	29686883	29686884	0	20.125.114.185
5	0	0	0	1	0	0	29679118	0	0	29679118	0	43.166.128.86
5	3	1	1	0	29757762	29757762	0	29757762	29757762	0	15029	212.107.27.86
5	1	0	0	0	29775369	0	0	29775369	0	0	4425	93.170.71.33
5	0	0	0	1	0	0	29724220	0	0	29724220	0	46.225.16.158
5	1	0	0	0	29769656	0	0	29769656	0	0	4456	106.215.163.248
5	1	1	0	0	29775399	0	0	29775399	0	0	6714	134.209.59.32
5	0	0	0	2	0	0	29676908	0	0	29676908	0	159.203.27.89
5	1	0	0	0	29769252	0	0	29769252	0	0	7110163	47.254.47.156
5	0	0	3	0	0	29678134	0	0	29674929	0	0	89.248.172.183
5	1	0	0	0	29775285	0	0	29775285	0	0	5716	2a12:f540:690f:545:c98f:e175:e58e:13c6
5	0	0	1	0	0	29716157	0	0	29716157	0	0	20.196.208.161
5	1	0	0	0	29770931	0	0	29770931	0	0	6842	2a12:da86:5f36:a2c6:285a:aff4:c683:abf0
5	0	0	0	2	0	0	29713747	0	0	29713747	0	64.23.159.193
5	1	1	0	0	29752613	0	0	29752613	0	0	6196	193.138.218.213
5	0	0	0	1	0	0	29703377	0	0	29703377	0	192.71.142.232
5	2	0	131	1	29677925	29677958	29677925	29677924	29677919	29677925	0	65.52.170.96
5	1	0	0	0	29775271	0	0	29775271	0	0	4430	2a10:4a00:fb45:600b:a917:b693:449a:a57e
5	1	1	0	3	29764663	0	29765279	29764663	0	29680824	6937	162.14.109.170
5	0	0	0	2	0	0	29684075	0	0	29684075	0	206.189.30.248
5	1	0	0	0	29775363	0	0	29775363	0	0	4435	193.82.255.175
5	1	0	0	0	29775364	0	0	29775364	0	0	5775	2a01:e0a:cd7:a220:47f:a540:420d:eca0
5	1	1	0	0	29761774	0	0	29761774	0	0	6937	192.71.2.9
5	0	0	0	1	0	0	29679708	0	0	29679708	0	43.133.61.171
5	1	0	0	0	29775361	0	0	29775361	0	0	4446	41.237.214.157
5	0	0	98	0	0	29702857	0	0	29702849	0	0	20.220.166.196
5	0	0	0	2	0	0	29681231	0	0	29681188	0	83.99.206.204
5	1	1	0	4	29770552	0	29770552	29770552	0	29770552	6747	203.91.74.151
5	0	0	0	1	0	0	29723007	0	0	29723007	0	83.246.166.140
5	0	0	1	2	0	29681181	29681183	0	29681181	29681181	0	83.99.206.191
5	1	0	0	0	29775039	0	0	29775039	0	0	5627	154.80.2.47
5	0	0	1	0	0	29734481	0	0	29734481	0	0	20.48.233.63
5	0	0	0	2	0	0	29707194	0	0	29707194	0	137.184.162.24
5	0	0	2	0	0	29696347	0	0	29696347	0	0	155.117.105.29
5	0	0	0	1	0	0	29679277	0	0	29679277	0	43.164.133.138
5	1	1	0	0	29769977	0	0	29769977	0	0	6747	2604:a880:400:d1:0:4:9c79:9001
5	0	0	0	1	0	0	29677138	0	0	29677138	0	216.81.248.121
5	5	5	0	6	29769878	0	29717379	29748275	0	29675271	33105	162.14.114.97
5	0	0	0	44	0	0	29746519	0	0	29746519	0	172.202.37.160
5	1	0	0	0	29769383	0	0	29769383	0	0	6497	186.15.99.159
5	0	0	0	1	0	0	29715309	0	0	29715309	0	40.77.167.23
5	1	1	0	0	29759571	0	0	29759571	0	0	6904	172.239.144.55
5	0	0	0	1	0	0	29733748	0	0	29733748	0	195.2.70.227
5	1	1	0	1	29757876	0	29673680	29757876	0	29673680	6937	93.158.91.34
5	0	0	0	1	0	0	29689429	0	0	29689429	0	93.158.91.33
5	0	0	0	1	0	0	29696979	0	0	29696979	0	45.130.202.62
5	0	0	1	1	0	29737068	29737068	0	29737068	29737068	0	52.18.71.88
5	0	0	0	2	0	0	29733119	0	0	29733119	0	64.23.190.157
5	0	0	0	1	0	0	29675316	0	0	29675316	0	43.130.101.151
5	0	0	0	1	0	0	29688113	0	0	29688113	0	102.129.191.212
5	0	0	0	1	0	0	29712330	0	0	29712330	0	195.2.70.209
5	0	0	1	0	0	29684460	0	0	29684460	0	0	207.241.172.205
5	0	0	1	0	0	29675068	0	0	29675068	0	0	20.226.123.158
5	1	0	0	0	29775547	0	0	29775547	0	0	130	36.36.90.211
5	1	0	103	0	29715714	29715718	0	29715714	29715709	0	197	20.151.112.244
5	0	0	0	1	0	0	29673749	0	0	29673749	0	43.134.141.244
5	0	0	0	1	0	0	29677708	0	0	29677708	0	46.228.199.158
5	0	0	0	1	0	0	29698636	0	0	29698636	0	149.56.160.149
5	0	0	0	1	0	0	29678892	0	0	29678892	0	43.157.98.187
5	0	0	0	244	0	0	29751334	0	0	29750910	0	172.202.26.222
5	2	1	0	4	29750333	0	29710807	29750333	0	29692573	55682	20.191.45.212
5	1	0	1	103	29768844	29768844	29769206	29768844	29768844	29768844	971	20.9.85.55
5	0	0	1	0	0	29720109	0	0	29720109	0	0	192.36.70.176
5	0	0	0	1	0	0	29678780	0	0	29678780	0	43.165.198.5
5	0	0	1	1	0	29713169	29713169	0	29713169	29713169	0	134.122.204.28
5	0	0	0	1	0	0	29677359	0	0	29677359	0	43.161.234.148
5	4	2	149	51	29675097	29675100	29675099	29675094	29675090	29675091	0	20.220.185.243
5	0	0	2	0	0	29726509	0	0	29726509	0	0	185.129.232.30
5	2	2	0	1	29766419	0	29736713	29757729	0	29736713	13684	192.71.142.150
5	5	1	0	3	29753200	0	29753200	29753200	0	29753200	97250	37.156.154.152
5	0	0	160	0	0	29689595	0	0	29689585	0	0	134.149.58.221
5	0	0	0	1	0	0	29704168	0	0	29704168	0	192.71.142.146
5	0	0	3	0	0	29677809	0	0	29674254	0	0	85.137.48.10
5	1	0	0	0	29767849	0	0	29767849	0	0	15112	43.155.140.157
5	2	2	0	0	29757458	0	0	29750044	0	0	13771	65.20.73.121
5	0	0	1	0	0	29691979	0	0	29691979	0	0	45.3.49.18
5	1	0	0	0	29691979	0	0	29691979	0	0	377	45.3.49.17
5	0	0	0	1	0	0	29685483	0	0	29685483	0	162.55.23.51
5	1	0	0	0	29775369	0	0	29775369	0	0	5580	201.223.202.166
5	0	0	3	0	0	29679930	0	0	29676583	0	0	158.94.211.220
5	0	0	0	2	0	0	29693361	0	0	29693361	0	69.167.32.194
5	0	0	0	1	0	0	29673767	0	0	29673767	0	199.45.155.72
5	0	0	0	1	0	0	29765294	0	0	29765294	0	176.223.24.22
5	0	0	0	1	0	0	29676446	0	0	29676446	0	43.130.78.203
5	1	0	0	0	29766785	0	0	29766785	0	0	5165	164.163.250.36
5	0	0	0	1	0	0	29702381	0	0	29702381	0	156.146.45.201
5	0	0	2	0	0	29718240	0	0	29718239	0	0	217.217.247.252
5	0	0	0	2	0	0	29680758	0	0	29680758	0	188.166.22.16
5	1	0	0	0	29775009	0	0	29775009	0	0	4440	1.39.180.27
5	1	0	0	0	29775401	0	0	29775401	0	0	4446	2a01:f2c4:a4fb:f9e5:e5af:df7c:3d7d:7fd9
5	4	1	143	21	29697225	29697226	29697225	29697214	29697213	29697214	0	20.104.75.74
5	0	0	0	109	0	0	29745196	0	0	29745195	0	74.249.245.134
5	0	0	0	1	0	0	29678218	0	0	29678218	0	185.220.101.98
5	1	0	0	0	29775290	0	0	29775290	0	0	4454	152.203.79.195
5	0	0	0	1	0	0	29678364	0	0	29678364	0	43.157.38.131
5	0	0	0	2	0	0	29738832	0	0	29738832	0	165.227.47.36
5	0	0	0	1	0	0	29683353	0	0	29683353	0	77.232.41.223
5	0	0	0	1	0	0	29685484	0	0	29685484	0	69.91.163.123
5	0	0	1	0	0	29677083	0	0	29677083	0	0	66.249.66.197
5	0	0	1	0	0	29685144	0	0	29685144	0	0	66.249.66.196
5	0	0	0	1	0	0	29769151	0	0	29769151	0	93.158.109.55
5	0	0	4	0	0	29678585	0	0	29678585	0	0	103.77.107.57
5	0	0	2	0	0	29694029	0	0	29694029	0	0	37.98.36.190
5	1	0	0	0	29775134	0	0	29775134	0	0	5564	49.228.118.181
5	0	0	1	0	0	29677185	0	0	29677185	0	0	66.249.66.194
5	0	0	2	0	0	29678348	0	0	29675132	0	0	66.249.66.193
5	0	0	0	2	0	0	29693890	0	0	29693890	0	164.90.183.57
5	1	0	0	0	29754704	0	0	29754704	0	0	130	173.252.82.38
5	0	0	0	3	0	0	29684670	0	0	29674711	0	49.234.192.248
5	1	0	0	0	29775353	0	0	29775353	0	0	5549	93.215.206.56
5	1	1	0	0	29758844	0	0	29758844	0	0	6937	196.250.210.32
5	0	0	0	1	0	0	29691807	0	0	29691807	0	5.231.64.8
5	0	0	0	2	0	0	29679158	0	0	29677540	0	43.133.220.37
5	0	0	0	1	0	0	29676727	0	0	29676727	0	192.36.109.131
5	1	1	0	0	29748435	0	0	29748435	0	0	5601	192.36.109.129
5	0	0	1	1	0	29681240	29726027	0	29681240	29726027	0	192.36.109.128
5	0	0	0	1	0	0	29676403	0	0	29676403	0	43.156.71.177
5	19	2	0	0	29770109	0	0	29770109	0	0	458487	205.169.39.105
5	0	0	0	1	0	0	29675274	0	0	29675274	0	43.162.109.249
5	8	0	0	114	29746265	0	29746265	29746264	0	29746264	44703	20.104.96.117
5	0	0	1	1	0	29674485	29674485	0	29674485	29674485	0	51.68.107.154
5	0	0	1	0	0	29735040	0	0	29735040	0	0	199.247.30.28
5	0	0	131	0	0	29701601	0	0	29701590	0	0	20.151.217.82
5	0	0	0	1	0	0	29673978	0	0	29673978	0	107.189.8.16
5	0	0	0	1	0	0	29675849	0	0	29675849	0	43.130.57.46
5	0	0	0	1	0	0	29676896	0	0	29676896	0	45.154.138.46
5	0	0	1	1	0	29738868	29720520	0	29738868	29720520	0	192.36.109.117
5	0	0	37	0	0	29692498	0	0	29692495	0	0	20.151.5.99
5	1	0	0	0	29772963	0	0	29772963	0	0	26272	17.241.219.202
5	0	0	109	0	0	29678095	0	0	29678084	0	0	20.197.238.250
5	0	0	0	2	0	0	29674855	0	0	29674855	0	80.94.95.173
5	0	0	0	1	0	0	29678265	0	0	29678265	0	43.152.72.247
5	0	0	0	1	0	0	29705032	0	0	29705032	0	54.38.210.253
5	0	0	0	1	0	0	29690802	0	0	29690802	0	135.235.197.113
5	0	0	0	1	0	0	29674390	0	0	29674390	0	43.157.191.20
5	0	0	3	0	0	29674692	0	0	29674692	0	0	194.110.207.62
5	0	0	0	1	0	0	29741884	0	0	29741884	0	43.161.217.205
5	1	0	0	0	29774987	0	0	29774987	0	0	5197	49.145.12.85
5	0	0	2	0	0	29686850	0	0	29682371	0	0	66.249.66.160
5	0	0	0	1	0	0	29681240	0	0	29681240	0	192.36.109.105
5	0	0	1	0	0	29683379	0	0	29683379	0	0	66.249.66.66
5	1	0	0	0	29775266	0	0	29775266	0	0	5532	2a01:cb20:41a3:7000:3018:164a:e6cb:6ff9
5	0	0	0	1	0	0	29675745	0	0	29675745	0	129.226.174.80
5	0	0	1	0	0	29673701	0	0	29673701	0	0	66.249.66.65
5	0	0	0	1	0	0	29676896	0	0	29676896	0	45.154.138.30
5	0	0	0	1	0	0	29697151	0	0	29697151	0	93.114.192.165
5	1	0	0	0	29775149	0	0	29775149	0	0	5583	2a12:f541:27fa:345b:467d:71bb:f5f1:934f
5	3	3	0	2	29771433	0	29740326	29756591	0	29688435	20621	1.15.52.154
5	0	0	3	0	0	29724324	0	0	29674766	0	0	104.210.140.143
5	0	0	0	1	0	0	29721131	0	0	29721131	0	3.110.84.146
5	0	0	3	0	0	29740048	0	0	29678426	0	0	104.210.140.142
5	0	0	1	0	0	29713249	0	0	29713249	0	0	104.210.140.141
5	1	0	0	0	29775396	0	0	29775396	0	0	5172	2806:106e:26:2a26:d517:3f6a:9ecb:4977
5	0	0	1	0	0	29734392	0	0	29734392	0	0	104.210.140.139
5	0	0	2	0	0	29718111	0	0	29708272	0	0	104.210.140.140
5	0	0	2	0	0	29695590	0	0	29689456	0	0	104.210.140.138
5	1	0	0	0	29775400	0	0	29775400	0	0	4447	2a12:f540:356:f1b2:8d50:6a84:7ae7:102c
5	1	0	7	0	29714494	29721859	0	29714494	29675992	0	0	104.210.140.137
5	0	0	2	0	0	29710775	0	0	29696770	0	0	104.210.140.136
5	3	1	141	18	29691147	29691148	29691148	29691144	29691139	29691141	0	20.220.150.55
5	0	0	1	0	0	29700144	0	0	29700144	0	0	141.138.211.251
5	0	0	3	0	0	29705483	0	0	29700399	0	0	104.210.140.135
5	2	0	0	0	29766174	0	0	29765746	0	0	30335	66.249.74.69
5	0	0	2	0	0	29726799	0	0	29704235	0	0	104.210.140.134
5	4	2	0	0	29765751	0	0	29765743	0	0	38656	66.249.74.68
5	0	0	2	0	0	29720626	0	0	29709514	0	0	104.210.140.133
5	1	1	0	0	29772951	0	0	29772951	0	0	6747	34.182.5.103
5	4	1	0	1	29765751	0	29765751	29765743	0	29765751	64210	66.249.74.67
5	0	0	4	0	0	29735820	0	0	29679676	0	0	104.210.140.131
5	0	0	2	0	0	29737250	0	0	29707074	0	0	104.210.140.129
5	1	0	0	0	29770464	0	0	29770464	0	0	12248	66.249.74.65
5	0	0	5	0	0	29738664	0	0	29698024	0	0	104.210.140.130
5	0	0	1	0	0	29674227	0	0	29674227	0	0	66.249.66.45
5	1	0	1	0	29714493	29693105	0	29714493	29693105	0	0	104.210.140.128
5	0	0	0	1	0	0	29726692	0	0	29726692	0	49.37.220.85
5	0	0	2	0	0	29733985	0	0	29733000	0	0	104.156.225.167
5	3	1	0	0	29770464	0	0	29770464	0	0	33149	66.249.74.64
5	1	0	0	2	29750615	0	29683380	29750615	0	29674228	9383	66.249.66.44
5	0	0	2	2	0	29686342	29687013	0	29680378	29677188	0	66.249.66.43
5	0	0	0	2	0	0	29687334	0	0	29680379	0	66.249.66.42
5	1	0	0	0	29675005	0	0	29675005	0	0	7990	68.183.182.223
5	0	0	0	1	0	0	29697151	0	0	29697151	0	93.114.192.139
5	1	0	0	0	29775401	0	0	29775401	0	0	4432	182.10.225.137
5	0	0	0	1	0	0	29677084	0	0	29677084	0	66.249.66.36
5	0	0	0	2	0	0	29683045	0	0	29683045	0	67.207.95.83
5	1	0	0	0	29775401	0	0	29775401	0	0	5215	187.62.87.149
5	0	0	0	2	0	0	29693828	0	0	29693699	0	15.204.183.221
5	0	0	3	1	0	29714318	29714318	0	29714318	29714318	0	20.89.226.70
5	0	0	1	0	0	29676648	0	0	29676648	0	0	66.249.66.32
5	1	0	0	0	29694173	0	0	29694173	0	0	87	23.178.112.108
5	0	0	0	1	0	0	29694599	0	0	29694599	0	47.87.130.39
5	1	0	0	0	29775384	0	0	29775384	0	0	5580	14.173.193.40
5	1	0	0	0	29775236	0	0	29775236	0	0	6444	2a12:f540:5fe5:c76b:6cfe:83f9:cc21:e6f0
5	0	0	0	6	0	0	29679550	0	0	29676684	0	87.117.53.16
5	1	0	0	0	29694173	0	0	29694173	0	0	87	23.178.112.105
5	0	0	0	2	0	0	29677871	0	0	29677871	0	91.224.92.190
5	2	2	0	4	29755610	0	29764971	29754642	0	29683424	13874	152.136.23.159
5	0	0	1	0	0	29716339	0	0	29716339	0	0	151.158.198.61
5	0	0	0	1	0	0	29720489	0	0	29720489	0	35.94.40.147
5	1	0	0	0	29694173	0	0	29694173	0	0	87	23.178.112.103
5	4	4	56	41	29679068	29679068	29679068	29679064	29679063	29679063	2	138.199.19.191
5	0	0	0	2	0	0	29754697	0	0	29754673	0	172.202.62.14
5	0	0	0	2	0	0	29715762	0	0	29715762	0	46.101.62.94
5	0	0	37	0	0	29693958	0	0	29693954	0	0	20.63.33.52
5	1	0	0	0	29774931	0	0	29774931	0	0	4346	2a11:c45:aff4:c43c:bd01:811c:4e3f:a921
5	0	0	0	2	0	0	29677725	0	0	29674434	0	43.165.198.144
5	0	0	0	1	0	0	29677847	0	0	29677847	0	43.165.127.225
5	0	0	0	1	0	0	29719379	0	0	29719379	0	152.232.118.120
5	0	0	1	0	0	29691979	0	0	29691979	0	0	45.3.49.182
5	0	0	0	2	0	0	29673624	0	0	29673624	0	188.114.35.246
5	0	0	0	2	0	0	29701375	0	0	29701375	0	143.198.122.93
5	1	0	0	0	29691979	0	0	29691979	0	0	377	45.3.49.178
5	0	0	4	0	0	29676033	0	0	29676033	0	0	37.220.132.13
5	0	0	0	2	0	0	29673776	0	0	29673776	0	195.200.18.14
5	1	0	0	0	29759223	0	0	29759223	0	0	4414	124.156.225.181
5	0	0	1	0	0	29691979	0	0	29691979	0	0	45.3.49.174
5	0	0	1	0	0	29691979	0	0	29691979	0	0	45.3.49.173
5	0	0	1	0	0	29691979	0	0	29691979	0	0	45.3.49.172
5	1	1	0	5	29760807	0	29725971	29760807	0	29680148	6937	82.156.34.74
5	0	0	0	2	0	0	29680359	0	0	29677582	0	43.156.228.27
5	0	0	1	0	0	29691979	0	0	29691979	0	0	45.3.49.168
5	4	1	143	21	29698872	29698872	29698872	29698860	29698859	29698860	0	52.242.128.238
5	2	1	0	0	29750330	0	0	29750330	0	0	55682	68.183.211.17
5	2	1	0	2	29745890	0	29743064	29745890	0	29743064	54346	157.245.65.19
5	0	0	1	0	0	29691979	0	0	29691979	0	0	45.3.49.165
5	0	0	2	0	0	29689481	0	0	29687501	0	0	45.32.175.216
5	1	0	0	0	29775399	0	0	29775399	0	0	5157	2a13:f41:d0b6:a12e:b86e:6bb7:a874:26d2
5	0	0	0	1	0	0	29773273	0	0	29773273	0	47.254.46.30
5	1	0	0	0	29775166	0	0	29775166	0	0	5605	179.13.83.200
5	0	0	0	1	0	0	29680257	0	0	29680257	0	43.164.129.191
5	0	0	0	1	0	0	29673710	0	0	29673710	0	62.238.23.5
5	0	0	0	1	0	0	29770070	0	0	29770070	0	88.80.24.18
5	1	0	0	0	29767271	0	0	29767271	0	0	5247	165.16.7.84
5	1	0	0	0	29775402	0	0	29775402	0	0	4412	2a13:f41:f346:1ab1:3839:a54d:a679:f436
5	1	0	0	0	29769629	0	0	29769629	0	0	7311	177.37.88.4
5	1	0	0	0	29751703	0	0	29751703	0	0	130	17.246.19.86
5	0	0	2	0	0	29712871	0	0	29712839	0	0	20.205.202.230
5	1	0	0	0	29775045	0	0	29775045	0	0	6909	2a02:6ea0:5601:6307::13
5	1	1	0	0	29752190	0	0	29752190	0	0	6937	44.197.180.247
5	1	1	0	0	29754730	0	0	29754730	0	0	33115	121.43.168.130
5	0	0	0	1	0	0	29680090	0	0	29680090	0	62.60.130.182
5	1073	0	0	0	29741803	0	0	29673680	0	0	1382	185.94.99.249
5	0	0	0	1	0	0	29680000	0	0	29680000	0	208.84.100.38
5	0	0	0	1	0	0	29674476	0	0	29674476	0	43.154.250.181
5	0	0	0	2	0	0	29721743	0	0	29721743	0	141.95.217.219
5	3	1	0	0	29747642	0	0	29747642	0	0	107301	106.75.129.102
5	1	1	0	0	29760114	0	0	29760114	0	0	6937	45.74.3.199
5	1	0	0	0	29775329	0	0	29775329	0	0	4445	2a12:da86:c74:6d2c:2137:3f6f:ba0b:d624
5	0	0	0	1	0	0	29713169	0	0	29713169	0	134.122.204.122
5	3	3	0	1	29771744	0	29713690	29760510	0	29713690	20621	192.144.148.122
5	1	1	0	0	29775284	0	0	29775284	0	0	6714	168.194.167.224
5	2	1	0	0	29761718	0	0	29761718	0	0	55682	64.23.232.166
5	0	0	0	1	0	0	29673765	0	0	29673765	0	66.132.195.109
5	1	0	0	0	29770344	0	0	29770344	0	0	4463	223.187.129.139
5	1	0	0	0	29775411	0	0	29775411	0	0	5611	109.95.36.202
5	1	1	0	0	29765585	0	0	29765585	0	0	6788	34.224.89.192
5	1	1	0	0	29751408	0	0	29751408	0	0	6196	212.34.154.131
5	0	0	0	1	0	0	29679787	0	0	29679787	0	43.166.247.82
5	4	4	0	7	29775223	0	29739037	29747301	0	29673681	26032	1.12.70.96
5	1	0	0	0	29753402	0	0	29753402	0	0	130	69.171.230.5
5	1	0	0	0	29775140	0	0	29775140	0	0	5738	186.189.71.157
5	0	0	0	1	0	0	29678114	0	0	29678114	0	209.141.59.132
5	0	0	1	0	0	29691978	0	0	29691978	0	0	45.3.49.115
5	0	0	0	269	0	0	29755803	0	0	29752903	0	52.165.196.84
5	1	0	0	0	29775362	0	0	29775362	0	0	5183	126.209.88.135
5	0	0	0	2	0	0	29733040	0	0	29733040	0	198.44.139.167
5	1	0	0	0	29775396	0	0	29775396	0	0	4435	179.24.241.41
5	0	0	0	2	0	0	29674666	0	0	29674666	0	109.247.226.190
5	2	2	0	5	29767975	0	29714323	29749109	0	29676454	12686	178.105.183.10
5	1	0	0	0	29775273	0	0	29775273	0	0	5587	76.180.236.27
5	1	0	0	0	29767984	0	0	29767984	0	0	5190	47.29.238.186
5	1	1	0	0	29759020	0	0	29759020	0	0	6937	98.87.102.177
5	1	0	0	0	29775127	0	0	29775127	0	0	5571	102.205.52.0
5	0	0	0	1	0	0	29679348	0	0	29679348	0	43.157.46.118
5	3	1	141	18	29675264	29675265	29675264	29675258	29675252	29675255	0	52.230.183.149
5	0	0	0	1	0	0	29678576	0	0	29678576	0	129.204.188.64
5	1	1	0	0	29767851	0	0	29767851	0	0	6747	49.51.245.241
5	0	0	0	1	0	0	29676069	0	0	29676069	0	43.157.22.57
5	1	0	0	0	29775396	0	0	29775396	0	0	5161	216.247.14.125
5	0	0	0	1	0	0	29674247	0	0	29674247	0	43.166.250.187
5	0	0	0	1	0	0	29725315	0	0	29725315	0	54.145.80.223
5	4	4	0	5	29767249	0	29739339	29747938	0	29678435	26032	119.45.7.86
5	0	0	0	2	0	0	29699000	0	0	29699000	0	37.19.210.80
5	1	1	0	0	29745368	0	0	29745368	0	0	27910	213.195.38.248
5	0	0	0	1	0	0	29679707	0	0	29679707	0	43.164.190.124
5	0	0	1	0	0	29682671	0	0	29682671	0	0	185.8.106.94
5	0	0	1	0	0	29720996	0	0	29720996	0	0	185.8.106.93
5	0	0	1	0	0	29673815	0	0	29673815	0	0	172.212.196.233
5	0	0	0	2	0	0	29673989	0	0	29673989	0	167.71.237.122
5	0	0	3	1	0	29696756	29696593	0	29692394	29696593	0	66.249.79.129
5	0	0	1	0	0	29693789	0	0	29693789	0	0	66.249.79.130
5	1	1	0	0	29759182	0	0	29759182	0	0	6937	110.42.208.131
5	0	0	1	0	0	29740215	0	0	29740215	0	0	4.235.96.243
5	0	0	2	0	0	29696592	0	0	29688276	0	0	66.249.79.128
5	0	0	5	0	0	29712434	0	0	29712434	0	0	5.217.109.104
5	0	0	0	1	0	0	29680303	0	0	29680303	0	170.106.167.214
5	0	0	0	1	0	0	29675418	0	0	29675418	0	122.51.236.174
5	0	0	2	0	0	29689004	0	0	29688418	0	0	66.135.6.42
5	0	0	0	1	0	0	29678538	0	0	29678538	0	43.134.33.236
5	0	0	0	4	0	0	29722271	0	0	29722271	0	167.172.20.148
5	1	0	0	0	29775339	0	0	29775339	0	0	4439	2a11:c41:9efa:4638:d8d0:8036:c3b3:ddc4
5	0	0	0	3	0	0	29722341	0	0	29708452	0	146.56.197.150
5	0	0	0	2	0	0	29696736	0	0	29696736	0	164.92.152.76
5	0	0	2	0	0	29696328	0	0	29696328	0	0	213.195.38.227
5	1	1	0	6	29749539	0	29741231	29749539	0	29676846	5939	82.156.88.97
5	0	0	0	1	0	0	29765294	0	0	29765294	0	190.103.150.200
5	1	1	0	0	29767867	0	0	29767867	0	0	6747	16.146.80.137
5	0	0	0	1	0	0	29677009	0	0	29677009	0	43.153.135.208
5	0	0	0	1	0	0	29679104	0	0	29679104	0	43.130.39.254
5	0	0	0	1	0	0	29765473	0	0	29765473	0	106.192.30.202
5	1	0	0	0	29775202	0	0	29775202	0	0	4447	2804:d3c:19f:8f00:489d:a825:362b:216f
5	0	0	1	0	0	29707395	0	0	29707395	0	0	17.241.227.32
5	1	1	0	6	29746013	0	29746013	29746013	0	29746003	5601	20.97.227.207
5	0	0	0	1	0	0	29678069	0	0	29678069	0	43.159.144.16
5	0	0	1	1	0	29675462	29675462	0	29675462	29675462	0	51.68.236.59
5	2	1	0	0	29753222	0	0	29753222	0	0	55682	64.227.175.172
5	1	0	0	0	29769641	0	0	29769641	0	0	4442	223.185.55.93
5	0	0	1	0	0	29679527	0	0	29679527	0	0	172.203.190.136
5	1	0	0	0	29775258	0	0	29775258	0	0	4447	2a01:f2c0:f127:68b2:14fd:ca44:6a50:da4e
5	0	0	0	3	0	0	29768241	0	0	29761343	0	68.168.20.83
5	8	8	0	6	29769562	0	29735722	29745358	0	29677523	51688	123.207.65.62
5	0	0	1	0	0	29677710	0	0	29677710	0	0	172.203.190.135
5	0	0	2	0	0	29681894	0	0	29673874	0	0	172.203.190.131
5	2	1	0	0	29756128	0	0	29756128	0	0	55682	159.203.161.136
5	1	1	0	2	29773311	0	29773311	29773311	0	29773311	6714	91.193.232.88
5	1	0	0	0	29775391	0	0	29775391	0	0	4446	181.91.86.209
5	0	0	1	0	0	29675793	0	0	29675793	0	0	172.203.190.129
5	1	0	0	0	29775361	0	0	29775361	0	0	4420	2a12:da83:a3e9:2a1e:1020:9761:6b8e:a113
5	0	0	0	1	0	0	29674607	0	0	29674607	0	43.157.156.190
5	1	0	0	0	29767221	0	0	29767221	0	0	5560	109.177.27.215
5	0	0	0	1	0	0	29676101	0	0	29676101	0	43.153.96.233
5	0	0	2	2	0	29676840	29676841	0	29673793	29673793	0	66.249.68.167
5	0	0	0	2	0	0	29721963	0	0	29721963	0	98.81.2.172
5	0	0	0	1	0	0	29679862	0	0	29679862	0	3.15.216.38
5	0	0	0	204	0	0	29761779	0	0	29760565	0	20.220.203.117
5	1	1	0	0	29758215	0	0	29758215	0	0	6937	185.12.248.5
5	0	0	1	1	0	29679796	29679801	0	29679796	29679801	0	66.249.68.164
5	1	0	0	0	29775401	0	0	29775401	0	0	5200	2a11:c40:d347:380:ebd2:abed:263a:4508
5	0	0	4	1	0	29695188	29695188	0	29695188	29695188	0	5.215.71.150
5	0	0	1	0	0	29682740	0	0	29682740	0	0	66.249.68.163
5	0	0	0	1	0	0	29677767	0	0	29677767	0	43.159.152.184
5	0	0	3	0	0	29717946	0	0	29717946	0	0	216.128.155.111
5	0	0	0	1	0	0	29682741	0	0	29682741	0	66.249.68.162
5	1	0	0	0	29766495	0	0	29766495	0	0	5751	14.169.236.5
5	0	0	3	0	0	29718525	0	0	29718524	0	0	159.195.13.46
5	0	0	0	1	0	0	29675263	0	0	29675263	0	43.134.178.104
5	1	1	0	0	29772603	0	0	29772603	0	0	6714	98.80.184.67
5	2	1	0	0	29764691	0	0	29764691	0	0	55682	138.197.150.106
5	1	0	0	0	29775395	0	0	29775395	0	0	4434	93.182.107.20
5	0	0	0	6	0	0	29772018	0	0	29772018	0	2400:8901::2000:1bff:fead:aa1c
5	0	0	0	1	0	0	29676760	0	0	29676760	0	43.156.204.134
5	0	0	0	1	0	0	29700144	0	0	29700144	0	185.12.150.17
5	0	0	0	2	0	0	29678925	0	0	29678523	0	43.166.1.243
5	0	0	0	2	0	0	29721194	0	0	29721194	0	46.224.210.134
5	0	0	0	1	0	0	29677011	0	0	29677011	0	43.165.7.74
5	0	0	0	1	0	0	29698021	0	0	29698021	0	147.182.134.33
5	1	0	0	0	29775375	0	0	29775375	0	0	5780	157.48.132.49
5	2	2	0	3	29750222	0	29733396	29746612	0	29694745	12445	139.155.126.16
5	0	0	0	1	0	0	29678796	0	0	29678796	0	43.131.26.226
5	0	0	0	1	0	0	29674605	0	0	29674605	0	43.164.196.47
5	1	0	0	0	29770544	0	0	29770544	0	0	3797	142.116.38.136
5	0	0	0	1	0	0	29742573	0	0	29742573	0	98.93.115.132
5	1	0	0	0	29775391	0	0	29775391	0	0	4446	168.205.154.9
5	0	0	0	1	0	0	29677099	0	0	29677099	0	43.130.141.193
5	0	0	0	2	0	0	29682771	0	0	29682771	0	64.23.239.193
5	0	0	0	1	0	0	29681183	0	0	29681183	0	83.99.206.67
5	1	1	0	2	29752697	0	29686110	29752697	0	29674904	6937	139.155.134.17
5	0	0	0	1	0	0	29738026	0	0	29738026	0	124.236.100.113
5	1	0	0	0	29775396	0	0	29775396	0	0	6627	2804:8db4:8004:e226:958b:7299:b79c:c4fc
5	0	0	0	1	0	0	29694233	0	0	29694233	0	91.231.89.33
5	0	0	1	0	0	29723274	0	0	29723274	0	0	20.205.236.11
5	0	0	0	1	0	0	29688113	0	0	29688113	0	91.98.178.78
5	1	1	0	0	29770680	0	0	29770680	0	0	6747	147.224.249.133
5	1	0	0	0	29775383	0	0	29775383	0	0	4430	113.180.14.244
5	0	0	0	1	0	0	29675125	0	0	29675125	0	43.153.205.132
5	0	0	13	2	0	29676743	29676742	0	29676742	29676742	0	85.121.127.99
5	0	0	0	1	0	0	29676480	0	0	29676480	0	43.140.37.167
5	0	0	0	1	0	0	29696236	0	0	29696236	0	37.187.137.193
5	2	0	217	11	29719596	29719612	29719611	29719596	29719592	29719593	0	172.173.65.1
5	1	0	0	0	29775402	0	0	29775402	0	0	4426	152.59.8.28
5	1	0	0	0	29775402	0	0	29775402	0	0	4440	189.203.98.169
5	0	0	0	1	0	0	29678487	0	0	29678487	0	43.167.232.38
5	4	4	56	41	29674103	29674103	29674103	29674099	29674099	29674099	2	146.70.178.244
5	1	0	0	0	29769237	0	0	29769237	0	0	5707	102.206.114.163
5	0	0	4	1	0	29678530	29678530	0	29678530	29678530	0	128.90.145.5
5	0	0	0	1	0	0	29693452	0	0	29693452	0	43.132.150.96
5	0	0	26	2	0	29676094	29676094	0	29676094	29676094	0	85.121.127.87
5	1	0	0	0	29775398	0	0	29775398	0	0	5164	143.137.34.229
5	0	0	1	0	0	29708773	0	0	29708773	0	0	113.89.161.34
5	1	1	0	0	29761601	0	0	29761601	0	0	6937	54.211.2.94
5	0	0	0	1	0	0	29720109	0	0	29720109	0	192.71.36.158
5	0	0	0	1	0	0	29680798	0	0	29680798	0	192.71.12.112
5	0	0	0	163	0	0	29744884	0	0	29744883	0	20.151.10.161
5	1	1	0	3	29751428	0	29741565	29751428	0	29687627	6937	129.211.172.249
5	1	0	0	0	29754667	0	0	29754667	0	0	98644	40.77.179.157
5	1	0	0	0	29775394	0	0	29775394	0	0	5167	45.234.86.213
5	1	1	0	9	29749492	0	29749492	29749492	0	29749492	5939	20.9.44.210
5	0	0	1	2	0	29737402	29737402	0	29737402	29737402	0	89.92.240.155
5	1	0	0	0	29775339	0	0	29775339	0	0	5160	2a10:7b00:7a1e:456b:e624:48c9:9885:5b06
5	1	0	0	0	29770856	0	0	29770856	0	0	4437	2a11:c45:31c:d424:6bee:56e2:837:3b52
5	1	0	0	0	29775400	0	0	29775400	0	0	5561	197.202.92.80
5	1	0	0	0	29775220	0	0	29775220	0	0	5572	189.85.118.23
5	1	0	0	0	29767210	0	0	29767210	0	0	5202	87.116.165.153
5	1	0	0	0	29775038	0	0	29775038	0	0	5210	104.220.80.28
5	0	0	0	2	0	0	29699629	0	0	29699629	0	178.128.145.212
5	0	0	0	1	0	0	29726692	0	0	29726692	0	102.203.145.176
5	1	1	0	0	29755948	0	0	29755948	0	0	6937	41.111.64.30
5	2	1	0	0	29774602	0	0	29774602	0	0	55492	64.225.19.141
5	1	1	0	10	29746956	0	29741855	29746956	0	29688790	5601	175.27.163.171
5	0	0	0	2	0	0	29677997	0	0	29677997	0	158.173.3.173
5	0	0	0	1	0	0	29691894	0	0	29691894	0	174.138.52.103
5	0	0	2	0	0	29715800	0	0	29715771	0	0	20.205.37.240
5	1	0	0	0	29770545	0	0	29770545	0	0	4439	2a12:f546:3058:8287:aa9b:bde:4636:cadf
5	1	0	0	0	29769642	0	0	29769642	0	0	5556	45.175.54.175
5	0	0	0	1	0	0	29676016	0	0	29676016	0	43.159.135.203
5	0	0	0	1	0	0	29743296	0	0	29743296	0	80.85.245.37
5	0	0	0	1	0	0	29723998	0	0	29723998	0	52.201.248.2
5	0	0	0	1	0	0	29674876	0	0	29674876	0	54.237.54.174
5	0	0	0	1	0	0	29741423	0	0	29741423	0	65.110.40.43
5	0	0	1	0	0	29741803	0	0	29741803	0	0	185.231.101.88
5	0	0	0	1	0	0	29673757	0	0	29673757	0	43.135.183.82
5	0	0	0	2	0	0	29675414	0	0	29675414	0	165.227.79.66
5	0	0	0	2	0	0	29689896	0	0	29689896	0	134.209.208.47
5	0	0	0	1	0	0	29677526	0	0	29677526	0	43.156.34.42
5	1	0	0	0	29770741	0	0	29770741	0	0	4435	2803:9800:9992:584a:bde3:1f93:90e3:109b
5	2	0	134	0	29678343	29678352	0	29678343	29678341	0	220	20.220.200.248
5	0	0	1	0	0	29722434	0	0	29722434	0	0	47.128.26.96
5	0	0	0	1	0	0	29678690	0	0	29678690	0	49.51.253.26
5	1	0	1	0	29749719	29725349	0	29749719	29725349	0	130	47.128.26.95
5	0	0	0	1	0	0	29743291	0	0	29743291	0	37.181.204.252
5	0	0	0	1	0	0	29680063	0	0	29680063	0	43.153.79.218
5	0	0	0	1	0	0	29738868	0	0	29738868	0	192.36.109.99
5	0	0	0	1	0	0	29675845	0	0	29675845	0	43.161.233.190
5	1	0	0	0	29775281	0	0	29775281	0	0	4428	103.99.180.9
5	0	0	0	1	0	0	29676936	0	0	29676936	0	192.36.109.98
5	0	0	1	0	0	29691275	0	0	29691275	0	0	20.9.67.71
5	1	0	1	0	29760971	29680581	0	29760971	29680581	0	130	47.128.26.90
5	1	0	0	0	29775399	0	0	29775399	0	0	5532	2a10:7b00:8ded:d3b4:ca38:e0c3:eb44:fa81
5	0	0	0	1	0	0	29697972	0	0	29697972	0	192.36.109.94
5	0	0	0	2	0	0	29736520	0	0	29736520	0	167.88.164.154
5	1	1	0	0	29771539	0	0	29771539	0	0	0	49.238.63.114
5	1	1	0	0	29769151	0	0	29769151	0	0	6747	93.158.118.210
5	1	0	0	0	29775392	0	0	29775392	0	0	4426	143.105.39.22
5	0	0	0	1	0	0	29676572	0	0	29676572	0	167.94.146.62
5	0	0	0	2	0	0	29678105	0	0	29673773	0	167.94.146.60
5	1	0	0	0	29769869	0	0	29769869	0	0	7110163	190.173.129.101
5	1	1	0	0	29753972	0	0	29753972	0	0	6937	192.36.109.84
5	0	0	0	1	0	0	29715108	0	0	29715108	0	192.36.109.82
5	0	0	0	1	0	0	29714669	0	0	29714669	0	13.216.227.78
5	1	1	0	0	29753277	0	0	29753277	0	0	6937	192.36.109.78
5	2	1	76	26	29675099	29675099	29675099	29675098	29675091	29675098	0	132.196.26.232
5	0	0	2	2	0	29699470	29699471	0	29695837	29695837	0	65.109.55.42
5	1	0	0	0	29762557	0	0	29762557	0	0	130	113.88.76.79
5	0	0	0	1	0	0	29748235	0	0	29748235	0	64.225.77.88
5	1	1	0	0	29769248	0	0	29769248	0	0	6747	1.13.158.23
5	0	0	0	1	0	0	29677888	0	0	29677888	0	124.221.163.189
5	2	1	0	0	29769971	0	0	29769971	0	0	55492	165.22.196.185
5	0	0	0	1	0	0	29674814	0	0	29674814	0	43.157.50.58
5	1	0	0	0	29775364	0	0	29775364	0	0	4449	2a12:f541:2ae8:55fa:6d0e:a7e6:fd92:da77
5	1	0	0	0	29775394	0	0	29775394	0	0	4463	109.201.59.72
5	1	0	0	0	29775373	0	0	29775373	0	0	4444	2a12:da86:22a0:c8a2:c0c4:51fc:a668:ef64
5	0	0	0	48	0	0	29744747	0	0	29744747	0	132.196.58.17
5	0	0	0	2	0	0	29744565	0	0	29744565	0	137.184.33.203
5	0	0	0	1	0	0	29743782	0	0	29743782	0	185.100.87.166
5	2	2	0	0	29770960	0	0	29770960	0	0	0	2a09:bac0:1000:c48::21e:c2
5	1	0	0	0	29774984	0	0	29774984	0	0	6915	167.62.252.144
5	0	0	0	1	0	0	29674290	0	0	29674290	0	170.106.15.3
5	1	0	0	0	29775390	0	0	29775390	0	0	5743	173.49.54.222
5	0	0	0	2	0	0	29676579	0	0	29673895	0	43.134.114.37
5	1	0	0	0	29773002	0	0	29773002	0	0	130	183.61.117.245
5	0	0	0	1	0	0	29742191	0	0	29742191	0	192.71.3.222
5	0	0	0	1	0	0	29679315	0	0	29679315	0	43.130.102.7
5	0	0	0	1	0	0	29774905	0	0	29774905	0	185.185.49.155
5	0	0	0	2	0	0	29742104	0	0	29742104	0	54.166.229.100
5	4	1	1	0	29749682	29749682	0	29749682	29749682	0	24437	59.89.98.116
5	0	0	0	1	0	0	29698702	0	0	29698702	0	67.171.143.1
5	0	0	2	0	0	29688445	0	0	29687081	0	0	144.202.35.98
5	3	3	0	8	29767884	0	29742158	29759491	0	29676696	20429	146.56.199.139
5	0	0	1	0	0	29675875	0	0	29675875	0	0	77.68.83.86
5	1	0	0	0	29767162	0	0	29767162	0	0	15121	216.247.90.234
5	0	0	0	1	0	0	29674768	0	0	29674768	0	43.135.148.92
5	0	0	48	0	0	29708414	0	0	29708410	0	0	4.210.68.162
5	1	1	0	4	29762403	0	29725293	29762403	0	29674193	6937	162.14.81.106
5	4	1	142	21	29703326	29703326	29703326	29703315	29703314	29703315	0	20.104.203.253
5	0	0	1	0	0	29715753	0	0	29715753	0	0	20.78.132.202
5	1	0	0	0	29770545	0	0	29770545	0	0	5683	14.192.158.31
5	0	0	1	1	0	29700907	29700907	0	29700907	29700907	0	72.13.62.4
5	0	0	0	210	0	0	29750391	0	0	29750390	0	52.173.161.248
5	1	0	0	0	29775401	0	0	29775401	0	0	6848	2a10:4a00:9ddf:1005:37ff:d73a:6318:6bf8
5	1	0	0	1	29769261	0	29674964	29769261	0	29674964	4428	43.155.157.239
5	4	1	0	0	29767804	0	0	29767804	0	0	94012	59.115.138.130
5	1	1	0	3	29753641	0	29736025	29753641	0	29693058	6937	175.27.171.245
5	1	0	0	447	29747493	0	29747495	29747493	0	29747441	0	20.9.82.255
5	3	1	146	21	29698660	29698662	29698662	29698656	29698650	29698652	0	20.12.213.50
5	0	0	0	1	0	0	29675685	0	0	29675685	0	43.157.153.236
5	0	0	1	1	0	29674036	29726810	0	29674036	29726810	0	192.36.198.80
5	0	0	0	1	0	0	29675111	0	0	29675111	0	43.156.125.227
5	1	0	0	0	29775307	0	0	29775307	0	0	5151	2a11:c42:c6ec:12a3:8fc8:287b:1146:9585
5	0	0	0	1	0	0	29684663	0	0	29684663	0	135.148.195.15
5	0	0	1	1	0	29715817	29715817	0	29715817	29715817	0	88.99.102.212
5	4	1	137	21	29722539	29722540	29722539	29722528	29722525	29722528	0	20.63.42.26
5	0	0	0	1	0	0	29716451	0	0	29716451	0	135.148.195.12
5	1	0	0	0	29775388	0	0	29775388	0	0	5549	38.253.5.45
5	0	0	0	1	0	0	29679510	0	0	29679510	0	43.131.253.14
5	1	0	0	0	29775364	0	0	29775364	0	0	5672	2a13:f41:1c13:43f0:5135:f6fb:a2d2:a00c
5	1	0	0	0	29775366	0	0	29775366	0	0	5605	2a11:c43:de23:b545:ad13:77bc:7f8d:3e83
5	1	0	0	0	29775209	0	0	29775209	0	0	4442	2a10:7b00:e283:7288:23b:3c29:6488:998a
5	0	0	0	1	0	0	29677021	0	0	29677021	0	118.24.135.34
5	1	0	0	0	29775391	0	0	29775391	0	0	4429	95.18.82.239
5	0	0	0	2	0	0	29741336	0	0	29741314	0	188.40.248.120
5	1	1	0	0	29753298	0	0	29753298	0	0	6937	35.172.91.99
5	3	1	144	18	29673819	29673820	29673820	29673814	29673807	29673811	0	20.104.103.186
5	1	0	0	0	29775085	0	0	29775085	0	0	5683	179.1.158.59
5	1	1	0	1	29769281	0	29677602	29769281	0	29677602	6747	43.161.224.78
5	0	0	0	1	0	0	29694644	0	0	29694644	0	178.62.202.170
5	0	0	0	8	0	0	29680021	0	0	29675648	0	37.139.53.80
5	0	0	0	1	0	0	29682319	0	0	29682319	0	185.12.250.104
5	0	0	0	1	0	0	29716339	0	0	29716339	0	82.152.90.77
5	0	0	0	1	0	0	29763702	0	0	29763702	0	212.32.69.142
5	0	0	0	1	0	0	29758992	0	0	29758992	0	20.118.34.237
5	1	0	0	0	29678545	0	0	29678545	0	0	0	173.252.95.63
5	0	0	0	1	0	0	29676981	0	0	29676981	0	43.156.127.60
5	0	0	1	0	0	29687765	0	0	29687765	0	0	104.156.254.195
5	0	0	0	1	0	0	29674036	0	0	29674036	0	185.12.151.99
5	0	0	0	6	0	0	29720210	0	0	29720207	0	206.189.125.115
5	0	0	0	1	0	0	29724422	0	0	29724422	0	172.235.141.239
5	1	0	0	0	29775055	0	0	29775055	0	0	4435	37.237.125.216
5	0	0	0	1	0	0	29684663	0	0	29684663	0	135.148.195.9
5	0	0	0	2	0	0	29676143	0	0	29676143	0	34.252.183.101
5	0	0	0	1	0	0	29691807	0	0	29691807	0	5.231.64.225
5	0	0	1	0	0	29700279	0	0	29700279	0	0	116.76.194.117
5	1	1	0	5	29768214	0	29706054	29768214	0	29680067	6747	175.178.110.121
5	1	0	0	0	29775402	0	0	29775402	0	0	4433	190.6.33.39
5	0	0	4	1	0	29709467	29709467	0	29709467	29709467	0	128.90.128.19
5	0	0	0	1	0	0	29716451	0	0	29716451	0	135.148.195.1
5	2	1	0	0	29772955	0	0	29772955	0	0	6877	17.241.75.65
z	0	1153	35	29774020	0
z	1	5	4	29679064	10
z	2	24	0	29694173	1904
z	3	57	0	29775547	9535
z	4	447	200	29775411	2615373
z	5	84	9	29774602	2579299
z	7	4	0	29769869	28440652
c	200	1767	29775547
c	206	5	29758377
c	301	7202	29743238
c	302	41	29722540
c	303	10	29768844
c	304	2	29774020
c	403	1264	29768844
c	404	2819	29774905
c	405	26	29754746
c	409	1	29678114
c	500	30	29765473
